#usda 1.0
(
    defaultPrim = "World"
)

def Xform "World" {

    def Scope "Looks" (
        references = @Map_Looks.usda@</Looks>
    )
    {
    }

    def Mesh "Untitled__1_" (
        prepend apiSchemas = ["PhysicsCollisionAPI", "PhysicsMeshCollisionAPI"]
    )
    {
        uniform float3[] extent = [
            (-3.029936, -7.98757, -2.499696),
            (-2.357174, -7.408879, -1.840477)
        ]
        point3f[] points = [
            (-2.976884, -7.942742, -1.884463),
            (-3.009263, -7.942742, -1.884273),
            (-3.014074, -7.942742, -1.884273),
            (-2.976884, -7.942742, -1.884463),
            (-3.014074, -7.942742, -1.884273),
            (-2.97262, -7.942742, -1.884463),
            (-2.967659, -7.444851, -2.198886),
            (-2.967659, -7.444252, -2.445606),
            (-2.390483, -7.444252, -2.445606),
            (-2.390483, -7.444851, -2.198886),
            (-2.967659, -7.444252, -1.952165),
            (-2.390483, -7.444252, -1.952166),
            (-2.390483, -7.947801, -2.445606),
            (-2.967659, -7.947801, -2.445606),
            (-2.967659, -7.947202, -2.198886),
            (-2.390483, -7.947202, -2.198886),
            (-2.390483, -7.947801, -1.952166),
            (-2.967659, -7.947801, -1.952165),
            (-2.390483, -7.696026, -1.947711),
            (-2.390483, -7.947801, -1.952166),
            (-2.967659, -7.947801, -1.952165),
            (-2.967659, -7.696026, -1.947711),
            (-2.390483, -7.444252, -1.952166),
            (-2.967659, -7.444252, -1.952165),
            (-3.018559, -7.947801, -1.952165),
            (-2.967659, -7.947801, -1.952165),
            (-2.967659, -7.947202, -2.198886),
            (-3.018559, -7.947202, -2.198886),
            (-3.029936, -7.941924, -2.198886),
            (-3.029936, -7.942632, -1.957232),
            (-3.029936, -7.926133, -2.198886),
            (-3.029936, -7.926447, -1.973097),
            (-3.008088, -7.916522, -1.982826),
            (-3.01856, -7.947801, -2.445606),
            (-2.967659, -7.947801, -2.445606),
            (-3.029936, -7.942632, -2.44054),
            (-3.029936, -7.926447, -2.424675),
            (-3.008088, -7.916522, -2.414945),
            (-3.008088, -7.915997, -2.198886),
            (-2.967762, -7.916522, -2.414945),
            (-2.967762, -7.915997, -2.198886),
            (-2.967761, -7.916522, -1.982826),
            (-2.855699, -7.697428, -2.198376),
            (-2.855699, -7.697517, -2.198886),
            (-2.858738, -7.697517, -2.198886),
            (-2.858738, -7.697428, -2.198376),
            (-2.858738, -7.697169, -2.197927),
            (-2.855699, -7.697169, -2.197927),
            (-2.855699, -7.696772, -2.197594),
            (-2.858738, -7.696772, -2.197594),
            (-2.855699, -7.696285, -2.197417),
            (-2.858738, -7.696285, -2.197417),
            (-2.855699, -7.695767, -2.197417),
            (-2.858738, -7.695767, -2.197417),
            (-2.855699, -7.695281, -2.197594),
            (-2.858738, -7.695281, -2.197594),
            (-2.855699, -7.694884, -2.197927),
            (-2.858738, -7.694884, -2.197927),
            (-2.855699, -7.694625, -2.198376),
            (-2.858738, -7.694625, -2.198376),
            (-2.855699, -7.694535, -2.198886),
            (-2.858738, -7.694535, -2.198886),
            (-2.855699, -7.694625, -2.199396),
            (-2.858738, -7.694625, -2.199396),
            (-2.855699, -7.694884, -2.199845),
            (-2.858738, -7.694884, -2.199845),
            (-2.855699, -7.695281, -2.200177),
            (-2.858738, -7.695281, -2.200177),
            (-2.855699, -7.695767, -2.200355),
            (-2.858738, -7.695767, -2.200355),
            (-2.855699, -7.696285, -2.200355),
            (-2.858738, -7.696285, -2.200355),
            (-2.855699, -7.696772, -2.200177),
            (-2.858738, -7.696772, -2.200177),
            (-2.855699, -7.697169, -2.199845),
            (-2.858738, -7.697169, -2.199845),
            (-2.855699, -7.697428, -2.199396),
            (-2.858738, -7.697428, -2.199396),
            (-2.855699, -7.697517, -2.198886),
            (-2.858738, -7.697517, -2.198886),
            (-2.866245, -7.696245, -2.199265),
            (-2.866245, -7.696102, -2.199317),
            (-2.8683, -7.696102, -2.199317),
            (-2.8683, -7.696245, -2.199265),
            (-2.866245, -7.696362, -2.199167),
            (-2.8683, -7.696362, -2.199167),
            (-2.866245, -7.696438, -2.199036),
            (-2.8683, -7.696438, -2.199036),
            (-2.866245, -7.696464, -2.198886),
            (-2.8683, -7.696464, -2.198886),
            (-2.866245, -7.696438, -2.198736),
            (-2.8683, -7.696438, -2.198736),
            (-2.866245, -7.696362, -2.198605),
            (-2.8683, -7.696362, -2.198605),
            (-2.866245, -7.696245, -2.198507),
            (-2.8683, -7.696245, -2.198507),
            (-2.866245, -7.696102, -2.198455),
            (-2.8683, -7.696102, -2.198455),
            (-2.866245, -7.695951, -2.198455),
            (-2.8683, -7.695951, -2.198455),
            (-2.866245, -7.695807, -2.198507),
            (-2.8683, -7.695807, -2.198507),
            (-2.866245, -7.695691, -2.198605),
            (-2.8683, -7.695691, -2.198605),
            (-2.866245, -7.695615, -2.198736),
            (-2.8683, -7.695615, -2.198736),
            (-2.866245, -7.695589, -2.198886),
            (-2.8683, -7.695589, -2.198886),
            (-2.866245, -7.695615, -2.199036),
            (-2.8683, -7.695615, -2.199036),
            (-2.866245, -7.695691, -2.199167),
            (-2.8683, -7.695691, -2.199167),
            (-2.866245, -7.695807, -2.199265),
            (-2.8683, -7.695807, -2.199265),
            (-2.866245, -7.695951, -2.199317),
            (-2.8683, -7.695951, -2.199317),
            (-2.866245, -7.696102, -2.199317),
            (-2.8683, -7.696102, -2.199317),
            (-3.018559, -7.444252, -2.445606),
            (-2.967659, -7.444252, -2.445606),
            (-2.967659, -7.444851, -2.198886),
            (-3.018559, -7.444851, -2.198886),
            (-3.029936, -7.45013, -2.198886),
            (-3.029936, -7.449422, -2.440541),
            (-3.029936, -7.465936, -2.198886),
            (-3.029936, -7.465621, -2.424673),
            (-3.008088, -7.475551, -2.414945),
            (-3.018559, -7.444252, -1.952165),
            (-2.967659, -7.444252, -1.952165),
            (-3.029936, -7.449422, -1.957231),
            (-3.029936, -7.465621, -1.973099),
            (-3.008088, -7.475551, -1.982826),
            (-3.008088, -7.476075, -2.198886),
            (-2.967762, -7.475551, -2.414945),
            (-2.967761, -7.475551, -1.982826),
            (-2.967761, -7.476075, -2.198886),
            (-2.967659, -7.696026, -1.947711),
            (-2.967659, -7.947801, -1.952165),
            (-3.018559, -7.947801, -1.952165),
            (-3.018559, -7.696026, -1.947711),
            (-2.967659, -7.444252, -1.952165),
            (-3.018559, -7.444252, -1.952165),
            (-3.029936, -7.942632, -1.957232),
            (-3.029936, -7.696028, -1.952989),
            (-3.029936, -7.449422, -1.957231),
            (-3.029936, -7.696033, -1.968787),
            (-3.029936, -7.926447, -1.973097),
            (-3.029936, -7.465621, -1.973099),
            (-3.008088, -7.916522, -1.982826),
            (-3.008088, -7.696036, -1.978925),
            (-3.008088, -7.475551, -1.982826),
            (-2.967761, -7.916522, -1.982826),
            (-2.967761, -7.475551, -1.982826),
            (-2.967761, -7.696036, -1.978925),
            (-3.018559, -7.697859, -2.450061),
            (-3.018559, -7.444252, -2.445606),
            (-3.029936, -7.449422, -2.440541),
            (-3.029936, -7.697822, -2.444782),
            (-3.01856, -7.947801, -2.445606),
            (-3.029936, -7.465621, -2.424673),
            (-3.029936, -7.942632, -2.44054),
            (-3.029936, -7.697711, -2.428984),
            (-3.008088, -7.475551, -2.414945),
            (-3.029936, -7.926447, -2.424675),
            (-3.008088, -7.697641, -2.418847),
            (-2.967762, -7.475551, -2.414945),
            (-3.008088, -7.916522, -2.414945),
            (-2.967762, -7.697641, -2.418847),
            (-2.967762, -7.916522, -2.414945),
            (-2.967659, -7.458848, -1.937943),
            (-2.967659, -7.458848, -1.88665),
            (-2.927558, -7.458848, -1.937943),
            (-2.490147, -7.458848, -1.88665),
            (-2.417466, -7.458848, -1.937943),
            (-2.459349, -7.458848, -1.889161),
            (-2.431566, -7.458848, -1.896446),
            (-2.409517, -7.458848, -1.907794),
            (-2.395361, -7.458848, -1.922093),
            (-2.390483, -7.458848, -1.937943),
            (-2.967659, -7.444252, -1.938201),
            (-3.018559, -7.444252, -1.938201),
            (-3.018559, -7.425989, -1.938201),
            (-2.967659, -7.425989, -1.938201),
            (-2.390483, -7.444252, -1.938201),
            (-2.390483, -7.425989, -1.938201),
            (-2.967659, -7.947801, -1.938201),
            (-2.390483, -7.947801, -1.938201),
            (-2.390483, -7.966063, -1.938201),
            (-2.967659, -7.966063, -1.938201),
            (-3.018559, -7.947801, -1.938201),
            (-3.018559, -7.966063, -1.938201),
            (-2.390483, -7.458848, -1.949565),
            (-2.390483, -7.468396, -1.949396),
            (-2.390483, -7.468396, -1.937774),
            (-2.390483, -7.458848, -1.937943),
            (-2.390483, -7.444252, -1.949823),
            (-2.390483, -7.444252, -1.938201),
            (-2.390483, -7.425989, -1.938201),
            (-2.390483, -7.425989, -1.949823),
            (-2.390483, -7.425989, -1.974974),
            (-2.390483, -7.444252, -1.974974),
            (-2.967659, -7.947801, -1.938201),
            (-3.018559, -7.947801, -1.938201),
            (-3.018559, -7.947801, -1.88661),
            (-2.967659, -7.947801, -1.886908),
            (-2.490147, -7.947801, -1.886908),
            (-2.390483, -7.947801, -1.938201),
            (-2.459349, -7.947801, -1.889419),
            (-2.431566, -7.947801, -1.896704),
            (-2.409517, -7.947801, -1.908052),
            (-2.395361, -7.947801, -1.922351),
            (-2.413189, -7.468396, -1.949396),
            (-2.390483, -7.468396, -1.949396),
            (-2.390483, -7.458848, -1.949565),
            (-2.41303, -7.458848, -1.949565),
            (-2.390483, -7.444252, -1.949823),
            (-2.967659, -7.444252, -1.949823),
            (-2.967659, -7.458848, -1.949565),
            (-3.018559, -7.458848, -1.949565),
            (-3.018559, -7.444252, -1.949823),
            (-3.018559, -7.468396, -1.949396),
            (-2.967659, -7.468396, -1.949396),
            (-3.018559, -7.507521, -1.948704),
            (-2.967659, -7.507521, -1.948704),
            (-2.413189, -7.507521, -1.948704),
            (-3.018559, -7.601773, -1.947036),
            (-2.967659, -7.601773, -1.947036),
            (-2.413189, -7.601773, -1.947036),
            (-3.018559, -7.696026, -1.945368),
            (-2.967659, -7.696026, -1.945368),
            (-2.413189, -7.696026, -1.945368),
            (-3.018559, -7.791462, -1.947057),
            (-2.967659, -7.791462, -1.947057),
            (-2.413189, -7.791462, -1.947057),
            (-3.018559, -7.886898, -1.948745),
            (-2.967659, -7.886898, -1.948745),
            (-2.413189, -7.886898, -1.948745),
            (-3.018559, -7.929021, -1.949491),
            (-2.967659, -7.929021, -1.949491),
            (-2.413189, -7.929021, -1.949491),
            (-3.018559, -7.933307, -1.949566),
            (-2.413844, -7.933307, -1.949566),
            (-2.390483, -7.929021, -1.949491),
            (-2.390483, -7.933307, -1.949566),
            (-2.390483, -7.947801, -1.949823),
            (-2.967659, -7.947801, -1.949823),
            (-2.967659, -7.933307, -1.949566),
            (-3.018559, -7.947801, -1.949823),
            (-2.414361, -7.933307, -1.937945),
            (-2.390483, -7.933307, -1.937945),
            (-2.395361, -7.933307, -1.922094),
            (-2.409517, -7.933307, -1.907796),
            (-2.431566, -7.933307, -1.896448),
            (-2.459349, -7.933307, -1.889162),
            (-2.490147, -7.933307, -1.886652),
            (-2.927558, -7.933307, -1.937945),
            (-2.967659, -7.933307, -1.886652),
            (-2.967659, -7.933307, -1.937945),
            (-2.967659, -7.507521, -1.937082),
            (-3.018559, -7.507521, -1.937082),
            (-3.018559, -7.507521, -1.88549),
            (-2.967659, -7.507521, -1.88549),
            (-3.009299, -7.44931, -1.886575),
            (-2.976919, -7.44931, -1.886765),
            (-2.976884, -7.44931, -1.884463),
            (-3.009263, -7.44931, -1.884273),
            (-3.009299, -7.458848, -1.886403),
            (-3.009299, -7.44931, -1.886575),
            (-3.009263, -7.44931, -1.884273),
            (-3.009263, -7.458848, -1.884101),
            (-3.009298, -7.468397, -1.886218),
            (-3.009263, -7.468397, -1.883916),
            (-3.009298, -7.502463, -1.885617),
            (-3.009263, -7.502463, -1.883315),
            (-3.018559, -7.886898, -1.937124),
            (-2.967659, -7.886898, -1.937124),
            (-2.967659, -7.886898, -1.885532),
            (-3.018559, -7.886898, -1.885532),
            (-3.018559, -7.458848, -1.937943),
            (-3.018559, -7.444252, -1.938201),
            (-3.018559, -7.444252, -1.88661),
            (-3.018559, -7.458848, -1.886352),
            (-3.018559, -7.468396, -1.937774),
            (-3.018559, -7.468396, -1.886183),
            (-3.018559, -7.507521, -1.937082),
            (-3.018559, -7.507521, -1.88549),
            (-2.927558, -7.468396, -1.937774),
            (-2.967659, -7.468396, -1.937774),
            (-2.967659, -7.458848, -1.937943),
            (-2.927558, -7.458848, -1.937943),
            (-2.417466, -7.458848, -1.937943),
            (-2.413189, -7.468396, -1.937774),
            (-2.390483, -7.458848, -1.937943),
            (-2.390483, -7.468396, -1.937774),
            (-2.413189, -7.507521, -1.937082),
            (-2.927558, -7.507521, -1.937082),
            (-2.413189, -7.601773, -1.935414),
            (-2.927558, -7.601773, -1.935414),
            (-2.413189, -7.696026, -1.933746),
            (-2.927558, -7.696026, -1.933746),
            (-2.413189, -7.791462, -1.935435),
            (-2.927558, -7.791462, -1.935435),
            (-2.413189, -7.886898, -1.937124),
            (-2.927558, -7.886898, -1.937124),
            (-2.413189, -7.929021, -1.937869),
            (-2.927558, -7.929021, -1.937869),
            (-2.927558, -7.933307, -1.937945),
            (-2.967659, -7.933307, -1.937945),
            (-2.967659, -7.929021, -1.937869),
            (-2.414361, -7.933307, -1.937945),
            (-2.390483, -7.929021, -1.937869),
            (-2.390483, -7.933307, -1.937945),
            (-2.967659, -7.458848, -1.937943),
            (-2.967659, -7.468396, -1.937774),
            (-2.967659, -7.468396, -1.886423),
            (-2.967659, -7.458848, -1.88665),
            (-2.967659, -7.929021, -1.937869),
            (-2.967659, -7.929021, -1.886549),
            (-2.92707, -7.929021, -1.886549),
            (-2.927558, -7.929021, -1.937869),
            (-2.976919, -7.933308, -1.886599),
            (-2.976919, -7.942742, -1.886765),
            (-2.976884, -7.942742, -1.884463),
            (-2.976884, -7.933308, -1.884297),
            (-2.97692, -7.929022, -1.88651),
            (-2.976884, -7.929022, -1.884208),
            (-2.97692, -7.891956, -1.885614),
            (-2.976884, -7.891957, -1.883312),
            (-2.967659, -7.929021, -1.937869),
            (-2.967659, -7.933307, -1.937945),
            (-2.967659, -7.933307, -1.886652),
            (-2.967659, -7.929021, -1.886549),
            (-3.018559, -7.929021, -1.937869),
            (-3.018559, -7.886898, -1.937124),
            (-3.018559, -7.886898, -1.885532),
            (-3.018559, -7.929021, -1.886278),
            (-3.018559, -7.933307, -1.937945),
            (-3.018559, -7.933307, -1.886353),
            (-3.018559, -7.947801, -1.938201),
            (-3.018559, -7.947801, -1.88661),
            (-2.976919, -7.502462, -1.885574),
            (-3.009298, -7.502463, -1.885617),
            (-3.009263, -7.502463, -1.883315),
            (-2.976884, -7.502462, -1.883272),
            (-2.927558, -7.886898, -1.937124),
            (-2.927558, -7.929021, -1.937869),
            (-2.92707, -7.929021, -1.886549),
            (-2.92707, -7.886898, -1.885532),
            (-2.927558, -7.791462, -1.935435),
            (-2.927356, -7.791707, -1.886249),
            (-2.92707, -7.848502, -1.857544),
            (-2.92707, -7.831968, -1.848296),
            (-2.92707, -7.812714, -1.842482),
            (-2.92707, -7.792052, -1.840497),
            (-2.92707, -7.771389, -1.842479),
            (-2.92707, -7.752134, -1.84829),
            (-2.92707, -7.7356, -1.857536),
            (-2.92707, -7.697209, -1.885512),
            (-2.927558, -7.696026, -1.933746),
            (-2.92707, -7.658813, -1.857523),
            (-2.927356, -7.602018, -1.886228),
            (-2.92707, -7.64228, -1.848275),
            (-2.92707, -7.623025, -1.842461),
            (-2.92707, -7.602363, -1.840477),
            (-2.92707, -7.5817, -1.842458),
            (-2.92707, -7.562446, -1.848269),
            (-2.92707, -7.545911, -1.857515),
            (-2.927558, -7.601773, -1.935414),
            (-2.92707, -7.507521, -1.88549),
            (-2.927558, -7.507521, -1.937082),
            (-2.927558, -7.468396, -1.937774),
            (-2.92707, -7.468396, -1.886423),
            (-2.967659, -7.507521, -1.88549),
            (-2.967659, -7.468396, -1.886423),
            (-2.92707, -7.468396, -1.886423),
            (-2.92707, -7.507521, -1.88549),
            (-2.967659, -7.545911, -1.857515),
            (-2.92707, -7.545911, -1.857515),
            (-2.92707, -7.562446, -1.848269),
            (-2.967659, -7.562446, -1.848269),
            (-2.92707, -7.5817, -1.842458),
            (-2.967659, -7.5817, -1.842458),
            (-2.92707, -7.602363, -1.840477),
            (-2.967659, -7.602363, -1.840477),
            (-2.92707, -7.623025, -1.842461),
            (-2.967659, -7.623025, -1.842461),
            (-2.92707, -7.64228, -1.848275),
            (-2.967659, -7.64228, -1.848275),
            (-2.92707, -7.658813, -1.857523),
            (-2.967659, -7.658813, -1.857523),
            (-2.967659, -7.697209, -1.885512),
            (-2.92707, -7.697209, -1.885512),
            (-2.967659, -7.468396, -1.886423),
            (-2.967659, -7.468396, -1.937774),
            (-2.927558, -7.468396, -1.937774),
            (-2.92707, -7.468396, -1.886423),
            (-2.390483, -7.929021, -1.949491),
            (-2.390483, -7.929021, -1.937869),
            (-2.413189, -7.929021, -1.937869),
            (-2.413189, -7.929021, -1.949491),
            (-2.967659, -7.791462, -1.935435),
            (-2.967659, -7.886898, -1.937124),
            (-3.018559, -7.886898, -1.937124),
            (-3.018559, -7.791462, -1.935435),
            (-2.967659, -7.788881, -1.935389),
            (-3.018559, -7.696026, -1.933746),
            (-2.967659, -7.696026, -1.933746),
            (-2.967659, -7.601773, -1.935414),
            (-3.018559, -7.601773, -1.935414),
            (-2.967659, -7.507521, -1.937082),
            (-3.018559, -7.507521, -1.937082),
            (-2.390483, -7.468396, -1.937774),
            (-2.390483, -7.468396, -1.949396),
            (-2.413189, -7.468396, -1.949396),
            (-2.413189, -7.468396, -1.937774),
            (-2.967659, -7.7356, -1.857536),
            (-2.967659, -7.697209, -1.885512),
            (-2.92707, -7.697209, -1.885512),
            (-2.92707, -7.7356, -1.857536),
            (-2.92707, -7.752134, -1.84829),
            (-2.967659, -7.752134, -1.84829),
            (-2.92707, -7.771389, -1.842479),
            (-2.967659, -7.771389, -1.842479),
            (-2.92707, -7.792052, -1.840497),
            (-2.967659, -7.792052, -1.840497),
            (-2.92707, -7.812714, -1.842482),
            (-2.967659, -7.812714, -1.842482),
            (-2.92707, -7.831968, -1.848296),
            (-2.967659, -7.831968, -1.848296),
            (-2.92707, -7.848502, -1.857544),
            (-2.967659, -7.848502, -1.857544),
            (-2.967659, -7.886898, -1.885532),
            (-2.92707, -7.886898, -1.885532),
            (-2.967659, -7.929021, -1.886549),
            (-2.92707, -7.929021, -1.886549),
            (-2.994845, -7.668731, -1.862112),
            (-2.994845, -7.668731, -1.934161),
            (-2.968521, -7.667467, -1.934161),
            (-2.968521, -7.667467, -1.862112),
            (-2.968521, -7.667467, -1.862112),
            (-2.968521, -7.667467, -1.934161),
            (-2.968521, -7.725769, -1.934161),
            (-2.968521, -7.725769, -1.862112),
            (-2.968521, -7.725769, -1.862112),
            (-2.968521, -7.725769, -1.934161),
            (-2.994845, -7.724504, -1.934161),
            (-2.994845, -7.724504, -1.862112),
            (-2.994845, -7.724504, -1.862112),
            (-2.994845, -7.724504, -1.934161),
            (-2.994845, -7.668731, -1.934161),
            (-2.994845, -7.668731, -1.862112),
            (-2.968521, -7.667467, -1.862112),
            (-2.968521, -7.725769, -1.862112),
            (-2.994845, -7.724504, -1.862112),
            (-2.994845, -7.668731, -1.862112),
            (-2.973164, -7.444583, -1.884556),
            (-2.976884, -7.44931, -1.884463),
            (-2.973162, -7.44931, -1.884463),
            (-3.009263, -7.44931, -1.884273),
            (-3.018354, -7.444583, -1.884366),
            (-3.018352, -7.44931, -1.884273),
            (-3.009263, -7.458848, -1.884101),
            (-3.009263, -7.44931, -1.884273),
            (-3.018352, -7.44931, -1.884273),
            (-3.018352, -7.458848, -1.884101),
            (-3.009263, -7.468397, -1.883916),
            (-3.018352, -7.468397, -1.883916),
            (-3.009263, -7.502463, -1.883315),
            (-3.018352, -7.502463, -1.883315),
            (-3.009298, -7.891955, -1.885663),
            (-2.97692, -7.891956, -1.885614),
            (-2.976884, -7.891957, -1.883312),
            (-3.009263, -7.891956, -1.883361),
            (-2.976919, -7.468395, -1.886387),
            (-2.976919, -7.502462, -1.885574),
            (-2.976884, -7.502462, -1.883272),
            (-2.976884, -7.468395, -1.884085),
            (-2.976919, -7.458846, -1.886598),
            (-2.976884, -7.458847, -1.884297),
            (-2.976919, -7.44931, -1.886765),
            (-2.976884, -7.44931, -1.884463),
            (-2.976919, -7.942742, -1.886765),
            (-3.009299, -7.942742, -1.886575),
            (-3.009263, -7.942742, -1.884273),
            (-2.976884, -7.942742, -1.884463),
            (-3.009298, -7.92902, -1.886316),
            (-3.009298, -7.891955, -1.885663),
            (-3.009263, -7.891956, -1.883361),
            (-3.009263, -7.92902, -1.884014),
            (-3.009299, -7.933306, -1.886407),
            (-3.009263, -7.933306, -1.884105),
            (-3.009299, -7.942742, -1.886575),
            (-3.009263, -7.942742, -1.884273),
            (-2.976884, -7.468395, -1.884085),
            (-2.976884, -7.502462, -1.883272),
            (-2.973162, -7.502462, -1.883272),
            (-2.973162, -7.468395, -1.884085),
            (-2.976884, -7.458847, -1.884297),
            (-2.973162, -7.458847, -1.884297),
            (-2.976884, -7.44931, -1.884463),
            (-2.973162, -7.44931, -1.884463),
            (-3.009263, -7.92902, -1.884014),
            (-3.009263, -7.891956, -1.883361),
            (-3.014074, -7.891956, -1.883361),
            (-3.014074, -7.92902, -1.884014),
            (-3.009263, -7.933306, -1.884105),
            (-3.014074, -7.933306, -1.884105),
            (-3.009263, -7.942742, -1.884273),
            (-3.014074, -7.942742, -1.884273),
            (-2.976884, -7.933308, -1.884297),
            (-2.976884, -7.942742, -1.884463),
            (-2.97262, -7.942742, -1.884463),
            (-2.97262, -7.933308, -1.884297),
            (-2.976884, -7.929022, -1.884208),
            (-2.97262, -7.929022, -1.884208),
            (-2.976884, -7.891957, -1.883312),
            (-2.97262, -7.891957, -1.883312),
            (-3.018354, -7.444583, -1.884366),
            (-2.973164, -7.444583, -1.884556),
            (-2.973013, -7.444386, -1.874578),
            (-3.018203, -7.444386, -1.874388),
            (-2.973162, -7.506341, -1.883195),
            (-3.018352, -7.506342, -1.883239),
            (-3.018201, -7.506145, -1.873261),
            (-2.973012, -7.506144, -1.873217),
            (-2.97262, -7.945377, -1.884515),
            (-3.014075, -7.945377, -1.884325),
            (-3.013918, -7.945575, -1.874347),
            (-2.972463, -7.945575, -1.874537),
            (-2.97262, -7.945377, -1.884515),
            (-2.97262, -7.942742, -1.884463),
            (-3.014074, -7.942742, -1.884273),
            (-3.014075, -7.945377, -1.884325),
            (-3.014074, -7.888784, -1.883298),
            (-2.97262, -7.888786, -1.883249),
            (-2.972463, -7.888984, -1.873271),
            (-3.013916, -7.888983, -1.87332),
            (-2.967659, -7.444252, -1.974974),
            (-2.390483, -7.444252, -1.974974),
            (-2.390483, -7.425989, -1.974974),
            (-2.967659, -7.425989, -1.974974),
            (-3.018559, -7.444252, -1.974974),
            (-3.018559, -7.425989, -1.974974),
            (-2.967659, -7.947801, -1.974974),
            (-3.018559, -7.947801, -1.974974),
            (-3.018559, -7.966063, -1.974974),
            (-2.967659, -7.966063, -1.974974),
            (-2.390483, -7.947801, -1.974974),
            (-2.390483, -7.966063, -1.974974),
            (-2.967659, -7.444252, -1.949823),
            (-2.390483, -7.444252, -1.949823),
            (-2.390483, -7.444252, -1.974974),
            (-2.967659, -7.444252, -1.974974),
            (-3.018559, -7.444252, -1.949823),
            (-3.018559, -7.444252, -1.974974),
            (-2.967659, -7.947801, -1.949823),
            (-3.018559, -7.947801, -1.949823),
            (-3.018559, -7.947801, -1.974974),
            (-2.967659, -7.947801, -1.974974),
            (-2.390483, -7.947801, -1.949823),
            (-2.390483, -7.947801, -1.974974),
            (-2.413189, -7.886898, -1.948745),
            (-2.413189, -7.929021, -1.949491),
            (-2.413189, -7.929021, -1.937869),
            (-2.413189, -7.886898, -1.937124),
            (-2.413189, -7.791462, -1.947057),
            (-2.413189, -7.791462, -1.935435),
            (-2.413189, -7.696026, -1.945368),
            (-2.413189, -7.696026, -1.933746),
            (-2.413189, -7.601773, -1.947036),
            (-2.413189, -7.601773, -1.935414),
            (-2.413189, -7.507521, -1.948704),
            (-2.413189, -7.507521, -1.937082),
            (-2.413189, -7.468396, -1.949396),
            (-2.413189, -7.468396, -1.937774),
            (-2.967659, -7.45503, -2.445796),
            (-2.998826, -7.45503, -2.445796),
            (-2.998826, -7.455034, -2.472908),
            (-2.967659, -7.455034, -2.472908),
            (-2.410217, -7.45503, -2.445796),
            (-2.410217, -7.455034, -2.472908),
            (-2.410217, -7.697859, -2.450061),
            (-2.410217, -7.45503, -2.445796),
            (-2.410217, -7.455034, -2.472908),
            (-2.410217, -7.697862, -2.472908),
            (-2.410217, -7.937022, -2.445798),
            (-2.410217, -7.937025, -2.472908),
            (-2.967659, -7.937022, -2.445798),
            (-2.410217, -7.937022, -2.445798),
            (-2.410217, -7.937025, -2.472908),
            (-2.967659, -7.937025, -2.472908),
            (-2.998826, -7.937022, -2.445798),
            (-2.998826, -7.937025, -2.472908),
            (-2.967659, -7.455034, -2.472908),
            (-2.998826, -7.455034, -2.472908),
            (-3.019094, -7.424903, -2.472908),
            (-2.984046, -7.424903, -2.472908),
            (-2.410217, -7.455034, -2.472908),
            (-3.019094, -7.408879, -2.480184),
            (-2.357174, -7.424904, -2.472909),
            (-2.984046, -7.408879, -2.480184),
            (-2.357174, -7.408879, -2.480184),
            (-2.410217, -7.697862, -2.472908),
            (-2.410217, -7.455034, -2.472908),
            (-2.357174, -7.424904, -2.472909),
            (-2.357174, -7.697977, -2.472909),
            (-2.410217, -7.937025, -2.472908),
            (-2.357174, -7.966927, -2.472909),
            (-2.967659, -7.937025, -2.472908),
            (-2.410217, -7.937025, -2.472908),
            (-2.357174, -7.966927, -2.472909),
            (-2.984046, -7.966927, -2.472908),
            (-2.998826, -7.937025, -2.472908),
            (-2.357174, -7.98757, -2.482981),
            (-3.019095, -7.966927, -2.472908),
            (-2.984046, -7.98757, -2.482981),
            (-3.019095, -7.98757, -2.482981),
            (-2.998826, -7.697862, -2.472908),
            (-2.998826, -7.937025, -2.472908),
            (-3.019095, -7.966927, -2.472908),
            (-3.019095, -7.697977, -2.472908),
            (-2.998826, -7.455034, -2.472908),
            (-3.019094, -7.424903, -2.472908),
            (-2.998826, -7.697859, -2.450061),
            (-2.998826, -7.937022, -2.445798),
            (-2.998826, -7.937025, -2.472908),
            (-2.998826, -7.697862, -2.472908),
            (-2.998826, -7.45503, -2.445796),
            (-2.998826, -7.455034, -2.472908),
            (-2.984046, -7.98757, -2.482981),
            (-2.357174, -7.98757, -2.482981),
            (-2.357174, -7.98757, -2.499696),
            (-2.984046, -7.98757, -2.499696),
            (-3.019095, -7.98757, -2.482981),
            (-3.019095, -7.98757, -2.499696),
            (-2.984046, -7.408879, -2.480184),
            (-3.019094, -7.408879, -2.480184),
            (-3.019095, -7.408879, -2.499696),
            (-2.984046, -7.408879, -2.499696),
            (-2.357174, -7.408879, -2.480184),
            (-2.357174, -7.408879, -2.499696),
            (-2.388302, -7.445128, -1.953024),
            (-2.390483, -7.696026, -1.947711),
            (-2.390483, -7.444252, -1.952166),
            (-2.388302, -7.696026, -1.948902),
            (-2.388302, -7.446043, -2.198886),
            (-2.390483, -7.947801, -1.952166),
            (-2.390483, -7.444252, -1.952166),
            (-2.390483, -7.444851, -2.198886),
            (-2.388302, -7.946924, -1.953024),
            (-2.390483, -7.444252, -2.445606),
            (-2.388302, -7.696942, -2.198886),
            (-2.388302, -7.94601, -2.198886),
            (-2.390483, -7.947801, -1.952166),
            (-2.390483, -7.947202, -2.198886),
            (-2.390483, -7.947801, -2.445606),
            (-2.388302, -7.946924, -2.444747),
            (-2.390483, -7.697859, -2.450061),
            (-2.388302, -7.697858, -2.44887),
            (-2.388302, -7.445128, -2.444747),
            (-3.018559, -7.444252, -1.938201),
            (-3.018559, -7.425989, -1.949823),
            (-3.018559, -7.425989, -1.938201),
            (-3.018559, -7.444252, -1.949823),
            (-3.018559, -7.444252, -1.974974),
            (-3.018559, -7.425989, -1.974974),
            (-3.018559, -7.458848, -1.949565),
            (-3.018559, -7.458848, -1.937943),
            (-3.018559, -7.468396, -1.949396),
            (-3.018559, -7.468396, -1.937774),
            (-3.018559, -7.507521, -1.948704),
            (-3.018559, -7.507521, -1.937082),
            (-3.018559, -7.601773, -1.947036),
            (-3.018559, -7.601773, -1.935414),
            (-3.018559, -7.696026, -1.945368),
            (-3.018559, -7.696026, -1.933746),
            (-3.018559, -7.791462, -1.947057),
            (-3.018559, -7.791462, -1.935435),
            (-3.018559, -7.886898, -1.948745),
            (-3.018559, -7.886898, -1.937124),
            (-3.018559, -7.929021, -1.949491),
            (-3.018559, -7.929021, -1.937869),
            (-3.018559, -7.933307, -1.949566),
            (-3.018559, -7.933307, -1.937945),
            (-3.018559, -7.947801, -1.949823),
            (-3.018559, -7.947801, -1.938201),
            (-3.018559, -7.966063, -1.938201),
            (-3.018559, -7.966063, -1.949823),
            (-3.018559, -7.966063, -1.974974),
            (-3.018559, -7.947801, -1.974974),
            (-3.018559, -7.425989, -1.949823),
            (-2.967659, -7.425989, -1.938201),
            (-3.018559, -7.425989, -1.938201),
            (-2.967659, -7.425989, -1.949823),
            (-3.018559, -7.425989, -1.974974),
            (-2.390483, -7.425989, -1.938201),
            (-2.967659, -7.425989, -1.974974),
            (-2.390483, -7.425989, -1.949823),
            (-2.390483, -7.425989, -1.974974),
            (-2.390483, -7.966063, -1.949823),
            (-2.967659, -7.966063, -1.938201),
            (-2.390483, -7.966063, -1.938201),
            (-2.967659, -7.966063, -1.949823),
            (-2.390483, -7.966063, -1.974974),
            (-3.018559, -7.966063, -1.938201),
            (-2.967659, -7.966063, -1.974974),
            (-3.018559, -7.966063, -1.949823),
            (-3.018559, -7.966063, -1.974974),
            (-2.390483, -7.947801, -1.938201),
            (-2.390483, -7.966063, -1.949823),
            (-2.390483, -7.966063, -1.938201),
            (-2.390483, -7.947801, -1.949823),
            (-2.390483, -7.947801, -1.974974),
            (-2.390483, -7.966063, -1.974974),
            (-2.390483, -7.933307, -1.949566),
            (-2.390483, -7.933307, -1.937945),
            (-2.390483, -7.929021, -1.949491),
            (-2.390483, -7.929021, -1.937869),
            (-2.395361, -7.444252, -1.922351),
            (-2.409517, -7.444252, -1.908052),
            (-2.390483, -7.444252, -1.938201),
            (-2.431566, -7.444252, -1.896704),
            (-2.459349, -7.444252, -1.889419),
            (-2.490147, -7.444252, -1.886908),
            (-2.967659, -7.444252, -1.938201),
            (-2.967659, -7.444252, -1.886908),
            (-3.018559, -7.444252, -1.938201),
            (-3.018559, -7.444252, -1.88661),
            (-2.490147, -7.444252, -1.886908),
            (-2.967659, -7.458848, -1.88665),
            (-2.967659, -7.444252, -1.886908),
            (-2.490147, -7.458848, -1.88665),
            (-2.459349, -7.444252, -1.889419),
            (-2.459349, -7.458848, -1.889161),
            (-2.431566, -7.444252, -1.896704),
            (-2.431566, -7.458848, -1.896446),
            (-2.409517, -7.444252, -1.908052),
            (-2.409517, -7.458848, -1.907794),
            (-2.395361, -7.444252, -1.922351),
            (-2.395361, -7.458848, -1.922093),
            (-2.390483, -7.444252, -1.938201),
            (-2.390483, -7.458848, -1.937943),
            (-2.490147, -7.933307, -1.886652),
            (-2.967659, -7.947801, -1.886908),
            (-2.967659, -7.933307, -1.886652),
            (-2.490147, -7.947801, -1.886908),
            (-2.459349, -7.933307, -1.889162),
            (-2.459349, -7.947801, -1.889419),
            (-2.431566, -7.933307, -1.896448),
            (-2.431566, -7.947801, -1.896704),
            (-2.409517, -7.933307, -1.907796),
            (-2.409517, -7.947801, -1.908052),
            (-2.395361, -7.933307, -1.922094),
            (-2.395361, -7.947801, -1.922351),
            (-2.390483, -7.933307, -1.937945),
            (-2.390483, -7.947801, -1.938201),
            (-2.967659, -7.507521, -1.88549),
            (-2.967659, -7.601773, -1.935414),
            (-2.967659, -7.507521, -1.937082),
            (-2.967659, -7.602018, -1.886228),
            (-2.967659, -7.545911, -1.857515),
            (-2.967659, -7.562446, -1.848269),
            (-2.967659, -7.5817, -1.842458),
            (-2.967659, -7.602363, -1.840477),
            (-2.967659, -7.623025, -1.842461),
            (-2.967659, -7.64228, -1.848275),
            (-2.967659, -7.658813, -1.857523),
            (-2.967659, -7.696026, -1.933746),
            (-2.967659, -7.697209, -1.885512),
            (-2.967659, -7.791599, -1.9079),
            (-2.967659, -7.788881, -1.935389),
            (-2.967659, -7.791462, -1.935435),
            (-2.967659, -7.886898, -1.937124),
            (-2.967659, -7.886898, -1.885532),
            (-2.967659, -7.7356, -1.857536),
            (-2.967659, -7.791707, -1.886249),
            (-2.967659, -7.848502, -1.857544),
            (-2.967659, -7.752134, -1.84829),
            (-2.967659, -7.831968, -1.848296),
            (-2.967659, -7.771389, -1.842479),
            (-2.967659, -7.812714, -1.842482),
            (-2.967659, -7.792052, -1.840497),
            (-3.009263, -7.891956, -1.883361),
            (-3.014074, -7.888784, -1.883298),
            (-3.014074, -7.891956, -1.883361),
            (-2.97262, -7.888786, -1.883249),
            (-2.976884, -7.891957, -1.883312),
            (-2.97262, -7.891957, -1.883312),
            (-3.013917, -7.94294, -1.874295),
            (-2.972463, -7.945575, -1.874537),
            (-3.013918, -7.945575, -1.874347),
            (-2.972462, -7.94294, -1.874485),
            (-2.972462, -7.933506, -1.874319),
            (-3.013917, -7.933504, -1.874127),
            (-2.972463, -7.92922, -1.87423),
            (-3.013916, -7.929218, -1.874036),
            (-2.972463, -7.892155, -1.873334),
            (-3.013916, -7.892154, -1.873383),
            (-3.013916, -7.888983, -1.87332),
            (-2.972463, -7.888984, -1.873271),
            (-2.976884, -7.502462, -1.883272),
            (-2.973162, -7.506341, -1.883195),
            (-2.973162, -7.502462, -1.883272),
            (-3.009263, -7.502463, -1.883315),
            (-3.018352, -7.506342, -1.883239),
            (-3.018352, -7.502463, -1.883315),
            (-3.018201, -7.449113, -1.874295),
            (-3.018354, -7.444583, -1.884366),
            (-3.018203, -7.444386, -1.874388),
            (-3.018352, -7.44931, -1.884273),
            (-3.018352, -7.458848, -1.884101),
            (-3.018201, -7.458652, -1.874123),
            (-3.018352, -7.468397, -1.883916),
            (-3.018201, -7.4682, -1.873938),
            (-3.018352, -7.502463, -1.883315),
            (-3.018201, -7.502266, -1.873337),
            (-3.018201, -7.506145, -1.873261),
            (-3.018352, -7.506342, -1.883239),
            (-2.973011, -7.449113, -1.874485),
            (-3.018203, -7.444386, -1.874388),
            (-2.973013, -7.444386, -1.874578),
            (-3.018201, -7.449113, -1.874295),
            (-3.018201, -7.458652, -1.874123),
            (-2.973011, -7.45865, -1.874319),
            (-3.018201, -7.4682, -1.873938),
            (-2.973012, -7.468198, -1.874107),
            (-3.018201, -7.502266, -1.873337),
            (-2.973012, -7.502265, -1.873294),
            (-2.973012, -7.506144, -1.873217),
            (-3.018201, -7.506145, -1.873261),
            (-2.973162, -7.44931, -1.884463),
            (-2.973013, -7.444386, -1.874578),
            (-2.973164, -7.444583, -1.884556),
            (-2.973011, -7.449113, -1.874485),
            (-2.973011, -7.45865, -1.874319),
            (-2.973162, -7.458847, -1.884297),
            (-2.973012, -7.468198, -1.874107),
            (-2.973162, -7.468395, -1.884085),
            (-2.973012, -7.502265, -1.873294),
            (-2.973162, -7.502462, -1.883272),
            (-2.973162, -7.506341, -1.883195),
            (-2.973012, -7.506144, -1.873217),
            (-2.972462, -7.94294, -1.874485),
            (-2.97262, -7.945377, -1.884515),
            (-2.972463, -7.945575, -1.874537),
            (-2.97262, -7.942742, -1.884463),
            (-2.97262, -7.933308, -1.884297),
            (-2.972462, -7.933506, -1.874319),
            (-2.97262, -7.929022, -1.884208),
            (-2.972463, -7.92922, -1.87423),
            (-2.97262, -7.891957, -1.883312),
            (-2.972463, -7.892155, -1.873334),
            (-2.972463, -7.888984, -1.873271),
            (-2.97262, -7.888786, -1.883249),
            (-3.014074, -7.942742, -1.884273),
            (-3.013918, -7.945575, -1.874347),
            (-3.014075, -7.945377, -1.884325),
            (-3.013917, -7.94294, -1.874295),
            (-3.013917, -7.933504, -1.874127),
            (-3.014074, -7.933306, -1.884105),
            (-3.013916, -7.929218, -1.874036),
            (-3.014074, -7.92902, -1.884014),
            (-3.013916, -7.892154, -1.873383),
            (-3.014074, -7.891956, -1.883361),
            (-3.014074, -7.888784, -1.883298),
            (-3.013916, -7.888983, -1.87332),
            (-3.019095, -7.966927, -2.499696),
            (-3.019095, -7.98757, -2.482981),
            (-3.019095, -7.98757, -2.499696),
            (-3.019095, -7.966927, -2.472908),
            (-3.019095, -7.697977, -2.472908),
            (-3.019095, -7.697977, -2.499696),
            (-3.019094, -7.424903, -2.472908),
            (-3.019095, -7.424903, -2.499696),
            (-3.019095, -7.408879, -2.499696),
            (-3.019094, -7.408879, -2.480184),
            (-2.357174, -7.966927, -2.499696),
            (-2.984046, -7.98757, -2.499696),
            (-2.357174, -7.98757, -2.499696),
            (-2.984046, -7.966927, -2.499696),
            (-3.019095, -7.98757, -2.499696),
            (-3.019095, -7.966927, -2.499696),
            (-3.019095, -7.697977, -2.499696),
            (-2.357174, -7.697977, -2.499696),
            (-2.984046, -7.697977, -2.499696),
            (-3.019095, -7.424903, -2.499696),
            (-2.984046, -7.424903, -2.499696),
            (-2.357174, -7.424904, -2.499696),
            (-2.357174, -7.408879, -2.499696),
            (-2.984046, -7.408879, -2.499696),
            (-3.019095, -7.408879, -2.499696),
            (-2.357174, -7.966927, -2.472909),
            (-2.357174, -7.98757, -2.499696),
            (-2.357174, -7.98757, -2.482981),
            (-2.357174, -7.966927, -2.499696),
            (-2.357174, -7.697977, -2.499696),
            (-2.357174, -7.697977, -2.472909),
            (-2.357174, -7.424904, -2.499696),
            (-2.357174, -7.424904, -2.472909),
            (-2.357174, -7.408879, -2.480184),
            (-2.357174, -7.408879, -2.499696),
            (-2.852566, -7.84355, -2.145192),
            (-2.927816, -7.850632, -2.171625),
            (-2.852566, -7.850632, -2.171625),
            (-2.852566, -7.853017, -2.198886),
            (-2.927816, -7.84355, -2.145192),
            (-2.927816, -7.853017, -2.198886),
            (-2.927815, -7.831985, -2.12039),
            (-2.852566, -7.850632, -2.226147),
            (-2.852566, -7.831985, -2.12039),
            (-2.927816, -7.850632, -2.226147),
            (-2.927815, -7.816288, -2.097974),
            (-2.852566, -7.84355, -2.25258),
            (-2.852566, -7.816288, -2.097974),
            (-2.927816, -7.84355, -2.25258),
            (-2.927815, -7.796938, -2.078624),
            (-2.852566, -7.831985, -2.277381),
            (-2.852566, -7.796938, -2.078624),
            (-2.927816, -7.831985, -2.277381),
            (-2.927815, -7.774522, -2.062928),
            (-2.852566, -7.816288, -2.299798),
            (-2.852566, -7.774522, -2.062928),
            (-2.927816, -7.816288, -2.299798),
            (-2.927815, -7.749721, -2.051363),
            (-2.852566, -7.796938, -2.319148),
            (-2.852566, -7.749721, -2.051363),
            (-2.927816, -7.796938, -2.319148),
            (-2.927815, -7.723288, -2.04428),
            (-2.852566, -7.774522, -2.334844),
            (-2.852566, -7.723288, -2.04428),
            (-2.927816, -7.774522, -2.334844),
            (-2.852566, -7.749721, -2.346409),
            (-2.927816, -7.749721, -2.346409),
            (-2.852566, -7.723288, -2.353492),
            (-2.927816, -7.723288, -2.353492),
            (-2.852566, -7.696026, -2.355877),
            (-2.927816, -7.696026, -2.355877),
            (-2.852566, -7.668765, -2.353492),
            (-2.927816, -7.668765, -2.353492),
            (-2.852566, -7.642332, -2.346409),
            (-2.927816, -7.642332, -2.346409),
            (-2.852566, -7.617531, -2.334844),
            (-2.927816, -7.617531, -2.334844),
            (-2.852566, -7.595114, -2.319148),
            (-2.927815, -7.595114, -2.319148),
            (-2.852566, -7.575764, -2.299798),
            (-2.927815, -7.575764, -2.299798),
            (-2.852566, -7.560068, -2.277381),
            (-2.927815, -7.560068, -2.277381),
            (-2.852566, -7.548503, -2.25258),
            (-2.927815, -7.548503, -2.25258),
            (-2.852566, -7.54142, -2.226147),
            (-2.927815, -7.54142, -2.226147),
            (-2.852566, -7.539035, -2.198886),
            (-2.927815, -7.539035, -2.198886),
            (-2.852566, -7.54142, -2.171625),
            (-2.927815, -7.54142, -2.171625),
            (-2.927815, -7.548503, -2.145192),
            (-2.852566, -7.548503, -2.145192),
            (-2.852566, -7.560068, -2.12039),
            (-2.927815, -7.560068, -2.12039),
            (-2.852566, -7.575764, -2.097974),
            (-2.927815, -7.575764, -2.097974),
            (-2.852566, -7.595114, -2.078624),
            (-2.927815, -7.595114, -2.078624),
            (-2.852566, -7.617531, -2.062928),
            (-2.927815, -7.617531, -2.062928),
            (-2.852566, -7.642332, -2.051363),
            (-2.927815, -7.642332, -2.051363),
            (-2.852566, -7.668765, -2.04428),
            (-2.927815, -7.668765, -2.04428),
            (-2.927815, -7.696026, -2.041895),
            (-2.852566, -7.696026, -2.041895),
            (-2.861733, -7.698621, -2.196709),
            (-2.861733, -7.701676, -2.196829),
            (-2.861733, -7.699209, -2.197727),
            (-2.861733, -7.699413, -2.198886),
            (-2.861733, -7.702039, -2.198886),
            (-2.861733, -7.699209, -2.200044),
            (-2.861733, -7.701676, -2.200942),
            (-2.861733, -7.698621, -2.201063),
            (-2.861733, -7.700632, -2.202751),
            (-2.861733, -7.69772, -2.201819),
            (-2.861733, -7.699032, -2.204093),
            (-2.861733, -7.696614, -2.202222),
            (-2.861733, -7.69707, -2.204807),
            (-2.861733, -7.695438, -2.202222),
            (-2.861733, -7.694982, -2.204807),
            (-2.861733, -7.694333, -2.201819),
            (-2.861733, -7.69302, -2.204093),
            (-2.861733, -7.693431, -2.201063),
            (-2.861733, -7.691421, -2.202751),
            (-2.861733, -7.692843, -2.200044),
            (-2.861733, -7.690376, -2.200942),
            (-2.861733, -7.692639, -2.198886),
            (-2.861733, -7.690014, -2.198886),
            (-2.861733, -7.692843, -2.197727),
            (-2.861733, -7.690376, -2.196829),
            (-2.861733, -7.693431, -2.196709),
            (-2.861733, -7.691421, -2.195021),
            (-2.861733, -7.694333, -2.195952),
            (-2.861733, -7.69302, -2.193679),
            (-2.861733, -7.695438, -2.19555),
            (-2.861733, -7.694982, -2.192965),
            (-2.861733, -7.696614, -2.19555),
            (-2.861733, -7.69707, -2.192965),
            (-2.861733, -7.69772, -2.195952),
            (-2.861733, -7.699032, -2.193679),
            (-2.861733, -7.700632, -2.195021),
            (-2.858738, -7.689435, -2.198886),
            (-2.858738, -7.689832, -2.196631),
            (-2.858738, -7.689832, -2.20114),
            (-2.858738, -7.690977, -2.194649),
            (-2.858738, -7.690977, -2.203123),
            (-2.858738, -7.69273, -2.193177),
            (-2.858738, -7.69273, -2.204595),
            (-2.858738, -7.694881, -2.192394),
            (-2.858738, -7.694881, -2.205378),
            (-2.858738, -7.697171, -2.192394),
            (-2.858738, -7.697171, -2.205378),
            (-2.858738, -7.699322, -2.193177),
            (-2.858738, -7.699322, -2.204595),
            (-2.858738, -7.701076, -2.194649),
            (-2.858738, -7.701076, -2.203123),
            (-2.858738, -7.702221, -2.196631),
            (-2.858738, -7.702221, -2.20114),
            (-2.858738, -7.702618, -2.198886),
            (-2.858738, -7.694881, -2.192394),
            (-2.858738, -7.696285, -2.197417),
            (-2.858738, -7.697171, -2.192394),
            (-2.858738, -7.699322, -2.193177),
            (-2.858738, -7.695767, -2.197417),
            (-2.858738, -7.696772, -2.197594),
            (-2.858738, -7.695281, -2.197594),
            (-2.858738, -7.701076, -2.194649),
            (-2.858738, -7.69273, -2.193177),
            (-2.858738, -7.697169, -2.197927),
            (-2.858738, -7.694884, -2.197927),
            (-2.858738, -7.702221, -2.196631),
            (-2.858738, -7.690977, -2.194649),
            (-2.858738, -7.697428, -2.198376),
            (-2.858738, -7.694625, -2.198376),
            (-2.858738, -7.702618, -2.198886),
            (-2.858738, -7.689832, -2.196631),
            (-2.858738, -7.697517, -2.198886),
            (-2.858738, -7.694535, -2.198886),
            (-2.858738, -7.702221, -2.20114),
            (-2.858738, -7.689435, -2.198886),
            (-2.858738, -7.697428, -2.199396),
            (-2.858738, -7.694625, -2.199396),
            (-2.858738, -7.689832, -2.20114),
            (-2.858738, -7.694884, -2.199845),
            (-2.858738, -7.690977, -2.203123),
            (-2.858738, -7.695281, -2.200177),
            (-2.858738, -7.69273, -2.204595),
            (-2.858738, -7.695767, -2.200355),
            (-2.858738, -7.694881, -2.205378),
            (-2.858738, -7.696285, -2.200355),
            (-2.858738, -7.697171, -2.205378),
            (-2.858738, -7.701076, -2.203123),
            (-2.858738, -7.697169, -2.199845),
            (-2.858738, -7.696772, -2.200177),
            (-2.858738, -7.699322, -2.204595),
            (-2.852566, -7.70391, -2.194334),
            (-2.852566, -7.84355, -2.145192),
            (-2.852566, -7.704581, -2.195772),
            (-2.852566, -7.704991, -2.197305),
            (-2.852566, -7.831985, -2.12039),
            (-2.852566, -7.850632, -2.171625),
            (-2.852566, -7.703, -2.193034),
            (-2.852566, -7.70513, -2.198886),
            (-2.852566, -7.816288, -2.097974),
            (-2.852566, -7.853017, -2.198886),
            (-2.852566, -7.701878, -2.191912),
            (-2.852566, -7.704991, -2.200467),
            (-2.852566, -7.796938, -2.078624),
            (-2.852566, -7.850632, -2.226147),
            (-2.852566, -7.700578, -2.191002),
            (-2.852566, -7.704581, -2.201999),
            (-2.852566, -7.774522, -2.062928),
            (-2.852566, -7.84355, -2.25258),
            (-2.852566, -7.69914, -2.190331),
            (-2.852566, -7.70391, -2.203438),
            (-2.852566, -7.749721, -2.051363),
            (-2.852566, -7.831985, -2.277381),
            (-2.852566, -7.703, -2.204737),
            (-2.852566, -7.816288, -2.299798),
            (-2.852566, -7.701878, -2.20586),
            (-2.852566, -7.796938, -2.319148),
            (-2.852566, -7.700578, -2.20677),
            (-2.852566, -7.774522, -2.334844),
            (-2.852566, -7.69914, -2.20744),
            (-2.852566, -7.749721, -2.346409),
            (-2.852566, -7.697607, -2.207851),
            (-2.852566, -7.723288, -2.353492),
            (-2.852566, -7.697607, -2.189921),
            (-2.852566, -7.723288, -2.04428),
            (-2.852566, -7.696026, -2.207989),
            (-2.852566, -7.696026, -2.355877),
            (-2.852566, -7.668765, -2.353492),
            (-2.852566, -7.694446, -2.207851),
            (-2.852566, -7.642332, -2.346409),
            (-2.852566, -7.692913, -2.20744),
            (-2.852566, -7.617531, -2.334844),
            (-2.852566, -7.691474, -2.20677),
            (-2.852566, -7.595114, -2.319148),
            (-2.852566, -7.690175, -2.20586),
            (-2.852566, -7.575764, -2.299798),
            (-2.852566, -7.689053, -2.204737),
            (-2.852566, -7.560068, -2.277381),
            (-2.852566, -7.688142, -2.203438),
            (-2.852566, -7.548503, -2.25258),
            (-2.852566, -7.687472, -2.201999),
            (-2.852566, -7.54142, -2.226147),
            (-2.852566, -7.687061, -2.200467),
            (-2.852566, -7.539035, -2.198886),
            (-2.852566, -7.686923, -2.198886),
            (-2.852566, -7.54142, -2.171625),
            (-2.852566, -7.687061, -2.197305),
            (-2.852566, -7.548503, -2.145192),
            (-2.852566, -7.687472, -2.195772),
            (-2.852566, -7.688142, -2.194334),
            (-2.852566, -7.560068, -2.12039),
            (-2.852566, -7.689053, -2.193034),
            (-2.852566, -7.575764, -2.097974),
            (-2.852566, -7.690175, -2.191912),
            (-2.852566, -7.595114, -2.078624),
            (-2.852566, -7.691474, -2.191002),
            (-2.852566, -7.617531, -2.062928),
            (-2.852566, -7.692913, -2.190331),
            (-2.852566, -7.642332, -2.051363),
            (-2.852566, -7.694446, -2.189921),
            (-2.852566, -7.668765, -2.04428),
            (-2.852566, -7.696026, -2.041895),
            (-2.852566, -7.696026, -2.189782),
            (-2.861733, -7.699209, -2.200044),
            (-2.861733, -7.698621, -2.201063),
            (-2.863579, -7.698621, -2.201063),
            (-2.861733, -7.69772, -2.201819),
            (-2.863579, -7.699209, -2.200044),
            (-2.861733, -7.699413, -2.198886),
            (-2.863579, -7.699413, -2.198886),
            (-2.861733, -7.699209, -2.197727),
            (-2.863579, -7.699209, -2.197727),
            (-2.861733, -7.698621, -2.196709),
            (-2.863579, -7.698621, -2.196709),
            (-2.861733, -7.69772, -2.195952),
            (-2.866245, -7.697368, -2.198398),
            (-2.863579, -7.69772, -2.195952),
            (-2.861733, -7.696614, -2.19555),
            (-2.866245, -7.697454, -2.198886),
            (-2.866245, -7.69712, -2.197968),
            (-2.863579, -7.696614, -2.19555),
            (-2.861733, -7.695438, -2.19555),
            (-2.863579, -7.695438, -2.19555),
            (-2.861733, -7.694333, -2.195952),
            (-2.863579, -7.694333, -2.195952),
            (-2.861733, -7.693431, -2.196709),
            (-2.866245, -7.695778, -2.19748),
            (-2.866245, -7.696274, -2.19748),
            (-2.866245, -7.69674, -2.19765),
            (-2.863579, -7.693431, -2.196709),
            (-2.861733, -7.692843, -2.197727),
            (-2.863579, -7.692843, -2.197727),
            (-2.861733, -7.692639, -2.198886),
            (-2.863579, -7.692639, -2.198886),
            (-2.861733, -7.692843, -2.200044),
            (-2.866245, -7.694685, -2.198398),
            (-2.866245, -7.694933, -2.197968),
            (-2.863579, -7.692843, -2.200044),
            (-2.861733, -7.693431, -2.201063),
            (-2.866245, -7.695313, -2.19765),
            (-2.866245, -7.694599, -2.198886),
            (-2.863579, -7.693431, -2.201063),
            (-2.861733, -7.694333, -2.201819),
            (-2.863579, -7.694333, -2.201819),
            (-2.861733, -7.695438, -2.202222),
            (-2.863579, -7.695438, -2.202222),
            (-2.861733, -7.696614, -2.202222),
            (-2.866245, -7.695313, -2.200122),
            (-2.866245, -7.694933, -2.199803),
            (-2.863579, -7.696614, -2.202222),
            (-2.866245, -7.694685, -2.199374),
            (-2.866245, -7.695778, -2.200292),
            (-2.863579, -7.69772, -2.201819),
            (-2.866245, -7.69712, -2.199803),
            (-2.866245, -7.69674, -2.200122),
            (-2.866245, -7.696274, -2.200292),
            (-2.866245, -7.697368, -2.199374),
            (-2.866245, -7.695615, -2.199036),
            (-2.866245, -7.695691, -2.199167),
            (-2.866245, -7.695589, -2.198886),
            (-2.866245, -7.695807, -2.199265),
            (-2.866245, -7.695615, -2.198736),
            (-2.866245, -7.695951, -2.199317),
            (-2.866245, -7.695691, -2.198605),
            (-2.866245, -7.696102, -2.199317),
            (-2.866245, -7.695807, -2.198507),
            (-2.866245, -7.696245, -2.199265),
            (-2.866245, -7.695951, -2.198455),
            (-2.866245, -7.696362, -2.199167),
            (-2.866245, -7.696102, -2.198455),
            (-2.866245, -7.696438, -2.199036),
            (-2.866245, -7.696245, -2.198507),
            (-2.866245, -7.696464, -2.198886),
            (-2.866245, -7.696362, -2.198605),
            (-2.866245, -7.696438, -2.198736),
            (-2.855699, -7.696285, -2.200355),
            (-2.855699, -7.697466, -2.207051),
            (-2.855699, -7.696026, -2.207176),
            (-2.855699, -7.698862, -2.206676),
            (-2.855699, -7.695767, -2.200355),
            (-2.855699, -7.694587, -2.207051),
            (-2.855699, -7.693191, -2.206676),
            (-2.855699, -7.696772, -2.200177),
            (-2.855699, -7.700171, -2.206066),
            (-2.855699, -7.701355, -2.205237),
            (-2.855699, -7.695281, -2.200177),
            (-2.855699, -7.691881, -2.206066),
            (-2.855699, -7.690697, -2.205237),
            (-2.855699, -7.697169, -2.199845),
            (-2.855699, -7.702377, -2.204215),
            (-2.855699, -7.703206, -2.203031),
            (-2.855699, -7.694884, -2.199845),
            (-2.855699, -7.689675, -2.204215),
            (-2.855699, -7.688847, -2.203031),
            (-2.855699, -7.694625, -2.199396),
            (-2.855699, -7.688236, -2.201721),
            (-2.855699, -7.697428, -2.199396),
            (-2.855699, -7.694535, -2.198886),
            (-2.855699, -7.687861, -2.200325),
            (-2.855699, -7.687736, -2.198886),
            (-2.855699, -7.703817, -2.201721),
            (-2.855699, -7.704191, -2.200325),
            (-2.855699, -7.704317, -2.198886),
            (-2.855699, -7.694625, -2.198376),
            (-2.855699, -7.687861, -2.197446),
            (-2.855699, -7.688236, -2.19605),
            (-2.855699, -7.697517, -2.198886),
            (-2.855699, -7.704191, -2.197446),
            (-2.855699, -7.703817, -2.19605),
            (-2.855699, -7.694884, -2.197927),
            (-2.855699, -7.688847, -2.194741),
            (-2.855699, -7.689675, -2.193557),
            (-2.855699, -7.697428, -2.198376),
            (-2.855699, -7.703206, -2.194741),
            (-2.855699, -7.702377, -2.193557),
            (-2.855699, -7.695281, -2.197594),
            (-2.855699, -7.690697, -2.192535),
            (-2.855699, -7.691881, -2.191706),
            (-2.855699, -7.697169, -2.197927),
            (-2.855699, -7.701355, -2.192535),
            (-2.855699, -7.700171, -2.191706),
            (-2.855699, -7.695767, -2.197417),
            (-2.855699, -7.693191, -2.191095),
            (-2.855699, -7.694587, -2.190721),
            (-2.855699, -7.696772, -2.197594),
            (-2.855699, -7.698862, -2.191095),
            (-2.855699, -7.697466, -2.190721),
            (-2.855699, -7.696285, -2.197417),
            (-2.855699, -7.696026, -2.190595),
            (-2.855699, -7.703817, -2.201721),
            (-2.852566, -7.704581, -2.201999),
            (-2.852566, -7.70391, -2.203438),
            (-2.852566, -7.704991, -2.200467),
            (-2.855699, -7.703206, -2.203031),
            (-2.855699, -7.704191, -2.200325),
            (-2.852566, -7.703, -2.204737),
            (-2.852566, -7.70513, -2.198886),
            (-2.855699, -7.702377, -2.204215),
            (-2.855699, -7.704317, -2.198886),
            (-2.852566, -7.701878, -2.20586),
            (-2.852566, -7.704991, -2.197305),
            (-2.855699, -7.701355, -2.205237),
            (-2.855699, -7.704191, -2.197446),
            (-2.852566, -7.700578, -2.20677),
            (-2.855699, -7.700171, -2.206066),
            (-2.852566, -7.69914, -2.20744),
            (-2.855699, -7.698862, -2.206676),
            (-2.852566, -7.704581, -2.195772),
            (-2.855699, -7.703817, -2.19605),
            (-2.855699, -7.703206, -2.194741),
            (-2.852566, -7.70391, -2.194334),
            (-2.855699, -7.702377, -2.193557),
            (-2.852566, -7.703, -2.193034),
            (-2.852566, -7.697607, -2.207851),
            (-2.855699, -7.697466, -2.207051),
            (-2.855699, -7.696026, -2.207176),
            (-2.852566, -7.696026, -2.207989),
            (-2.855699, -7.694587, -2.207051),
            (-2.852566, -7.694446, -2.207851),
            (-2.855699, -7.693191, -2.206676),
            (-2.852566, -7.692913, -2.20744),
            (-2.855699, -7.691881, -2.206066),
            (-2.852566, -7.691474, -2.20677),
            (-2.855699, -7.690697, -2.205237),
            (-2.852566, -7.690175, -2.20586),
            (-2.855699, -7.689675, -2.204215),
            (-2.852566, -7.689053, -2.204737),
            (-2.855699, -7.688847, -2.203031),
            (-2.852566, -7.688142, -2.203438),
            (-2.855699, -7.688236, -2.201721),
            (-2.852566, -7.687472, -2.201999),
            (-2.855699, -7.687861, -2.200325),
            (-2.852566, -7.687061, -2.200467),
            (-2.855699, -7.687736, -2.198886),
            (-2.852566, -7.686923, -2.198886),
            (-2.855699, -7.687861, -2.197446),
            (-2.852566, -7.687061, -2.197305),
            (-2.855699, -7.688236, -2.19605),
            (-2.852566, -7.687472, -2.195772),
            (-2.855699, -7.688847, -2.194741),
            (-2.852566, -7.688142, -2.194334),
            (-2.855699, -7.689675, -2.193557),
            (-2.852566, -7.689053, -2.193034),
            (-2.855699, -7.690697, -2.192535),
            (-2.852566, -7.690175, -2.191912),
            (-2.855699, -7.691881, -2.191706),
            (-2.852566, -7.691474, -2.191002),
            (-2.855699, -7.693191, -2.191095),
            (-2.852566, -7.692913, -2.190331),
            (-2.855699, -7.694587, -2.190721),
            (-2.852566, -7.694446, -2.189921),
            (-2.855699, -7.696026, -2.190595),
            (-2.852566, -7.696026, -2.189782),
            (-2.855699, -7.697466, -2.190721),
            (-2.852566, -7.697607, -2.189921),
            (-2.855699, -7.698862, -2.191095),
            (-2.852566, -7.69914, -2.190331),
            (-2.855699, -7.700171, -2.191706),
            (-2.852566, -7.700578, -2.191002),
            (-2.855699, -7.701355, -2.192535),
            (-2.852566, -7.701878, -2.191912),
            (-3.009298, -7.92902, -1.886316),
            (-3.009299, -7.933306, -1.886407),
            (-3.018559, -7.933307, -1.886353),
            (-3.018559, -7.929021, -1.886278),
            (-3.018559, -7.947801, -1.88661),
            (-3.009298, -7.891955, -1.885663),
            (-3.009299, -7.942742, -1.886575),
            (-3.018559, -7.886898, -1.885532),
            (-2.967659, -7.947801, -1.886908),
            (-2.97692, -7.891956, -1.885614),
            (-2.976919, -7.942742, -1.886765),
            (-2.967659, -7.886898, -1.885532),
            (-2.967659, -7.933307, -1.886652),
            (-2.97692, -7.929022, -1.88651),
            (-2.976919, -7.933308, -1.886599),
            (-2.967659, -7.929021, -1.886549),
            (-2.976919, -7.502462, -1.885574),
            (-2.976919, -7.468395, -1.886387),
            (-2.967659, -7.468396, -1.886423),
            (-2.967659, -7.507521, -1.88549),
            (-2.967659, -7.458848, -1.88665),
            (-3.009298, -7.502463, -1.885617),
            (-2.976919, -7.458846, -1.886598),
            (-3.018559, -7.507521, -1.88549),
            (-2.967659, -7.444252, -1.886908),
            (-3.009298, -7.468397, -1.886218),
            (-2.976919, -7.44931, -1.886765),
            (-3.018559, -7.468396, -1.886183),
            (-3.018559, -7.444252, -1.88661),
            (-3.009299, -7.458848, -1.886403),
            (-3.009299, -7.44931, -1.886575),
            (-3.018559, -7.458848, -1.886352),
            (-2.998826, -7.45503, -2.445796),
            (-2.967659, -7.45503, -2.445796),
            (-2.967659, -7.444252, -2.445606),
            (-3.018559, -7.444252, -2.445606),
            (-2.390483, -7.444252, -2.445606),
            (-2.998826, -7.697859, -2.450061),
            (-2.410217, -7.45503, -2.445796),
            (-3.018559, -7.697859, -2.450061),
            (-2.390483, -7.697859, -2.450061),
            (-2.998826, -7.937022, -2.445798),
            (-2.410217, -7.697859, -2.450061),
            (-3.01856, -7.947801, -2.445606),
            (-2.390483, -7.947801, -2.445606),
            (-2.967659, -7.937022, -2.445798),
            (-2.410217, -7.937022, -2.445798),
            (-2.967659, -7.947801, -2.445606),
            (-2.969839, -7.696026, -2.020325),
            (-2.969839, -7.727033, -2.023038),
            (-2.927815, -7.723288, -2.04428),
            (-2.927815, -7.696026, -2.041895),
            (-2.927815, -7.749721, -2.051363),
            (-2.969839, -7.66502, -2.023038),
            (-2.969839, -7.757098, -2.031094),
            (-2.927815, -7.668765, -2.04428),
            (-2.927815, -7.774522, -2.062928),
            (-2.969839, -7.634955, -2.031094),
            (-2.969839, -7.785306, -2.044248),
            (-2.927815, -7.642332, -2.051363),
            (-2.927815, -7.796938, -2.078624),
            (-2.969839, -7.606746, -2.044248),
            (-2.969839, -7.810802, -2.062101),
            (-2.927815, -7.617531, -2.062928),
            (-2.927815, -7.816288, -2.097974),
            (-2.969839, -7.58125, -2.062101),
            (-2.969839, -7.832811, -2.084109),
            (-2.927815, -7.595114, -2.078624),
            (-2.927815, -7.831985, -2.12039),
            (-2.969839, -7.559241, -2.084109),
            (-2.969839, -7.850664, -2.109606),
            (-2.927815, -7.575764, -2.097974),
            (-2.927816, -7.84355, -2.145192),
            (-2.969839, -7.541389, -2.109606),
            (-2.969839, -7.863818, -2.137815),
            (-2.927815, -7.560068, -2.12039),
            (-2.927816, -7.850632, -2.171625),
            (-2.969839, -7.528234, -2.137815),
            (-2.96984, -7.871874, -2.167879),
            (-2.927815, -7.548503, -2.145192),
            (-2.927816, -7.853017, -2.198886),
            (-2.969839, -7.520179, -2.167879),
            (-2.96984, -7.874587, -2.198886),
            (-2.927815, -7.54142, -2.171625),
            (-2.927816, -7.850632, -2.226147),
            (-2.969839, -7.517466, -2.198886),
            (-2.96984, -7.871874, -2.229892),
            (-2.927815, -7.539035, -2.198886),
            (-2.927816, -7.84355, -2.25258),
            (-2.969839, -7.520179, -2.229892),
            (-2.96984, -7.863818, -2.259957),
            (-2.927815, -7.54142, -2.226147),
            (-2.927816, -7.831985, -2.277381),
            (-2.969839, -7.528234, -2.259957),
            (-2.96984, -7.850664, -2.288166),
            (-2.927815, -7.548503, -2.25258),
            (-2.927816, -7.816288, -2.299798),
            (-2.969839, -7.541389, -2.288166),
            (-2.96984, -7.832811, -2.313662),
            (-2.927815, -7.560068, -2.277381),
            (-2.927816, -7.796938, -2.319148),
            (-2.969839, -7.559241, -2.313662),
            (-2.96984, -7.810802, -2.335671),
            (-2.927815, -7.575764, -2.299798),
            (-2.927816, -7.774522, -2.334844),
            (-2.969839, -7.58125, -2.335671),
            (-2.96984, -7.785306, -2.353524),
            (-2.927815, -7.595114, -2.319148),
            (-2.927816, -7.749721, -2.346409),
            (-2.96984, -7.606746, -2.353524),
            (-2.96984, -7.757098, -2.366678),
            (-2.927816, -7.617531, -2.334844),
            (-2.927816, -7.723288, -2.353492),
            (-2.96984, -7.634955, -2.366678),
            (-2.96984, -7.727033, -2.374733),
            (-2.927816, -7.642332, -2.346409),
            (-2.927816, -7.696026, -2.355877),
            (-2.96984, -7.66502, -2.374733),
            (-2.96984, -7.696026, -2.377446),
            (-2.927816, -7.668765, -2.353492),
            (-2.969839, -7.696026, -2.015081),
            (-2.969839, -7.727943, -2.017874),
            (-2.969839, -7.727033, -2.023038),
            (-2.969839, -7.696026, -2.020325),
            (-2.969839, -7.757098, -2.031094),
            (-2.969839, -7.664109, -2.017874),
            (-2.969839, -7.66502, -2.023038),
            (-2.969839, -7.758891, -2.026166),
            (-2.969839, -7.785306, -2.044248),
            (-2.969839, -7.633162, -2.026166),
            (-2.969839, -7.634955, -2.031094),
            (-2.969839, -7.787929, -2.039706),
            (-2.969839, -7.810802, -2.062101),
            (-2.969839, -7.604124, -2.039706),
            (-2.969839, -7.606746, -2.044248),
            (-2.969839, -7.814174, -2.058083),
            (-2.969839, -7.832811, -2.084109),
            (-2.969839, -7.577879, -2.058083),
            (-2.969839, -7.58125, -2.062101),
            (-2.969839, -7.836829, -2.080739),
            (-2.969839, -7.850664, -2.109606),
            (-2.969839, -7.555223, -2.080739),
            (-2.969839, -7.559241, -2.084109),
            (-2.969839, -7.855206, -2.106983),
            (-2.969839, -7.863818, -2.137815),
            (-2.969839, -7.536847, -2.106983),
            (-2.969839, -7.541389, -2.109606),
            (-2.969839, -7.868746, -2.136021),
            (-2.96984, -7.871874, -2.167879),
            (-2.969839, -7.523306, -2.136021),
            (-2.969839, -7.528234, -2.137815),
            (-2.96984, -7.877038, -2.166968),
            (-2.96984, -7.874587, -2.198886),
            (-2.969839, -7.515014, -2.166968),
            (-2.969839, -7.520179, -2.167879),
            (-2.96984, -7.879831, -2.198886),
            (-2.96984, -7.871874, -2.229892),
            (-2.969839, -7.512221, -2.198886),
            (-2.969839, -7.517466, -2.198886),
            (-2.96984, -7.877038, -2.230803),
            (-2.96984, -7.863818, -2.259957),
            (-2.969839, -7.515014, -2.230803),
            (-2.969839, -7.520179, -2.229892),
            (-2.96984, -7.868746, -2.261751),
            (-2.96984, -7.850664, -2.288166),
            (-2.969839, -7.523306, -2.261751),
            (-2.969839, -7.528234, -2.259957),
            (-2.96984, -7.855206, -2.290788),
            (-2.96984, -7.832811, -2.313662),
            (-2.969839, -7.536847, -2.290788),
            (-2.969839, -7.541389, -2.288166),
            (-2.96984, -7.836829, -2.317033),
            (-2.96984, -7.810802, -2.335671),
            (-2.969839, -7.555223, -2.317033),
            (-2.969839, -7.559241, -2.313662),
            (-2.96984, -7.814174, -2.339689),
            (-2.96984, -7.785306, -2.353524),
            (-2.969839, -7.577879, -2.339689),
            (-2.969839, -7.58125, -2.335671),
            (-2.96984, -7.787929, -2.358066),
            (-2.96984, -7.757098, -2.366678),
            (-2.96984, -7.604124, -2.358066),
            (-2.96984, -7.606746, -2.353524),
            (-2.96984, -7.758891, -2.371606),
            (-2.96984, -7.727033, -2.374733),
            (-2.96984, -7.633162, -2.371606),
            (-2.96984, -7.634955, -2.366678),
            (-2.96984, -7.727944, -2.379898),
            (-2.96984, -7.696026, -2.377446),
            (-2.96984, -7.664109, -2.379898),
            (-2.96984, -7.66502, -2.374733),
            (-2.96984, -7.696026, -2.382691),
            (-2.96984, -7.597042, -2.370331),
            (-2.96984, -7.628317, -2.384915),
            (-2.96984, -7.66165, -2.393846),
            (-2.96984, -7.696026, -2.396854),
            (-2.96984, -7.730403, -2.393846),
            (-2.967762, -7.697641, -2.418847),
            (-2.96984, -7.763735, -2.384915),
            (-2.967762, -7.475551, -2.414945),
            (-2.967762, -7.916522, -2.414945),
            (-2.969839, -7.568775, -2.350538),
            (-2.96984, -7.79501, -2.370331),
            (-2.969839, -7.544374, -2.326137),
            (-2.96984, -7.823277, -2.350538),
            (-2.969839, -7.524581, -2.29787),
            (-2.96984, -7.847679, -2.326137),
            (-2.969839, -7.509997, -2.266595),
            (-2.967761, -7.476075, -2.198886),
            (-2.96984, -7.867472, -2.29787),
            (-2.969839, -7.501066, -2.233263),
            (-2.96984, -7.882055, -2.266595),
            (-2.967762, -7.915997, -2.198886),
            (-2.969839, -7.498058, -2.198886),
            (-2.96984, -7.890987, -2.233263),
            (-2.969839, -7.501066, -2.164509),
            (-2.96984, -7.893994, -2.198886),
            (-2.969839, -7.509997, -2.131177),
            (-2.967761, -7.475551, -1.982826),
            (-2.96984, -7.890987, -2.164509),
            (-2.969839, -7.524581, -2.099902),
            (-2.969839, -7.882055, -2.131177),
            (-2.967761, -7.916522, -1.982826),
            (-2.969839, -7.544374, -2.071635),
            (-2.969839, -7.867472, -2.099902),
            (-2.969839, -7.568775, -2.047234),
            (-2.969839, -7.847679, -2.071635),
            (-2.969839, -7.597042, -2.027441),
            (-2.96981, -7.823277, -2.047434),
            (-2.969839, -7.628317, -2.012857),
            (-2.967761, -7.696036, -1.978925),
            (-2.969839, -7.79501, -2.027441),
            (-2.969839, -7.66165, -2.003925),
            (-2.969839, -7.763735, -2.012857),
            (-2.969839, -7.696026, -2.000918),
            (-2.969839, -7.730403, -2.003925),
            (-2.868571, -7.695756, -2.198788),
            (-2.868571, -7.695739, -2.198886),
            (-2.8683, -7.695589, -2.198886),
            (-2.8683, -7.695615, -2.198736),
            (-2.8683, -7.695615, -2.199036),
            (-2.868571, -7.695806, -2.198701),
            (-2.8683, -7.695691, -2.198605),
            (-2.868571, -7.695883, -2.198637),
            (-2.8683, -7.695807, -2.198507),
            (-2.868571, -7.695756, -2.198984),
            (-2.868571, -7.695883, -2.199135),
            (-2.868571, -7.695806, -2.19907),
            (-2.8683, -7.695691, -2.199167),
            (-2.8683, -7.695807, -2.199265),
            (-2.8683, -7.695951, -2.199317),
            (-2.868571, -7.695976, -2.198603),
            (-2.8683, -7.695951, -2.198455),
            (-2.868571, -7.696076, -2.198603),
            (-2.8683, -7.696102, -2.198455),
            (-2.868571, -7.69617, -2.198637),
            (-2.8683, -7.696245, -2.198507),
            (-2.868571, -7.696247, -2.198701),
            (-2.8683, -7.696362, -2.198605),
            (-2.868571, -7.696296, -2.198788),
            (-2.8683, -7.696438, -2.198736),
            (-2.868571, -7.696314, -2.198886),
            (-2.8683, -7.696464, -2.198886),
            (-2.868571, -7.696247, -2.19907),
            (-2.868571, -7.696296, -2.198984),
            (-2.8683, -7.696438, -2.199036),
            (-2.8683, -7.696362, -2.199167),
            (-2.868571, -7.69617, -2.199135),
            (-2.8683, -7.696245, -2.199265),
            (-2.868571, -7.696076, -2.199169),
            (-2.8683, -7.696102, -2.199317),
            (-2.868571, -7.695976, -2.199169),
            (-2.924998, -7.720319, -2.061116),
            (-2.924998, -7.696026, -2.058991),
            (-2.893101, -7.696026, -2.03821),
            (-2.893101, -7.723927, -2.040651),
            (-2.893101, -7.668125, -2.040651),
            (-2.924998, -7.743873, -2.067427),
            (-2.893101, -7.750981, -2.0479),
            (-2.924998, -7.671734, -2.061116),
            (-2.893101, -7.641072, -2.0479),
            (-2.924998, -7.765974, -2.077733),
            (-2.893101, -7.776364, -2.059736),
            (-2.924998, -7.64818, -2.067427),
            (-2.893101, -7.615688, -2.059736),
            (-2.924998, -7.785949, -2.09172),
            (-2.893101, -7.799307, -2.075801),
            (-2.924998, -7.626079, -2.077733),
            (-2.893101, -7.592746, -2.075801),
            (-2.924998, -7.803192, -2.108963),
            (-2.893101, -7.819111, -2.095605),
            (-2.924998, -7.606103, -2.09172),
            (-2.893101, -7.572941, -2.095605),
            (-2.924998, -7.817179, -2.128938),
            (-2.893101, -7.835176, -2.118548),
            (-2.924998, -7.588861, -2.108963),
            (-2.893101, -7.556877, -2.118548),
            (-2.924998, -7.827485, -2.151039),
            (-2.893101, -7.847013, -2.143931),
            (-2.924998, -7.574873, -2.128938),
            (-2.893101, -7.54504, -2.143931),
            (-2.924998, -7.833796, -2.174593),
            (-2.893101, -7.854261, -2.170985),
            (-2.924998, -7.564568, -2.151039),
            (-2.893101, -7.537791, -2.170985),
            (-2.924998, -7.835921, -2.198886),
            (-2.893101, -7.856702, -2.198886),
            (-2.924998, -7.558257, -2.174593),
            (-2.893101, -7.53535, -2.198886),
            (-2.924998, -7.833796, -2.223178),
            (-2.893101, -7.854261, -2.226787),
            (-2.924998, -7.556131, -2.198886),
            (-2.893101, -7.537791, -2.226787),
            (-2.924998, -7.827485, -2.246733),
            (-2.893101, -7.847013, -2.25384),
            (-2.924998, -7.558257, -2.223178),
            (-2.893101, -7.54504, -2.25384),
            (-2.924998, -7.817179, -2.268833),
            (-2.893101, -7.835176, -2.279224),
            (-2.924998, -7.564568, -2.246733),
            (-2.893101, -7.556877, -2.279224),
            (-2.924998, -7.803192, -2.288809),
            (-2.893101, -7.819111, -2.302166),
            (-2.924998, -7.574873, -2.268833),
            (-2.893101, -7.572941, -2.302166),
            (-2.924998, -7.785949, -2.306052),
            (-2.893101, -7.799307, -2.321971),
            (-2.924998, -7.588861, -2.288809),
            (-2.893101, -7.592746, -2.321971),
            (-2.924998, -7.765974, -2.320039),
            (-2.893101, -7.776364, -2.338036),
            (-2.924998, -7.606103, -2.306052),
            (-2.893101, -7.615688, -2.338036),
            (-2.924998, -7.743873, -2.330344),
            (-2.893101, -7.750981, -2.349872),
            (-2.924998, -7.626079, -2.320039),
            (-2.893101, -7.641072, -2.349872),
            (-2.924998, -7.720319, -2.336656),
            (-2.893101, -7.723927, -2.357121),
            (-2.924998, -7.64818, -2.330344),
            (-2.893101, -7.668125, -2.357121),
            (-2.924998, -7.696026, -2.338781),
            (-2.893101, -7.696026, -2.359562),
            (-2.924998, -7.671734, -2.336656),
            (-2.953773, -7.734824, -2.305483),
            (-2.953773, -7.715724, -2.310601),
            (-2.953773, -7.696026, -2.312324),
            (-2.953773, -7.676328, -2.310601),
            (-2.953773, -7.657228, -2.305483),
            (-2.953773, -7.639307, -2.297126),
            (-2.953773, -7.752745, -2.297126),
            (-2.953773, -7.62311, -2.285784),
            (-2.953773, -7.768943, -2.285784),
            (-2.953773, -7.609128, -2.271802),
            (-2.953773, -7.782925, -2.271802),
            (-2.953773, -7.597786, -2.255605),
            (-2.953773, -7.794267, -2.255605),
            (-2.953773, -7.589429, -2.237684),
            (-2.953773, -7.802623, -2.237684),
            (-2.953773, -7.584311, -2.218584),
            (-2.953773, -7.807741, -2.218584),
            (-2.953773, -7.582588, -2.198886),
            (-2.953773, -7.809464, -2.198886),
            (-2.953773, -7.584311, -2.179188),
            (-2.953773, -7.807741, -2.179188),
            (-2.953773, -7.589429, -2.160088),
            (-2.953773, -7.802623, -2.160088),
            (-2.953773, -7.597786, -2.142167),
            (-2.953773, -7.794267, -2.142167),
            (-2.953773, -7.609128, -2.125969),
            (-2.953773, -7.782925, -2.125969),
            (-2.953773, -7.62311, -2.111987),
            (-2.953773, -7.768943, -2.111987),
            (-2.953773, -7.639307, -2.100646),
            (-2.953773, -7.752745, -2.100646),
            (-2.953773, -7.657228, -2.092289),
            (-2.953773, -7.734824, -2.092289),
            (-2.953773, -7.676328, -2.087171),
            (-2.953773, -7.715724, -2.087171),
            (-2.953773, -7.696026, -2.085448),
            (-2.976609, -7.749953, -2.134619),
            (-2.976609, -7.737974, -2.126231),
            (-2.976609, -7.72472, -2.120051),
            (-2.976609, -7.710595, -2.116266),
            (-2.976609, -7.696026, -2.114991),
            (-2.976609, -7.681458, -2.116266),
            (-2.976609, -7.760293, -2.144959),
            (-2.976609, -7.667333, -2.120051),
            (-2.976609, -7.768682, -2.156939),
            (-2.976609, -7.654079, -2.126231),
            (-2.976609, -7.774862, -2.170192),
            (-2.976609, -7.6421, -2.134619),
            (-2.976609, -7.778646, -2.184318),
            (-2.976609, -7.631759, -2.144959),
            (-2.976609, -7.779921, -2.198886),
            (-2.976609, -7.623371, -2.156939),
            (-2.976609, -7.778646, -2.213454),
            (-2.976609, -7.617191, -2.170192),
            (-2.976609, -7.774862, -2.22758),
            (-2.976609, -7.613406, -2.184318),
            (-2.976609, -7.768682, -2.240833),
            (-2.976609, -7.612132, -2.198886),
            (-2.976609, -7.760293, -2.252812),
            (-2.976609, -7.613406, -2.213454),
            (-2.976609, -7.749953, -2.263153),
            (-2.976609, -7.617191, -2.22758),
            (-2.976609, -7.737974, -2.271541),
            (-2.976609, -7.623371, -2.240833),
            (-2.976609, -7.72472, -2.277721),
            (-2.976609, -7.631759, -2.252812),
            (-2.976609, -7.710595, -2.281506),
            (-2.976609, -7.6421, -2.263153),
            (-2.976609, -7.696026, -2.282781),
            (-2.976609, -7.654079, -2.271541),
            (-2.976609, -7.681458, -2.281506),
            (-2.976609, -7.667333, -2.277721),
            (-2.991271, -7.705431, -2.25222),
            (-2.991271, -7.696026, -2.253043),
            (-2.991271, -7.686622, -2.25222),
            (-2.991271, -7.677504, -2.249777),
            (-2.991271, -7.668948, -2.245787),
            (-2.991271, -7.661215, -2.240373),
            (-2.991271, -7.714549, -2.249777),
            (-2.991271, -7.65454, -2.233697),
            (-2.991271, -7.723105, -2.245787),
            (-2.991271, -7.649125, -2.225965),
            (-2.991271, -7.730838, -2.240373),
            (-2.991271, -7.645135, -2.217409),
            (-2.991271, -7.737513, -2.233697),
            (-2.991271, -7.642692, -2.20829),
            (-2.991271, -7.742928, -2.225965),
            (-2.991271, -7.641869, -2.198886),
            (-2.991271, -7.746917, -2.217409),
            (-2.991271, -7.642692, -2.189481),
            (-2.991271, -7.749361, -2.20829),
            (-2.991271, -7.645135, -2.180363),
            (-2.991271, -7.750184, -2.198886),
            (-2.99127, -7.649125, -2.171807),
            (-2.991271, -7.749361, -2.189481),
            (-2.991271, -7.65454, -2.164074),
            (-2.991271, -7.746917, -2.180363),
            (-2.991271, -7.661215, -2.157399),
            (-2.99127, -7.742928, -2.171807),
            (-2.991271, -7.668948, -2.151984),
            (-2.991271, -7.737513, -2.164074),
            (-2.991271, -7.677504, -2.147995),
            (-2.991271, -7.730838, -2.157399),
            (-2.991271, -7.686622, -2.145551),
            (-2.991271, -7.723105, -2.151984),
            (-2.991271, -7.696026, -2.144729),
            (-2.991271, -7.714549, -2.147995),
            (-2.991271, -7.705431, -2.145551),
            (-2.996323, -7.716814, -2.181443),
            (-2.996323, -7.713469, -2.178098),
            (-2.996323, -7.709594, -2.175385),
            (-2.996323, -7.705307, -2.173386),
            (-2.996323, -7.700738, -2.172162),
            (-2.996323, -7.696026, -2.17175),
            (-2.996322, -7.719527, -2.185318),
            (-2.996323, -7.691314, -2.172162),
            (-2.996323, -7.721526, -2.189605),
            (-2.996323, -7.686745, -2.173386),
            (-2.996323, -7.72275, -2.194174),
            (-2.996323, -7.682458, -2.175385),
            (-2.996323, -7.723163, -2.198886),
            (-2.996323, -7.678584, -2.178098),
            (-2.996323, -7.72275, -2.203598),
            (-2.996323, -7.675239, -2.181443),
            (-2.996323, -7.721526, -2.208167),
            (-2.996322, -7.672525, -2.185318),
            (-2.996323, -7.719527, -2.212454),
            (-2.996323, -7.670527, -2.189605),
            (-2.996323, -7.716814, -2.216329),
            (-2.996323, -7.669302, -2.194174),
            (-2.996323, -7.713469, -2.219673),
            (-2.996323, -7.66889, -2.198886),
            (-2.996323, -7.709594, -2.222387),
            (-2.996323, -7.669302, -2.203598),
            (-2.996323, -7.705307, -2.224386),
            (-2.996323, -7.670527, -2.208167),
            (-2.996323, -7.700738, -2.22561),
            (-2.996323, -7.672525, -2.212454),
            (-2.996323, -7.696026, -2.226022),
            (-2.996323, -7.675239, -2.216329),
            (-2.996323, -7.691314, -2.22561),
            (-2.996323, -7.678584, -2.219673),
            (-2.996323, -7.686745, -2.224386),
            (-2.996323, -7.682458, -2.222387),
            (-2.997449, -7.696026, -2.211021),
            (-2.997449, -7.693919, -2.210836),
            (-2.997449, -7.691876, -2.210289),
            (-2.997449, -7.689959, -2.209395),
            (-2.997449, -7.688226, -2.208182),
            (-2.997449, -7.68673, -2.206686),
            (-2.997449, -7.698133, -2.210836),
            (-2.997449, -7.685517, -2.204953),
            (-2.997449, -7.700177, -2.210289),
            (-2.997449, -7.684623, -2.203036),
            (-2.997771, -7.692614, -2.200128),
            (-2.997771, -7.692881, -2.200702),
            (-2.997771, -7.693244, -2.201221),
            (-2.997449, -7.684076, -2.200993),
            (-2.997771, -7.693692, -2.201668),
            (-2.997771, -7.694211, -2.202031),
            (-2.997771, -7.694784, -2.202299),
            (-2.997771, -7.695395, -2.202463),
            (-2.997771, -7.696026, -2.202518),
            (-2.997771, -7.696657, -2.202463),
            (-2.997771, -7.692614, -2.197644),
            (-2.997771, -7.694211, -2.19574),
            (-2.997771, -7.69245, -2.199517),
            (-2.997771, -7.693692, -2.196104),
            (-2.997771, -7.692394, -2.198886),
            (-2.997449, -7.683891, -2.198886),
            (-2.997771, -7.69245, -2.198255),
            (-2.997449, -7.684076, -2.196779),
            (-2.997449, -7.684623, -2.194736),
            (-2.997448, -7.685517, -2.192818),
            (-2.99777, -7.692881, -2.19707),
            (-2.997771, -7.693244, -2.196551),
            (-2.997449, -7.68673, -2.191086),
            (-2.997449, -7.688226, -2.18959),
            (-2.99745, -7.689959, -2.188377),
            (-2.997449, -7.691876, -2.187483),
            (-2.997771, -7.694784, -2.195473),
            (-2.997449, -7.693919, -2.186935),
            (-2.997771, -7.696657, -2.195309),
            (-2.997771, -7.699658, -2.198886),
            (-2.997771, -7.698809, -2.201221),
            (-2.997771, -7.695395, -2.195309),
            (-2.997771, -7.696026, -2.195254),
            (-2.997449, -7.696026, -2.186751),
            (-2.997449, -7.698133, -2.186935),
            (-2.997449, -7.700177, -2.187483),
            (-2.997771, -7.697268, -2.195473),
            (-2.99745, -7.702094, -2.188377),
            (-2.997771, -7.697842, -2.19574),
            (-2.997449, -7.703826, -2.18959),
            (-2.997771, -7.698361, -2.196104),
            (-2.997449, -7.705322, -2.191086),
            (-2.997771, -7.698809, -2.196551),
            (-2.997448, -7.706535, -2.192818),
            (-2.997771, -7.699439, -2.197644),
            (-2.99777, -7.699172, -2.19707),
            (-2.997449, -7.707429, -2.194736),
            (-2.997771, -7.699603, -2.198255),
            (-2.997449, -7.707977, -2.196779),
            (-2.997449, -7.708161, -2.198886),
            (-2.997771, -7.699603, -2.199517),
            (-2.997449, -7.707977, -2.200993),
            (-2.997771, -7.699439, -2.200128),
            (-2.997449, -7.707429, -2.203036),
            (-2.997771, -7.699172, -2.200702),
            (-2.997449, -7.706535, -2.204953),
            (-2.997449, -7.705322, -2.206686),
            (-2.997771, -7.698361, -2.201668),
            (-2.997449, -7.703826, -2.208182),
            (-2.997771, -7.697842, -2.202031),
            (-2.997449, -7.702094, -2.209395),
            (-2.997771, -7.697268, -2.202299)
        ]
        int[] faceVertexCounts = [
            3,
            3,
            3,
            3,
            3,
            3,
            3,
            3,
            3,
            3,
            3,
            3,
            3,
            3,
            3,
            3,
            3,
            3,
            3,
            3,
            3,
            3,
            3,
            3,
            3,
            3,
            3,
            3,
            3,
            3,
            3,
            3,
            3,
            3,
            3,
            3,
            3,
            3,
            3,
            3,
            3,
            3,
            3,
            3,
            3,
            3,
            3,
            3,
            3,
            3,
            3,
            3,
            3,
            3,
            3,
            3,
            3,
            3,
            3,
            3,
            3,
            3,
            3,
            3,
            3,
            3,
            3,
            3,
            3,
            3,
            3,
            3,
            3,
            3,
            3,
            3,
            3,
            3,
            3,
            3,
            3,
            3,
            3,
            3,
            3,
            3,
            3,
            3,
            3,
            3,
            3,
            3,
            3,
            3,
            3,
            3,
            3,
            3,
            3,
            3,
            3,
            3,
            3,
            3,
            3,
            3,
            3,
            3,
            3,
            3,
            3,
            3,
            3,
            3,
            3,
            3,
            3,
            3,
            3,
            3,
            3,
            3,
            3,
            3,
            3,
            3,
            3,
            3,
            3,
            3,
            3,
            3,
            3,
            3,
            3,
            3,
            3,
            3,
            3,
            3,
            3,
            3,
            3,
            3,
            3,
            3,
            3,
            3,
            3,
            3,
            3,
            3,
            3,
            3,
            3,
            3,
            3,
            3,
            3,
            3,
            3,
            3,
            3,
            3,
            3,
            3,
            3,
            3,
            3,
            3,
            3,
            3,
            3,
            3,
            3,
            3,
            3,
            3,
            3,
            3,
            3,
            3,
            3,
            3,
            3,
            3,
            3,
            3,
            3,
            3,
            3,
            3,
            3,
            3,
            3,
            3,
            3,
            3,
            3,
            3,
            3,
            3,
            3,
            3,
            3,
            3,
            3,
            3,
            3,
            3,
            3,
            3,
            3,
            3,
            3,
            3,
            3,
            3,
            3,
            3,
            3,
            3,
            3,
            3,
            3,
            3,
            3,
            3,
            3,
            3,
            3,
            3,
            3,
            3,
            3,
            3,
            3,
            3,
            3,
            3,
            3,
            3,
            3,
            3,
            3,
            3,
            3,
            3,
            3,
            3,
            3,
            3,
            3,
            3,
            3,
            3,
            3,
            3,
            3,
            3,
            3,
            3,
            3,
            3,
            3,
            3,
            3,
            3,
            3,
            3,
            3,
            3,
            3,
            3,
            3,
            3,
            3,
            3,
            3,
            3,
            3,
            3,
            3,
            3,
            3,
            3,
            3,
            3,
            3,
            3,
            3,
            3,
            3,
            3,
            3,
            3,
            3,
            3,
            3,
            3,
            3,
            3,
            3,
            3,
            3,
            3,
            3,
            3,
            3,
            3,
            3,
            3,
            3,
            3,
            3,
            3,
            3,
            3,
            3,
            3,
            3,
            3,
            3,
            3,
            3,
            3,
            3,
            3,
            3,
            3,
            3,
            3,
            3,
            3,
            3,
            3,
            3,
            3,
            3,
            3,
            3,
            3,
            3,
            3,
            3,
            3,
            3,
            3,
            3,
            3,
            3,
            3,
            3,
            3,
            3,
            3,
            3,
            3,
            3,
            3,
            3,
            3,
            3,
            3,
            3,
            3,
            3,
            3,
            3,
            3,
            3,
            3,
            3,
            3,
            3,
            3,
            3,
            3,
            3,
            3,
            3,
            3,
            3,
            3,
            3,
            3,
            3,
            3,
            3,
            3,
            3,
            3,
            3,
            3,
            3,
            3,
            3,
            3,
            3,
            3,
            3,
            3,
            3,
            3,
            3,
            3,
            3,
            3,
            3,
            3,
            3,
            3,
            3,
            3,
            3,
            3,
            3,
            3,
            3,
            3,
            3,
            3,
            3,
            3,
            3,
            3,
            3,
            3,
            3,
            3,
            3,
            3,
            3,
            3,
            3,
            3,
            3,
            3,
            3,
            3,
            3,
            3,
            3,
            3,
            3,
            3,
            3,
            3,
            3,
            3,
            3,
            3,
            3,
            3,
            3,
            3,
            3,
            3,
            3,
            3,
            3,
            3,
            3,
            3,
            3,
            3,
            3,
            3,
            3,
            3,
            3,
            3,
            3,
            3,
            3,
            3,
            3,
            3,
            3,
            3,
            3,
            3,
            3,
            3,
            3,
            3,
            3,
            3,
            3,
            3,
            3,
            3,
            3,
            3,
            3,
            3,
            3,
            3,
            3,
            3,
            3,
            3,
            3,
            3,
            3,
            3,
            3,
            3,
            3,
            3,
            3,
            3,
            3,
            3,
            3,
            3,
            3,
            3,
            3,
            3,
            3,
            3,
            3,
            3,
            3,
            3,
            3,
            3,
            3,
            3,
            3,
            3,
            3,
            3,
            3,
            3,
            3,
            3,
            3,
            3,
            3,
            3,
            3,
            3,
            3,
            3,
            3,
            3,
            3,
            3,
            3,
            3,
            3,
            3,
            3,
            3,
            3,
            3,
            3,
            3,
            3,
            3,
            3,
            3,
            3,
            3,
            3,
            3,
            3,
            3,
            3,
            3,
            3,
            3,
            3,
            3,
            3,
            3,
            3,
            3,
            3,
            3,
            3,
            3,
            3,
            3,
            3,
            3,
            3,
            3,
            3,
            3,
            3,
            3,
            3,
            3,
            3,
            3,
            3,
            3,
            3,
            3,
            3,
            3,
            3,
            3,
            3,
            3,
            3,
            3,
            3,
            3,
            3,
            3,
            3,
            3,
            3,
            3,
            3,
            3,
            3,
            3,
            3,
            3,
            3,
            3,
            3,
            3,
            3,
            3,
            3,
            3,
            3,
            3,
            3,
            3,
            3,
            3,
            3,
            3,
            3,
            3,
            3,
            3,
            3,
            3,
            3,
            3,
            3,
            3,
            3,
            3,
            3,
            3,
            3,
            3,
            3,
            3,
            3,
            3,
            3,
            3,
            3,
            3,
            3,
            3,
            3,
            3,
            3,
            3,
            3,
            3,
            3,
            3,
            3,
            3,
            3,
            3,
            3,
            3,
            3,
            3,
            3,
            3,
            3,
            3,
            3,
            3,
            3,
            3,
            3,
            3,
            3,
            3,
            3,
            3,
            3,
            3,
            3,
            3,
            3,
            3,
            3,
            3,
            3,
            3,
            3,
            3,
            3,
            3,
            3,
            3,
            3,
            3,
            3,
            3,
            3,
            3,
            3,
            3,
            3,
            3,
            3,
            3,
            3,
            3,
            3,
            3,
            3,
            3,
            3,
            3,
            3,
            3,
            3,
            3,
            3,
            3,
            3,
            3,
            3,
            3,
            3,
            3,
            3,
            3,
            3,
            3,
            3,
            3,
            3,
            3,
            3,
            3,
            3,
            3,
            3,
            3,
            3,
            3,
            3,
            3,
            3,
            3,
            3,
            3,
            3,
            3,
            3,
            3,
            3,
            3,
            3,
            3,
            3,
            3,
            3,
            3,
            3,
            3,
            3,
            3,
            3,
            3,
            3,
            3,
            3,
            3,
            3,
            3,
            3,
            3,
            3,
            3,
            3,
            3,
            3,
            3,
            3,
            3,
            3,
            3,
            3,
            3,
            3,
            3,
            3,
            3,
            3,
            3,
            3,
            3,
            3,
            3,
            3,
            3,
            3,
            3,
            3,
            3,
            3,
            3,
            3,
            3,
            3,
            3,
            3,
            3,
            3,
            3,
            3,
            3,
            3,
            3,
            3,
            3,
            3,
            3,
            3,
            3,
            3,
            3,
            3,
            3,
            3,
            3,
            3,
            3,
            3,
            3,
            3,
            3,
            3,
            3,
            3,
            3,
            3,
            3,
            3,
            3,
            3,
            3,
            3,
            3,
            3,
            3,
            3,
            3,
            3,
            3,
            3,
            3,
            3,
            3,
            3,
            3,
            3,
            3,
            3,
            3,
            3,
            3,
            3,
            3,
            3,
            3,
            3,
            3,
            3,
            3,
            3,
            3,
            3,
            3,
            3,
            3,
            3,
            3,
            3,
            3,
            3,
            3,
            3,
            3,
            3,
            3,
            3,
            3,
            3,
            3,
            3,
            3,
            3,
            3,
            3,
            3,
            3,
            3,
            3,
            3,
            3,
            3,
            3,
            3,
            3,
            3,
            3,
            3,
            3,
            3,
            3,
            3,
            3,
            3,
            3,
            3,
            3,
            3,
            3,
            3,
            3,
            3,
            3,
            3,
            3,
            3,
            3,
            3,
            3,
            3,
            3,
            3,
            3,
            3,
            3,
            3,
            3,
            3,
            3,
            3,
            3,
            3,
            3,
            3,
            3,
            3,
            3,
            3,
            3,
            3,
            3,
            3,
            3,
            3,
            3,
            3,
            3,
            3,
            3,
            3,
            3,
            3,
            3,
            3,
            3,
            3,
            3,
            3,
            3,
            3,
            3,
            3,
            3,
            3,
            3,
            3,
            3,
            3,
            3,
            3,
            3,
            3,
            3,
            3,
            3,
            3,
            3,
            3,
            3,
            3,
            3,
            3,
            3,
            3,
            3,
            3,
            3,
            3,
            3,
            3,
            3,
            3,
            3,
            3,
            3,
            3,
            3,
            3,
            3,
            3,
            3,
            3,
            3,
            3,
            3,
            3,
            3,
            3,
            3,
            3,
            3,
            3,
            3,
            3,
            3,
            3,
            3,
            3,
            3,
            3,
            3,
            3,
            3,
            3,
            3,
            3,
            3,
            3,
            3,
            3,
            3,
            3,
            3,
            3,
            3,
            3,
            3,
            3,
            3,
            3,
            3,
            3,
            3,
            3,
            3,
            3,
            3,
            3,
            3,
            3,
            3,
            3,
            3,
            3,
            3,
            3,
            3,
            3,
            3,
            3,
            3,
            3,
            3,
            3,
            3,
            3,
            3,
            3,
            3,
            3,
            3,
            3,
            3,
            3,
            3,
            3,
            3,
            3,
            3,
            3,
            3,
            3,
            3,
            3,
            3,
            3,
            3,
            3,
            3,
            3,
            3,
            3,
            3,
            3,
            3,
            3,
            3,
            3,
            3,
            3,
            3,
            3,
            3,
            3,
            3,
            3,
            3,
            3,
            3,
            3,
            3,
            3,
            3,
            3,
            3,
            3,
            3,
            3,
            3,
            3,
            3,
            3,
            3,
            3,
            3,
            3,
            3,
            3,
            3,
            3,
            3,
            3,
            3,
            3,
            3,
            3,
            3,
            3,
            3,
            3,
            3,
            3,
            3,
            3,
            3,
            3,
            3,
            3,
            3,
            3,
            3,
            3,
            3,
            3,
            3,
            3,
            3,
            3,
            3,
            3,
            3,
            3,
            3,
            3,
            3,
            3,
            3,
            3,
            3,
            3,
            3,
            3,
            3,
            3,
            3,
            3,
            3,
            3,
            3,
            3,
            3,
            3,
            3,
            3,
            3,
            3,
            3,
            3,
            3,
            3,
            3,
            3,
            3,
            3,
            3,
            3,
            3,
            3,
            3,
            3,
            3,
            3,
            3,
            3,
            3,
            3,
            3,
            3,
            3,
            3,
            3,
            3,
            3,
            3,
            3,
            3,
            3,
            3,
            3,
            3,
            3,
            3,
            3,
            3,
            3,
            3,
            3,
            3,
            3,
            3,
            3,
            3,
            3,
            3,
            3,
            3,
            3,
            3,
            3,
            3,
            3,
            3,
            3,
            3,
            3,
            3,
            3,
            3,
            3,
            3,
            3,
            3,
            3,
            3,
            3,
            3,
            3,
            3,
            3,
            3,
            3,
            3,
            3,
            3,
            3,
            3,
            3,
            3,
            3,
            3,
            3,
            3,
            3,
            3,
            3,
            3,
            3,
            3,
            3,
            3,
            3,
            3,
            3,
            3,
            3,
            3,
            3,
            3,
            3,
            3,
            3,
            3,
            3,
            3,
            3,
            3,
            3,
            3,
            3,
            3,
            3,
            3,
            3,
            3,
            3,
            3,
            3,
            3,
            3,
            3,
            3,
            3,
            3,
            3,
            3,
            3,
            3,
            3,
            3,
            3,
            3,
            3,
            3,
            3,
            3,
            3,
            3,
            3,
            3,
            3,
            3,
            3,
            3,
            3,
            3,
            3,
            3,
            3,
            3,
            3,
            3,
            3,
            3,
            3,
            3,
            3,
            3,
            3,
            3,
            3,
            3,
            3,
            3,
            3,
            3,
            3,
            3,
            3,
            3,
            3,
            3,
            3,
            3,
            3,
            3,
            3,
            3,
            3,
            3,
            3,
            3,
            3,
            3,
            3,
            3,
            3,
            3,
            3,
            3,
            3,
            3,
            3,
            3,
            3,
            3,
            3,
            3,
            3,
            3,
            3,
            3,
            3,
            3,
            3,
            3,
            3,
            3,
            3,
            3,
            3,
            3,
            3,
            3,
            3,
            3,
            3,
            3,
            3,
            3,
            3,
            3,
            3,
            3,
            3,
            3,
            3,
            3,
            3,
            3,
            3,
            3,
            3,
            3,
            3,
            3,
            3,
            3,
            3,
            3,
            3,
            3,
            3,
            3,
            3,
            3,
            3,
            3,
            3,
            3,
            3,
            3,
            3,
            3,
            3,
            3,
            3,
            3,
            3,
            3,
            3,
            3,
            3,
            3,
            3,
            3,
            3,
            3,
            3,
            3,
            3,
            3,
            3,
            3,
            3,
            3,
            3,
            3,
            3,
            3,
            3,
            3,
            3,
            3,
            3,
            3,
            3,
            3,
            3,
            3,
            3,
            3,
            3,
            3,
            3,
            3,
            3,
            3,
            3,
            3,
            3,
            3,
            3,
            3,
            3,
            3,
            3,
            3,
            3,
            3,
            3,
            3,
            3,
            3,
            3,
            3,
            3,
            3,
            3,
            3,
            3,
            3,
            3,
            3,
            3,
            3,
            3,
            3,
            3,
            3,
            3,
            3,
            3,
            3,
            3,
            3,
            3,
            3,
            3,
            3,
            3,
            3,
            3,
            3,
            3,
            3,
            3,
            3,
            3,
            3,
            3,
            3,
            3,
            3,
            3,
            3,
            3,
            3,
            3,
            3,
            3,
            3,
            3,
            3,
            3,
            3,
            3,
            3,
            3,
            3,
            3,
            3,
            3,
            3,
            3,
            3,
            3,
            3,
            3,
            3,
            3,
            3,
            3,
            3,
            3,
            3,
            3,
            3,
            3,
            3,
            3,
            3,
            3,
            3,
            3,
            3,
            3,
            3,
            3,
            3,
            3,
            3,
            3,
            3,
            3,
            3,
            3,
            3,
            3,
            3,
            3,
            3,
            3,
            3,
            3,
            3,
            3,
            3,
            3,
            3,
            3,
            3,
            3,
            3,
            3,
            3,
            3,
            3,
            3,
            3,
            3,
            3,
            3,
            3,
            3,
            3,
            3,
            3,
            3,
            3,
            3,
            3,
            3,
            3,
            3,
            3,
            3,
            3,
            3,
            3,
            3,
            3,
            3,
            3,
            3,
            3,
            3,
            3,
            3,
            3,
            3,
            3,
            3,
            3,
            3,
            3,
            3,
            3,
            3,
            3,
            3,
            3,
            3,
            3,
            3,
            3,
            3,
            3,
            3,
            3,
            3,
            3,
            3,
            3,
            3,
            3,
            3,
            3,
            3,
            3,
            3,
            3,
            3,
            3,
            3,
            3,
            3,
            3,
            3,
            3,
            3,
            3,
            3,
            3,
            3,
            3,
            3,
            3,
            3,
            3,
            3,
            3,
            3,
            3,
            3,
            3,
            3,
            3,
            3,
            3,
            3,
            3,
            3,
            3,
            3,
            3,
            3,
            3,
            3,
            3,
            3,
            3,
            3,
            3,
            3,
            3,
            3,
            3,
            3,
            3,
            3,
            3,
            3,
            3,
            3,
            3,
            3,
            3,
            3,
            3,
            3,
            3,
            3,
            3,
            3,
            3,
            3,
            3,
            3,
            3,
            3,
            3,
            3,
            3,
            3,
            3,
            3,
            3,
            3,
            3,
            3,
            3,
            3,
            3,
            3,
            3,
            3,
            3,
            3,
            3,
            3,
            3,
            3,
            3,
            3,
            3,
            3,
            3,
            3,
            3,
            3,
            3,
            3,
            3,
            3,
            3,
            3,
            3,
            3,
            3,
            3,
            3,
            3,
            3,
            3,
            3,
            3,
            3,
            3,
            3,
            3,
            3,
            3,
            3,
            3,
            3,
            3,
            3,
            3,
            3,
            3,
            3,
            3,
            3,
            3,
            3,
            3,
            3,
            3,
            3,
            3,
            3,
            3,
            3,
            3,
            3,
            3,
            3,
            3,
            3,
            3,
            3,
            3,
            3,
            3,
            3,
            3,
            3,
            3,
            3,
            3,
            3,
            3,
            3,
            3,
            3,
            3,
            3,
            3,
            3,
            3,
            3,
            3,
            3,
            3,
            3,
            3,
            3,
            3,
            3,
            3,
            3,
            3,
            3,
            3,
            3,
            3,
            3,
            3,
            3,
            3,
            3,
            3,
            3,
            3,
            3,
            3,
            3,
            3,
            3,
            3,
            3,
            3,
            3,
            3,
            3,
            3,
            3,
            3,
            3,
            3,
            3,
            3,
            3,
            3,
            3,
            3,
            3,
            3,
            3,
            3,
            3,
            3,
            3,
            3,
            3,
            3,
            3,
            3,
            3,
            3,
            3,
            3,
            3,
            3,
            3,
            3,
            3,
            3,
            3,
            3,
            3,
            3,
            3,
            3,
            3,
            3,
            3,
            3,
            3,
            3,
            3,
            3,
            3,
            3,
            3,
            3,
            3,
            3,
            3,
            3,
            3,
            3,
            3,
            3,
            3,
            3,
            3,
            3,
            3,
            3,
            3,
            3,
            3,
            3,
            3,
            3,
            3,
            3,
            3,
            3,
            3,
            3,
            3,
            3,
            3,
            3,
            3,
            3,
            3,
            3,
            3,
            3,
            3,
            3,
            3,
            3,
            3,
            3,
            3,
            3,
            3,
            3,
            3,
            3,
            3,
            3,
            3,
            3,
            3,
            3,
            3,
            3,
            3,
            3,
            3,
            3,
            3,
            3,
            3,
            3,
            3,
            3,
            3,
            3,
            3,
            3,
            3,
            3,
            3,
            3,
            3,
            3,
            3,
            3,
            3,
            3,
            3,
            3,
            3,
            3,
            3,
            3,
            3,
            3,
            3,
            3,
            3,
            3,
            3,
            3,
            3,
            3,
            3,
            3,
            3,
            3,
            3,
            3,
            3,
            3,
            3,
            3,
            3,
            3,
            3,
            3,
            3,
            3,
            3,
            3,
            3,
            3,
            3,
            3,
            3,
            3,
            3,
            3,
            3,
            3,
            3,
            3,
            3,
            3,
            3,
            3,
            3,
            3,
            3,
            3,
            3,
            3,
            3,
            3,
            3,
            3,
            3,
            3,
            3,
            3,
            3,
            3,
            3,
            3,
            3,
            3,
            3,
            3,
            3,
            3,
            3,
            3,
            3,
            3,
            3,
            3,
            3,
            3,
            3,
            3,
            3,
            3,
            3,
            3,
            3,
            3,
            3,
            3,
            3,
            3,
            3,
            3,
            3,
            3,
            3,
            3,
            3,
            3
        ]
        int[] faceVertexIndices = [
            0,
            2,
            1,
            3,
            5,
            4,
            6,
            8,
            7,
            6,
            9,
            8,
            10,
            9,
            6,
            10,
            11,
            9,
            12,
            14,
            13,
            12,
            15,
            14,
            16,
            14,
            15,
            16,
            17,
            14,
            18,
            20,
            19,
            18,
            21,
            20,
            22,
            21,
            18,
            22,
            23,
            21,
            24,
            26,
            25,
            24,
            27,
            26,
            24,
            28,
            27,
            24,
            29,
            28,
            29,
            30,
            28,
            29,
            31,
            30,
            32,
            30,
            31,
            26,
            27,
            33,
            28,
            33,
            27,
            26,
            33,
            34,
            28,
            35,
            33,
            30,
            35,
            28,
            30,
            36,
            35,
            30,
            37,
            36,
            30,
            38,
            37,
            32,
            38,
            30,
            38,
            39,
            37,
            38,
            40,
            39,
            32,
            40,
            38,
            32,
            41,
            40,
            42,
            44,
            43,
            42,
            45,
            44,
            46,
            45,
            42,
            46,
            42,
            47,
            48,
            46,
            47,
            48,
            49,
            46,
            50,
            49,
            48,
            50,
            51,
            49,
            52,
            51,
            50,
            52,
            53,
            51,
            54,
            53,
            52,
            54,
            55,
            53,
            56,
            55,
            54,
            56,
            57,
            55,
            58,
            57,
            56,
            58,
            59,
            57,
            60,
            59,
            58,
            60,
            61,
            59,
            62,
            61,
            60,
            62,
            63,
            61,
            64,
            63,
            62,
            64,
            65,
            63,
            66,
            65,
            64,
            66,
            67,
            65,
            68,
            67,
            66,
            68,
            69,
            67,
            70,
            69,
            68,
            70,
            71,
            69,
            72,
            71,
            70,
            72,
            73,
            71,
            74,
            73,
            72,
            74,
            75,
            73,
            76,
            75,
            74,
            76,
            77,
            75,
            78,
            77,
            76,
            78,
            79,
            77,
            80,
            82,
            81,
            80,
            83,
            82,
            84,
            83,
            80,
            84,
            85,
            83,
            86,
            85,
            84,
            86,
            87,
            85,
            88,
            87,
            86,
            88,
            89,
            87,
            90,
            89,
            88,
            90,
            91,
            89,
            92,
            91,
            90,
            92,
            93,
            91,
            94,
            93,
            92,
            94,
            95,
            93,
            96,
            95,
            94,
            96,
            97,
            95,
            98,
            97,
            96,
            98,
            99,
            97,
            100,
            99,
            98,
            100,
            101,
            99,
            102,
            101,
            100,
            102,
            103,
            101,
            104,
            103,
            102,
            104,
            105,
            103,
            106,
            105,
            104,
            106,
            107,
            105,
            108,
            107,
            106,
            108,
            109,
            107,
            110,
            109,
            108,
            110,
            111,
            109,
            112,
            111,
            110,
            112,
            113,
            111,
            114,
            113,
            112,
            114,
            115,
            113,
            116,
            115,
            114,
            116,
            117,
            115,
            118,
            120,
            119,
            118,
            121,
            120,
            118,
            122,
            121,
            118,
            123,
            122,
            123,
            124,
            122,
            123,
            125,
            124,
            126,
            124,
            125,
            120,
            121,
            127,
            122,
            127,
            121,
            120,
            127,
            128,
            122,
            129,
            127,
            124,
            129,
            122,
            124,
            130,
            129,
            124,
            131,
            130,
            126,
            132,
            124,
            124,
            132,
            131,
            133,
            132,
            126,
            132,
            134,
            131,
            133,
            135,
            132,
            132,
            135,
            134,
            136,
            138,
            137,
            136,
            139,
            138,
            140,
            139,
            136,
            140,
            141,
            139,
            139,
            142,
            138,
            141,
            143,
            139,
            139,
            143,
            142,
            141,
            144,
            143,
            145,
            142,
            143,
            144,
            145,
            143,
            145,
            146,
            142,
            144,
            147,
            145,
            145,
            148,
            146,
            147,
            149,
            145,
            145,
            149,
            148,
            147,
            150,
            149,
            149,
            151,
            148,
            152,
            149,
            150,
            149,
            153,
            151,
            152,
            153,
            149,
            154,
            156,
            155,
            154,
            157,
            156,
            158,
            157,
            154,
            157,
            159,
            156,
            158,
            160,
            157,
            157,
            161,
            159,
            160,
            161,
            157,
            161,
            162,
            159,
            160,
            163,
            161,
            161,
            164,
            162,
            163,
            164,
            161,
            164,
            165,
            162,
            163,
            166,
            164,
            164,
            167,
            165,
            168,
            164,
            166,
            168,
            167,
            164,
            169,
            171,
            170,
            172,
            170,
            171,
            171,
            173,
            172,
            174,
            172,
            173,
            174,
            173,
            175,
            173,
            176,
            175,
            173,
            177,
            176,
            173,
            178,
            177,
            179,
            181,
            180,
            179,
            182,
            181,
            183,
            182,
            179,
            183,
            184,
            182,
            185,
            187,
            186,
            185,
            188,
            187,
            189,
            188,
            185,
            189,
            190,
            188,
            191,
            193,
            192,
            191,
            194,
            193,
            195,
            194,
            191,
            195,
            196,
            194,
            195,
            197,
            196,
            195,
            198,
            197,
            195,
            199,
            198,
            195,
            200,
            199,
            201,
            203,
            202,
            201,
            204,
            203,
            204,
            201,
            205,
            201,
            206,
            205,
            207,
            205,
            206,
            208,
            207,
            206,
            209,
            208,
            206,
            206,
            210,
            209,
            211,
            213,
            212,
            211,
            214,
            213,
            213,
            214,
            215,
            214,
            216,
            215,
            214,
            217,
            216,
            211,
            217,
            214,
            218,
            216,
            217,
            218,
            219,
            216,
            220,
            218,
            217,
            220,
            217,
            221,
            211,
            221,
            217,
            222,
            220,
            221,
            223,
            221,
            211,
            222,
            221,
            223,
            223,
            211,
            224,
            225,
            222,
            223,
            226,
            223,
            224,
            225,
            223,
            226,
            226,
            224,
            227,
            228,
            225,
            226,
            229,
            226,
            227,
            228,
            226,
            229,
            229,
            227,
            230,
            231,
            228,
            229,
            232,
            229,
            230,
            231,
            229,
            232,
            232,
            230,
            233,
            234,
            231,
            232,
            235,
            232,
            233,
            234,
            232,
            235,
            235,
            233,
            236,
            237,
            234,
            235,
            238,
            235,
            236,
            237,
            235,
            238,
            238,
            236,
            239,
            240,
            237,
            238,
            241,
            238,
            239,
            241,
            239,
            242,
            241,
            242,
            243,
            241,
            243,
            244,
            245,
            241,
            244,
            240,
            238,
            246,
            241,
            246,
            238,
            245,
            246,
            241,
            247,
            240,
            246,
            247,
            246,
            245,
            248,
            250,
            249,
            248,
            251,
            250,
            252,
            251,
            248,
            253,
            252,
            248,
            254,
            253,
            248,
            248,
            255,
            254,
            255,
            256,
            254,
            256,
            255,
            257,
            258,
            260,
            259,
            258,
            261,
            260,
            262,
            264,
            263,
            262,
            265,
            264,
            266,
            268,
            267,
            266,
            269,
            268,
            270,
            269,
            266,
            270,
            271,
            269,
            272,
            271,
            270,
            272,
            273,
            271,
            274,
            276,
            275,
            274,
            277,
            276,
            278,
            280,
            279,
            278,
            281,
            280,
            282,
            281,
            278,
            282,
            283,
            281,
            284,
            283,
            282,
            284,
            285,
            283,
            286,
            288,
            287,
            286,
            289,
            288,
            290,
            289,
            286,
            290,
            286,
            291,
            292,
            290,
            291,
            292,
            291,
            293,
            286,
            294,
            291,
            286,
            295,
            294,
            295,
            296,
            294,
            295,
            297,
            296,
            297,
            298,
            296,
            297,
            299,
            298,
            299,
            300,
            298,
            299,
            301,
            300,
            301,
            302,
            300,
            301,
            303,
            302,
            303,
            304,
            302,
            303,
            305,
            304,
            304,
            305,
            306,
            305,
            307,
            306,
            305,
            308,
            307,
            304,
            306,
            309,
            310,
            304,
            309,
            310,
            309,
            311,
            312,
            314,
            313,
            312,
            315,
            314,
            316,
            318,
            317,
            316,
            319,
            318,
            320,
            322,
            321,
            320,
            323,
            322,
            324,
            323,
            320,
            324,
            325,
            323,
            326,
            325,
            324,
            326,
            327,
            325,
            328,
            330,
            329,
            328,
            331,
            330,
            332,
            334,
            333,
            332,
            335,
            334,
            336,
            335,
            332,
            336,
            337,
            335,
            338,
            337,
            336,
            338,
            339,
            337,
            340,
            342,
            341,
            340,
            343,
            342,
            344,
            346,
            345,
            344,
            347,
            346,
            344,
            348,
            347,
            348,
            349,
            347,
            349,
            350,
            347,
            351,
            350,
            349,
            352,
            351,
            349,
            353,
            352,
            349,
            354,
            353,
            349,
            355,
            354,
            349,
            356,
            355,
            349,
            357,
            356,
            349,
            349,
            348,
            357,
            348,
            358,
            357,
            359,
            357,
            358,
            360,
            359,
            358,
            361,
            359,
            360,
            362,
            361,
            360,
            363,
            362,
            360,
            364,
            363,
            360,
            365,
            364,
            360,
            366,
            365,
            360,
            358,
            367,
            360,
            368,
            366,
            360,
            367,
            368,
            360,
            369,
            368,
            367,
            370,
            368,
            369,
            370,
            371,
            368,
            372,
            374,
            373,
            372,
            375,
            374,
            376,
            375,
            372,
            376,
            377,
            375,
            378,
            377,
            376,
            378,
            376,
            379,
            380,
            378,
            379,
            380,
            379,
            381,
            382,
            380,
            381,
            382,
            381,
            383,
            384,
            382,
            383,
            384,
            383,
            385,
            386,
            384,
            385,
            386,
            385,
            387,
            388,
            386,
            387,
            388,
            387,
            389,
            390,
            388,
            389,
            390,
            391,
            388,
            392,
            394,
            393,
            392,
            395,
            394,
            396,
            398,
            397,
            396,
            399,
            398,
            400,
            402,
            401,
            400,
            403,
            402,
            403,
            400,
            404,
            404,
            405,
            403,
            404,
            406,
            405,
            407,
            405,
            406,
            407,
            408,
            405,
            409,
            408,
            407,
            409,
            410,
            408,
            411,
            413,
            412,
            411,
            414,
            413,
            415,
            417,
            416,
            415,
            418,
            417,
            419,
            418,
            415,
            419,
            415,
            420,
            421,
            419,
            420,
            421,
            420,
            422,
            423,
            421,
            422,
            423,
            422,
            424,
            425,
            423,
            424,
            425,
            424,
            426,
            427,
            425,
            426,
            427,
            426,
            428,
            429,
            427,
            428,
            429,
            428,
            430,
            431,
            429,
            430,
            431,
            432,
            429,
            433,
            432,
            431,
            433,
            434,
            432,
            435,
            437,
            436,
            435,
            438,
            437,
            439,
            441,
            440,
            439,
            442,
            441,
            443,
            445,
            444,
            443,
            446,
            445,
            447,
            449,
            448,
            447,
            450,
            449,
            451,
            453,
            452,
            451,
            454,
            453,
            455,
            457,
            456,
            456,
            458,
            455,
            455,
            458,
            459,
            458,
            460,
            459,
            461,
            463,
            462,
            461,
            464,
            463,
            465,
            464,
            461,
            465,
            466,
            464,
            467,
            466,
            465,
            467,
            468,
            466,
            469,
            471,
            470,
            469,
            472,
            471,
            473,
            475,
            474,
            473,
            476,
            475,
            477,
            476,
            473,
            477,
            478,
            476,
            479,
            478,
            477,
            479,
            480,
            478,
            481,
            483,
            482,
            481,
            484,
            483,
            485,
            487,
            486,
            485,
            488,
            487,
            489,
            488,
            485,
            489,
            490,
            488,
            491,
            490,
            489,
            491,
            492,
            490,
            493,
            495,
            494,
            493,
            496,
            495,
            497,
            496,
            493,
            497,
            498,
            496,
            499,
            498,
            497,
            499,
            500,
            498,
            501,
            503,
            502,
            501,
            504,
            503,
            505,
            504,
            501,
            505,
            506,
            504,
            507,
            506,
            505,
            507,
            508,
            506,
            509,
            511,
            510,
            509,
            512,
            511,
            513,
            512,
            509,
            513,
            514,
            512,
            515,
            514,
            513,
            515,
            516,
            514,
            517,
            519,
            518,
            517,
            520,
            519,
            521,
            523,
            522,
            521,
            524,
            523,
            525,
            527,
            526,
            525,
            528,
            527,
            529,
            531,
            530,
            529,
            532,
            531,
            533,
            535,
            534,
            533,
            536,
            535,
            537,
            539,
            538,
            537,
            540,
            539,
            541,
            540,
            537,
            541,
            542,
            540,
            543,
            545,
            544,
            543,
            546,
            545,
            547,
            546,
            543,
            547,
            548,
            546,
            549,
            551,
            550,
            549,
            552,
            551,
            553,
            552,
            549,
            553,
            554,
            552,
            555,
            557,
            556,
            555,
            558,
            557,
            559,
            558,
            555,
            559,
            560,
            558,
            561,
            563,
            562,
            561,
            564,
            563,
            565,
            564,
            561,
            565,
            566,
            564,
            567,
            566,
            565,
            567,
            568,
            566,
            569,
            568,
            567,
            569,
            570,
            568,
            571,
            570,
            569,
            571,
            572,
            570,
            573,
            572,
            571,
            573,
            574,
            572,
            575,
            577,
            576,
            575,
            578,
            577,
            579,
            578,
            575,
            579,
            580,
            578,
            581,
            583,
            582,
            581,
            584,
            583,
            585,
            584,
            581,
            585,
            586,
            584,
            587,
            589,
            588,
            587,
            590,
            589,
            591,
            590,
            587,
            591,
            592,
            590,
            593,
            595,
            594,
            593,
            596,
            595,
            597,
            596,
            593,
            596,
            598,
            595,
            597,
            599,
            596,
            596,
            600,
            598,
            599,
            600,
            596,
            599,
            601,
            600,
            602,
            604,
            603,
            602,
            605,
            604,
            606,
            605,
            602,
            606,
            607,
            605,
            608,
            610,
            609,
            608,
            611,
            610,
            612,
            611,
            608,
            611,
            613,
            610,
            612,
            614,
            611,
            611,
            615,
            613,
            614,
            615,
            611,
            614,
            616,
            615,
            617,
            619,
            618,
            617,
            620,
            619,
            621,
            620,
            617,
            621,
            622,
            620,
            623,
            625,
            624,
            623,
            626,
            625,
            627,
            626,
            623,
            627,
            628,
            626,
            629,
            631,
            630,
            629,
            632,
            631,
            633,
            632,
            629,
            633,
            634,
            632,
            635,
            637,
            636,
            635,
            638,
            637,
            639,
            638,
            635,
            639,
            640,
            638,
            641,
            643,
            642,
            641,
            642,
            644,
            645,
            641,
            644,
            644,
            642,
            646,
            645,
            647,
            641,
            645,
            648,
            647,
            644,
            646,
            649,
            650,
            648,
            645,
            651,
            644,
            649,
            645,
            644,
            651,
            651,
            649,
            652,
            653,
            652,
            649,
            653,
            654,
            652,
            652,
            654,
            655,
            652,
            655,
            656,
            651,
            652,
            656,
            656,
            655,
            657,
            651,
            656,
            658,
            656,
            657,
            658,
            658,
            657,
            650,
            645,
            651,
            658,
            658,
            650,
            659,
            645,
            658,
            659,
            650,
            645,
            659,
            660,
            662,
            661,
            660,
            661,
            663,
            661,
            664,
            663,
            661,
            665,
            664,
            666,
            660,
            663,
            666,
            667,
            660,
            668,
            667,
            666,
            668,
            669,
            667,
            670,
            669,
            668,
            670,
            671,
            669,
            672,
            671,
            670,
            672,
            673,
            671,
            674,
            673,
            672,
            674,
            675,
            673,
            676,
            675,
            674,
            676,
            677,
            675,
            678,
            677,
            676,
            678,
            679,
            677,
            680,
            679,
            678,
            680,
            681,
            679,
            682,
            681,
            680,
            682,
            683,
            681,
            684,
            683,
            682,
            684,
            685,
            683,
            684,
            686,
            685,
            684,
            687,
            686,
            684,
            688,
            687,
            684,
            689,
            688,
            690,
            692,
            691,
            690,
            691,
            693,
            693,
            694,
            690,
            693,
            691,
            695,
            693,
            696,
            694,
            693,
            695,
            697,
            697,
            696,
            693,
            697,
            698,
            696,
            699,
            701,
            700,
            699,
            700,
            702,
            702,
            703,
            699,
            702,
            700,
            704,
            702,
            705,
            703,
            702,
            704,
            706,
            706,
            705,
            702,
            706,
            707,
            705,
            708,
            710,
            709,
            708,
            709,
            711,
            709,
            712,
            711,
            709,
            713,
            712,
            714,
            708,
            711,
            714,
            715,
            708,
            716,
            715,
            714,
            716,
            717,
            715,
            718,
            720,
            719,
            721,
            719,
            720,
            722,
            721,
            720,
            723,
            722,
            720,
            720,
            724,
            723,
            724,
            725,
            723,
            726,
            725,
            724,
            726,
            727,
            725,
            728,
            730,
            729,
            728,
            729,
            731,
            731,
            732,
            728,
            731,
            733,
            732,
            733,
            734,
            732,
            733,
            735,
            734,
            735,
            736,
            734,
            735,
            737,
            736,
            737,
            738,
            736,
            737,
            739,
            738,
            739,
            740,
            738,
            739,
            741,
            740,
            742,
            744,
            743,
            742,
            743,
            745,
            745,
            746,
            742,
            745,
            747,
            746,
            747,
            748,
            746,
            747,
            749,
            748,
            749,
            750,
            748,
            749,
            751,
            750,
            751,
            752,
            750,
            751,
            753,
            752,
            753,
            754,
            752,
            753,
            755,
            754,
            756,
            758,
            757,
            759,
            756,
            757,
            760,
            756,
            759,
            761,
            760,
            759,
            762,
            761,
            759,
            763,
            762,
            759,
            764,
            763,
            759,
            765,
            764,
            759,
            766,
            765,
            759,
            759,
            757,
            767,
            766,
            759,
            767,
            768,
            766,
            767,
            768,
            767,
            769,
            767,
            770,
            769,
            769,
            770,
            771,
            769,
            771,
            772,
            772,
            773,
            769,
            768,
            769,
            774,
            769,
            775,
            774,
            773,
            776,
            769,
            776,
            775,
            769,
            777,
            774,
            775,
            776,
            778,
            775,
            779,
            777,
            775,
            778,
            780,
            775,
            781,
            779,
            775,
            780,
            781,
            775,
            782,
            784,
            783,
            783,
            785,
            782,
            782,
            785,
            786,
            785,
            787,
            786,
            788,
            790,
            789,
            788,
            789,
            791,
            792,
            788,
            791,
            792,
            793,
            788,
            794,
            793,
            792,
            794,
            795,
            793,
            796,
            795,
            794,
            796,
            797,
            795,
            796,
            798,
            797,
            796,
            799,
            798,
            800,
            802,
            801,
            803,
            800,
            801,
            801,
            804,
            803,
            804,
            805,
            803,
            806,
            808,
            807,
            806,
            807,
            809,
            810,
            806,
            809,
            810,
            811,
            806,
            812,
            811,
            810,
            812,
            813,
            811,
            814,
            813,
            812,
            814,
            815,
            813,
            814,
            816,
            815,
            814,
            817,
            816,
            818,
            820,
            819,
            818,
            819,
            821,
            818,
            821,
            822,
            818,
            822,
            823,
            823,
            822,
            824,
            823,
            824,
            825,
            825,
            824,
            826,
            825,
            826,
            827,
            826,
            828,
            827,
            826,
            829,
            828,
            830,
            832,
            831,
            830,
            831,
            833,
            830,
            833,
            834,
            830,
            834,
            835,
            835,
            834,
            836,
            835,
            836,
            837,
            837,
            836,
            838,
            837,
            838,
            839,
            838,
            840,
            839,
            838,
            841,
            840,
            842,
            844,
            843,
            842,
            843,
            845,
            846,
            842,
            845,
            846,
            847,
            842,
            848,
            847,
            846,
            848,
            849,
            847,
            850,
            849,
            848,
            850,
            851,
            849,
            850,
            852,
            851,
            850,
            853,
            852,
            854,
            856,
            855,
            854,
            855,
            857,
            854,
            857,
            858,
            854,
            858,
            859,
            859,
            858,
            860,
            859,
            860,
            861,
            861,
            860,
            862,
            861,
            862,
            863,
            862,
            864,
            863,
            862,
            865,
            864,
            866,
            868,
            867,
            866,
            867,
            869,
            870,
            866,
            869,
            870,
            871,
            866,
            872,
            871,
            870,
            872,
            873,
            871,
            872,
            874,
            873,
            872,
            875,
            874,
            876,
            878,
            877,
            876,
            877,
            879,
            879,
            877,
            880,
            879,
            880,
            881,
            879,
            881,
            882,
            879,
            883,
            876,
            879,
            882,
            884,
            879,
            884,
            883,
            884,
            882,
            885,
            883,
            884,
            886,
            884,
            885,
            886,
            883,
            886,
            887,
            886,
            888,
            887,
            886,
            889,
            888,
            885,
            889,
            886,
            885,
            890,
            889,
            891,
            893,
            892,
            891,
            892,
            894,
            891,
            894,
            895,
            891,
            895,
            896,
            896,
            895,
            897,
            896,
            897,
            898,
            897,
            899,
            898,
            897,
            900,
            899,
            901,
            903,
            902,
            902,
            903,
            904,
            901,
            902,
            905,
            902,
            904,
            906,
            907,
            901,
            905,
            906,
            904,
            908,
            907,
            909,
            901,
            906,
            908,
            910,
            911,
            909,
            907,
            910,
            908,
            912,
            911,
            913,
            909,
            910,
            912,
            914,
            915,
            913,
            911,
            914,
            912,
            916,
            915,
            917,
            913,
            914,
            916,
            918,
            919,
            917,
            915,
            918,
            916,
            920,
            919,
            921,
            917,
            918,
            920,
            922,
            923,
            921,
            919,
            922,
            920,
            924,
            923,
            925,
            921,
            922,
            924,
            926,
            927,
            925,
            923,
            926,
            924,
            928,
            927,
            929,
            925,
            926,
            928,
            930,
            930,
            928,
            931,
            930,
            931,
            932,
            932,
            931,
            933,
            932,
            933,
            934,
            934,
            933,
            935,
            934,
            935,
            936,
            936,
            935,
            937,
            936,
            937,
            938,
            938,
            937,
            939,
            938,
            939,
            940,
            940,
            939,
            941,
            940,
            941,
            942,
            942,
            941,
            943,
            942,
            943,
            944,
            944,
            943,
            945,
            944,
            945,
            946,
            946,
            945,
            947,
            946,
            947,
            948,
            948,
            947,
            949,
            948,
            949,
            950,
            950,
            949,
            951,
            950,
            951,
            952,
            952,
            951,
            953,
            952,
            953,
            954,
            954,
            953,
            955,
            954,
            955,
            956,
            955,
            957,
            956,
            955,
            958,
            957,
            957,
            958,
            959,
            957,
            959,
            960,
            960,
            959,
            961,
            960,
            961,
            962,
            962,
            961,
            963,
            962,
            963,
            964,
            964,
            963,
            965,
            964,
            965,
            966,
            966,
            965,
            967,
            966,
            967,
            968,
            968,
            967,
            969,
            968,
            969,
            970,
            971,
            970,
            969,
            971,
            969,
            972,
            971,
            972,
            929,
            971,
            929,
            927,
            973,
            975,
            974,
            974,
            975,
            976,
            974,
            976,
            977,
            977,
            976,
            978,
            977,
            978,
            979,
            979,
            978,
            980,
            979,
            980,
            981,
            981,
            980,
            982,
            981,
            982,
            983,
            983,
            982,
            984,
            983,
            984,
            985,
            985,
            984,
            986,
            985,
            986,
            987,
            987,
            986,
            988,
            987,
            988,
            989,
            989,
            988,
            990,
            989,
            990,
            991,
            991,
            990,
            992,
            991,
            992,
            993,
            993,
            992,
            994,
            993,
            994,
            995,
            995,
            994,
            996,
            995,
            996,
            997,
            997,
            996,
            998,
            997,
            998,
            999,
            999,
            998,
            1000,
            999,
            1000,
            1001,
            1001,
            1000,
            1002,
            1001,
            1002,
            1003,
            1003,
            1002,
            1004,
            1003,
            1004,
            1005,
            1005,
            1004,
            1006,
            1005,
            1006,
            1007,
            1007,
            1006,
            973,
            1007,
            973,
            1008,
            973,
            974,
            1008,
            997,
            1009,
            995,
            997,
            1010,
            1009,
            999,
            1010,
            997,
            995,
            1009,
            1011,
            999,
            1012,
            1010,
            995,
            1011,
            993,
            1001,
            1012,
            999,
            993,
            1011,
            1013,
            1001,
            1014,
            1012,
            993,
            1013,
            991,
            1003,
            1014,
            1001,
            991,
            1013,
            1015,
            1003,
            1016,
            1014,
            991,
            1015,
            989,
            1005,
            1016,
            1003,
            989,
            1015,
            1017,
            1005,
            1018,
            1016,
            989,
            1017,
            987,
            1007,
            1018,
            1005,
            987,
            1017,
            1019,
            1007,
            1020,
            1018,
            987,
            1019,
            985,
            1008,
            1020,
            1007,
            985,
            1019,
            1021,
            1008,
            1022,
            1020,
            985,
            1021,
            983,
            974,
            1022,
            1008,
            983,
            1021,
            1023,
            974,
            1024,
            1022,
            983,
            1023,
            981,
            977,
            1024,
            974,
            981,
            1023,
            1025,
            977,
            1026,
            1024,
            981,
            1025,
            979,
            979,
            1026,
            977,
            979,
            1025,
            1026,
            1027,
            1029,
            1028,
            1028,
            1029,
            1030,
            1027,
            1028,
            1031,
            1028,
            1030,
            1032,
            1033,
            1027,
            1031,
            1032,
            1030,
            1034,
            1033,
            1035,
            1027,
            1032,
            1034,
            1036,
            1037,
            1035,
            1033,
            1036,
            1034,
            1038,
            1037,
            1039,
            1035,
            1036,
            1038,
            1040,
            1041,
            1039,
            1037,
            1040,
            1038,
            1042,
            1041,
            1043,
            1039,
            1040,
            1042,
            1044,
            1045,
            1043,
            1041,
            1044,
            1042,
            1046,
            1045,
            1047,
            1043,
            1044,
            1046,
            1048,
            1049,
            1047,
            1045,
            1049,
            1050,
            1047,
            1051,
            1050,
            1049,
            1051,
            1052,
            1050,
            1053,
            1052,
            1051,
            1053,
            1054,
            1052,
            1055,
            1054,
            1053,
            1055,
            1056,
            1054,
            1057,
            1056,
            1055,
            1057,
            1058,
            1056,
            1048,
            1046,
            1059,
            1048,
            1059,
            1060,
            1061,
            1058,
            1057,
            1059,
            1061,
            1060,
            1061,
            1062,
            1058,
            1059,
            1062,
            1061,
            1063,
            1065,
            1064,
            1064,
            1065,
            1066,
            1063,
            1064,
            1067,
            1064,
            1066,
            1068,
            1069,
            1063,
            1067,
            1068,
            1066,
            1070,
            1069,
            1067,
            1071,
            1068,
            1070,
            1072,
            1073,
            1069,
            1071,
            1072,
            1070,
            1074,
            1073,
            1071,
            1075,
            1072,
            1074,
            1076,
            1077,
            1073,
            1075,
            1076,
            1074,
            1078,
            1077,
            1075,
            1079,
            1076,
            1078,
            1080,
            1081,
            1077,
            1079,
            1080,
            1078,
            1082,
            1081,
            1079,
            1083,
            1080,
            1082,
            1084,
            1084,
            1082,
            1085,
            1084,
            1085,
            1086,
            1086,
            1085,
            1087,
            1086,
            1087,
            1088,
            1088,
            1087,
            1089,
            1088,
            1089,
            1090,
            1090,
            1089,
            1091,
            1090,
            1091,
            1092,
            1092,
            1091,
            1093,
            1092,
            1093,
            1094,
            1095,
            1081,
            1083,
            1095,
            1083,
            1096,
            1094,
            1093,
            1097,
            1094,
            1097,
            1098,
            1097,
            1099,
            1098,
            1097,
            1100,
            1099,
            1100,
            1101,
            1099,
            1100,
            1102,
            1101,
            1102,
            1103,
            1101,
            1102,
            1104,
            1103,
            1104,
            1105,
            1103,
            1104,
            1106,
            1105,
            1106,
            1107,
            1105,
            1106,
            1108,
            1107,
            1108,
            1109,
            1107,
            1108,
            1110,
            1109,
            1110,
            1111,
            1109,
            1110,
            1112,
            1111,
            1112,
            1113,
            1111,
            1112,
            1114,
            1113,
            1114,
            1115,
            1113,
            1114,
            1116,
            1115,
            1116,
            1117,
            1115,
            1116,
            1118,
            1117,
            1118,
            1119,
            1117,
            1118,
            1120,
            1119,
            1119,
            1120,
            1121,
            1119,
            1121,
            1122,
            1122,
            1121,
            1123,
            1122,
            1123,
            1124,
            1124,
            1123,
            1125,
            1124,
            1125,
            1126,
            1126,
            1125,
            1127,
            1126,
            1127,
            1128,
            1128,
            1127,
            1129,
            1128,
            1129,
            1130,
            1130,
            1129,
            1131,
            1130,
            1131,
            1132,
            1133,
            1132,
            1131,
            1133,
            1131,
            1134,
            1095,
            1133,
            1134,
            1095,
            1096,
            1133,
            1135,
            1137,
            1136,
            1137,
            1138,
            1136,
            1135,
            1139,
            1137,
            1140,
            1139,
            1135,
            1140,
            1141,
            1139,
            1142,
            1141,
            1140,
            1142,
            1143,
            1141,
            1144,
            1143,
            1142,
            1144,
            1145,
            1143,
            1146,
            1145,
            1144,
            1141,
            1143,
            1147,
            1145,
            1147,
            1143,
            1146,
            1148,
            1145,
            1149,
            1148,
            1146,
            1139,
            1141,
            1150,
            1141,
            1147,
            1150,
            1148,
            1151,
            1145,
            1145,
            1151,
            1147,
            1149,
            1152,
            1148,
            1153,
            1152,
            1149,
            1153,
            1154,
            1152,
            1155,
            1154,
            1153,
            1155,
            1156,
            1154,
            1157,
            1156,
            1155,
            1152,
            1154,
            1158,
            1158,
            1154,
            1156,
            1148,
            1152,
            1159,
            1152,
            1158,
            1159,
            1148,
            1160,
            1151,
            1148,
            1159,
            1160,
            1157,
            1161,
            1156,
            1162,
            1161,
            1157,
            1162,
            1163,
            1161,
            1164,
            1163,
            1162,
            1164,
            1165,
            1163,
            1166,
            1165,
            1164,
            1161,
            1163,
            1167,
            1165,
            1167,
            1163,
            1156,
            1161,
            1168,
            1161,
            1167,
            1168,
            1166,
            1169,
            1165,
            1170,
            1169,
            1166,
            1156,
            1168,
            1171,
            1158,
            1156,
            1171,
            1165,
            1172,
            1167,
            1169,
            1172,
            1165,
            1170,
            1173,
            1169,
            1174,
            1173,
            1170,
            1174,
            1175,
            1173,
            1176,
            1175,
            1174,
            1176,
            1177,
            1175,
            1178,
            1177,
            1176,
            1173,
            1175,
            1179,
            1177,
            1179,
            1175,
            1169,
            1173,
            1180,
            1173,
            1179,
            1180,
            1178,
            1181,
            1177,
            1138,
            1181,
            1178,
            1169,
            1182,
            1172,
            1169,
            1180,
            1182,
            1177,
            1183,
            1179,
            1181,
            1183,
            1177,
            1138,
            1184,
            1181,
            1137,
            1184,
            1138,
            1184,
            1137,
            1185,
            1139,
            1185,
            1137,
            1181,
            1184,
            1186,
            1184,
            1185,
            1186,
            1181,
            1187,
            1183,
            1181,
            1186,
            1187,
            1139,
            1188,
            1185,
            1139,
            1150,
            1188,
            1180,
            1189,
            1182,
            1180,
            1190,
            1189,
            1182,
            1189,
            1191,
            1179,
            1190,
            1180,
            1182,
            1191,
            1172,
            1179,
            1192,
            1190,
            1183,
            1192,
            1179,
            1172,
            1191,
            1193,
            1183,
            1194,
            1192,
            1172,
            1193,
            1167,
            1187,
            1194,
            1183,
            1167,
            1193,
            1195,
            1187,
            1196,
            1194,
            1167,
            1195,
            1168,
            1186,
            1196,
            1187,
            1168,
            1195,
            1197,
            1186,
            1198,
            1196,
            1168,
            1197,
            1171,
            1185,
            1198,
            1186,
            1171,
            1197,
            1199,
            1185,
            1200,
            1198,
            1171,
            1199,
            1158,
            1188,
            1200,
            1185,
            1158,
            1199,
            1201,
            1188,
            1202,
            1200,
            1158,
            1201,
            1159,
            1150,
            1202,
            1188,
            1159,
            1201,
            1203,
            1150,
            1204,
            1202,
            1159,
            1203,
            1160,
            1147,
            1204,
            1150,
            1160,
            1203,
            1205,
            1147,
            1206,
            1204,
            1160,
            1205,
            1151,
            1151,
            1206,
            1147,
            1151,
            1205,
            1206,
            1207,
            1209,
            1208,
            1207,
            1208,
            1210,
            1211,
            1209,
            1207,
            1211,
            1212,
            1209,
            1211,
            1213,
            1212,
            1207,
            1210,
            1214,
            1214,
            1210,
            1215,
            1214,
            1215,
            1216,
            1217,
            1213,
            1211,
            1217,
            1218,
            1213,
            1217,
            1219,
            1218,
            1214,
            1216,
            1220,
            1220,
            1216,
            1221,
            1220,
            1221,
            1222,
            1223,
            1219,
            1217,
            1223,
            1224,
            1219,
            1223,
            1225,
            1224,
            1226,
            1225,
            1223,
            1226,
            1227,
            1225,
            1220,
            1222,
            1228,
            1229,
            1227,
            1226,
            1229,
            1230,
            1227,
            1229,
            1231,
            1230,
            1228,
            1222,
            1232,
            1228,
            1232,
            1233,
            1228,
            1233,
            1234,
            1235,
            1231,
            1229,
            1235,
            1236,
            1231,
            1235,
            1237,
            1236,
            1228,
            1234,
            1238,
            1238,
            1234,
            1239,
            1238,
            1239,
            1240,
            1241,
            1237,
            1235,
            1241,
            1242,
            1237,
            1241,
            1243,
            1242,
            1238,
            1240,
            1244,
            1244,
            1240,
            1245,
            1244,
            1245,
            1246,
            1247,
            1243,
            1241,
            1247,
            1248,
            1243,
            1247,
            1249,
            1248,
            1244,
            1246,
            1250,
            1250,
            1246,
            1251,
            1250,
            1251,
            1252,
            1253,
            1249,
            1247,
            1253,
            1254,
            1249,
            1253,
            1255,
            1254,
            1250,
            1252,
            1256,
            1256,
            1252,
            1257,
            1256,
            1257,
            1258,
            1259,
            1255,
            1253,
            1256,
            1258,
            1259,
            1259,
            1260,
            1255,
            1259,
            1258,
            1260,
            1261,
            1263,
            1262,
            1261,
            1262,
            1264,
            1261,
            1265,
            1263,
            1261,
            1264,
            1266,
            1265,
            1267,
            1263,
            1266,
            1264,
            1268,
            1265,
            1269,
            1267,
            1266,
            1268,
            1270,
            1269,
            1271,
            1267,
            1270,
            1268,
            1272,
            1269,
            1273,
            1271,
            1270,
            1272,
            1274,
            1273,
            1275,
            1271,
            1273,
            1276,
            1275,
            1276,
            1277,
            1275,
            1276,
            1278,
            1277,
            1274,
            1272,
            1279,
            1274,
            1279,
            1280,
            1281,
            1280,
            1279,
            1281,
            1279,
            1282,
            1283,
            1281,
            1282,
            1283,
            1282,
            1284,
            1278,
            1285,
            1277,
            1278,
            1286,
            1285,
            1287,
            1285,
            1286,
            1287,
            1288,
            1285,
            1289,
            1288,
            1287,
            1289,
            1290,
            1288,
            1291,
            1290,
            1289,
            1291,
            1292,
            1290,
            1293,
            1292,
            1291,
            1293,
            1294,
            1292,
            1295,
            1294,
            1293,
            1295,
            1296,
            1294,
            1297,
            1296,
            1295,
            1297,
            1298,
            1296,
            1299,
            1298,
            1297,
            1299,
            1300,
            1298,
            1301,
            1300,
            1299,
            1301,
            1302,
            1300,
            1303,
            1302,
            1301,
            1303,
            1304,
            1302,
            1305,
            1304,
            1303,
            1305,
            1306,
            1304,
            1307,
            1306,
            1305,
            1307,
            1308,
            1306,
            1309,
            1308,
            1307,
            1309,
            1310,
            1308,
            1311,
            1310,
            1309,
            1311,
            1312,
            1310,
            1313,
            1312,
            1311,
            1313,
            1314,
            1312,
            1315,
            1314,
            1313,
            1315,
            1316,
            1314,
            1317,
            1316,
            1315,
            1317,
            1318,
            1316,
            1319,
            1318,
            1317,
            1319,
            1320,
            1318,
            1321,
            1320,
            1319,
            1321,
            1322,
            1320,
            1322,
            1321,
            1323,
            1322,
            1323,
            1324,
            1325,
            1324,
            1323,
            1325,
            1326,
            1324,
            1327,
            1326,
            1325,
            1327,
            1328,
            1326,
            1329,
            1328,
            1327,
            1329,
            1330,
            1328,
            1331,
            1330,
            1329,
            1331,
            1332,
            1330,
            1331,
            1284,
            1332,
            1331,
            1283,
            1284,
            1333,
            1335,
            1334,
            1333,
            1336,
            1335,
            1334,
            1335,
            1337,
            1338,
            1336,
            1333,
            1334,
            1337,
            1339,
            1338,
            1340,
            1336,
            1339,
            1337,
            1341,
            1342,
            1340,
            1338,
            1339,
            1341,
            1343,
            1342,
            1344,
            1340,
            1343,
            1341,
            1345,
            1346,
            1344,
            1342,
            1343,
            1345,
            1347,
            1346,
            1348,
            1344,
            1347,
            1348,
            1346,
            1347,
            1345,
            1348,
            1349,
            1351,
            1350,
            1349,
            1352,
            1351,
            1350,
            1351,
            1353,
            1354,
            1352,
            1349,
            1350,
            1353,
            1355,
            1354,
            1356,
            1352,
            1355,
            1353,
            1357,
            1358,
            1356,
            1354,
            1355,
            1357,
            1359,
            1358,
            1360,
            1356,
            1359,
            1357,
            1361,
            1362,
            1360,
            1358,
            1359,
            1361,
            1363,
            1362,
            1364,
            1360,
            1363,
            1364,
            1362,
            1363,
            1361,
            1364,
            1365,
            1367,
            1366,
            1365,
            1368,
            1367,
            1366,
            1367,
            1369,
            1370,
            1368,
            1365,
            1366,
            1369,
            1371,
            1370,
            1372,
            1368,
            1371,
            1369,
            1373,
            1374,
            1372,
            1370,
            1371,
            1373,
            1375,
            1374,
            1376,
            1372,
            1375,
            1373,
            1377,
            1378,
            1376,
            1374,
            1375,
            1377,
            1379,
            1378,
            1380,
            1376,
            1379,
            1380,
            1378,
            1379,
            1377,
            1380,
            1381,
            1383,
            1382,
            1381,
            1384,
            1383,
            1382,
            1383,
            1385,
            1386,
            1384,
            1381,
            1382,
            1385,
            1387,
            1386,
            1388,
            1384,
            1387,
            1385,
            1389,
            1390,
            1388,
            1386,
            1387,
            1389,
            1391,
            1390,
            1392,
            1388,
            1391,
            1389,
            1393,
            1394,
            1392,
            1390,
            1391,
            1393,
            1395,
            1394,
            1396,
            1392,
            1395,
            1393,
            1397,
            1398,
            1396,
            1394,
            1395,
            1397,
            1399,
            1398,
            1400,
            1396,
            1399,
            1397,
            1401,
            1402,
            1400,
            1398,
            1399,
            1401,
            1403,
            1402,
            1404,
            1400,
            1403,
            1401,
            1405,
            1406,
            1404,
            1402,
            1403,
            1405,
            1407,
            1406,
            1408,
            1404,
            1407,
            1405,
            1409,
            1410,
            1408,
            1406,
            1407,
            1409,
            1411,
            1410,
            1412,
            1408,
            1411,
            1409,
            1413,
            1414,
            1412,
            1410,
            1411,
            1413,
            1415,
            1414,
            1416,
            1412,
            1415,
            1413,
            1417,
            1418,
            1416,
            1414,
            1415,
            1417,
            1419,
            1418,
            1420,
            1416,
            1419,
            1417,
            1421,
            1422,
            1420,
            1418,
            1419,
            1421,
            1423,
            1422,
            1424,
            1420,
            1423,
            1421,
            1425,
            1426,
            1424,
            1422,
            1423,
            1425,
            1427,
            1426,
            1428,
            1424,
            1427,
            1425,
            1429,
            1430,
            1428,
            1426,
            1427,
            1429,
            1431,
            1430,
            1432,
            1428,
            1431,
            1429,
            1433,
            1434,
            1432,
            1430,
            1431,
            1433,
            1435,
            1434,
            1436,
            1432,
            1435,
            1433,
            1437,
            1438,
            1436,
            1434,
            1435,
            1437,
            1439,
            1438,
            1440,
            1436,
            1439,
            1437,
            1441,
            1442,
            1440,
            1438,
            1439,
            1441,
            1443,
            1442,
            1444,
            1440,
            1443,
            1441,
            1445,
            1446,
            1444,
            1442,
            1443,
            1445,
            1447,
            1446,
            1448,
            1444,
            1447,
            1445,
            1449,
            1450,
            1448,
            1446,
            1447,
            1449,
            1451,
            1450,
            1452,
            1448,
            1451,
            1452,
            1450,
            1451,
            1449,
            1452,
            1453,
            1455,
            1454,
            1453,
            1456,
            1455,
            1454,
            1455,
            1457,
            1458,
            1456,
            1453,
            1458,
            1459,
            1456,
            1454,
            1457,
            1460,
            1460,
            1457,
            1461,
            1462,
            1459,
            1458,
            1462,
            1463,
            1459,
            1460,
            1461,
            1464,
            1464,
            1461,
            1465,
            1466,
            1463,
            1462,
            1466,
            1467,
            1463,
            1464,
            1465,
            1468,
            1468,
            1465,
            1469,
            1470,
            1467,
            1466,
            1470,
            1471,
            1467,
            1468,
            1469,
            1472,
            1472,
            1469,
            1473,
            1474,
            1471,
            1470,
            1474,
            1475,
            1471,
            1472,
            1473,
            1476,
            1476,
            1473,
            1477,
            1478,
            1475,
            1474,
            1478,
            1479,
            1475,
            1476,
            1477,
            1480,
            1480,
            1477,
            1481,
            1482,
            1479,
            1478,
            1482,
            1483,
            1479,
            1480,
            1481,
            1484,
            1484,
            1481,
            1485,
            1486,
            1483,
            1482,
            1486,
            1487,
            1483,
            1484,
            1485,
            1488,
            1488,
            1485,
            1489,
            1490,
            1487,
            1486,
            1490,
            1491,
            1487,
            1488,
            1489,
            1492,
            1492,
            1489,
            1493,
            1494,
            1491,
            1490,
            1494,
            1495,
            1491,
            1492,
            1493,
            1496,
            1496,
            1493,
            1497,
            1498,
            1495,
            1494,
            1498,
            1499,
            1495,
            1496,
            1497,
            1500,
            1500,
            1497,
            1501,
            1502,
            1499,
            1498,
            1502,
            1503,
            1499,
            1500,
            1501,
            1504,
            1504,
            1501,
            1505,
            1506,
            1503,
            1502,
            1506,
            1507,
            1503,
            1504,
            1505,
            1508,
            1508,
            1505,
            1509,
            1510,
            1507,
            1506,
            1510,
            1511,
            1507,
            1508,
            1509,
            1512,
            1512,
            1509,
            1513,
            1514,
            1511,
            1510,
            1514,
            1515,
            1511,
            1512,
            1513,
            1516,
            1516,
            1513,
            1517,
            1518,
            1515,
            1514,
            1518,
            1519,
            1515,
            1516,
            1517,
            1520,
            1520,
            1517,
            1521,
            1522,
            1519,
            1518,
            1522,
            1523,
            1519,
            1524,
            1521,
            1523,
            1520,
            1521,
            1524,
            1524,
            1523,
            1522,
            1525,
            1514,
            1510,
            1526,
            1518,
            1514,
            1526,
            1514,
            1525,
            1527,
            1522,
            1518,
            1527,
            1518,
            1526,
            1528,
            1524,
            1522,
            1528,
            1522,
            1527,
            1529,
            1520,
            1524,
            1529,
            1524,
            1528,
            1530,
            1528,
            1527,
            1530,
            1527,
            1526,
            1529,
            1528,
            1530,
            1531,
            1520,
            1529,
            1529,
            1530,
            1531,
            1531,
            1516,
            1520,
            1532,
            1530,
            1526,
            1532,
            1526,
            1525,
            1530,
            1533,
            1531,
            1525,
            1510,
            1534,
            1532,
            1525,
            1534,
            1534,
            1510,
            1506,
            1535,
            1516,
            1531,
            1535,
            1531,
            1533,
            1535,
            1512,
            1516,
            1534,
            1506,
            1536,
            1532,
            1534,
            1536,
            1536,
            1506,
            1502,
            1537,
            1512,
            1535,
            1537,
            1535,
            1533,
            1537,
            1508,
            1512,
            1536,
            1502,
            1538,
            1536,
            1538,
            1532,
            1538,
            1502,
            1498,
            1539,
            1508,
            1537,
            1539,
            1537,
            1533,
            1539,
            1504,
            1508,
            1538,
            1540,
            1532,
            1538,
            1498,
            1540,
            1540,
            1498,
            1494,
            1541,
            1532,
            1540,
            1542,
            1504,
            1539,
            1533,
            1542,
            1539,
            1542,
            1500,
            1504,
            1540,
            1494,
            1543,
            1543,
            1541,
            1540,
            1543,
            1494,
            1490,
            1533,
            1544,
            1542,
            1544,
            1500,
            1542,
            1544,
            1496,
            1500,
            1533,
            1545,
            1544,
            1543,
            1490,
            1546,
            1546,
            1541,
            1543,
            1546,
            1490,
            1486,
            1547,
            1496,
            1544,
            1545,
            1547,
            1544,
            1547,
            1492,
            1496,
            1546,
            1486,
            1548,
            1541,
            1546,
            1548,
            1548,
            1486,
            1482,
            1549,
            1492,
            1547,
            1545,
            1549,
            1547,
            1549,
            1488,
            1492,
            1541,
            1548,
            1550,
            1548,
            1482,
            1550,
            1550,
            1482,
            1478,
            1551,
            1541,
            1550,
            1552,
            1488,
            1549,
            1552,
            1549,
            1545,
            1552,
            1484,
            1488,
            1550,
            1478,
            1553,
            1551,
            1550,
            1553,
            1553,
            1478,
            1474,
            1552,
            1545,
            1554,
            1554,
            1484,
            1552,
            1554,
            1480,
            1484,
            1545,
            1555,
            1554,
            1553,
            1474,
            1556,
            1551,
            1553,
            1556,
            1556,
            1474,
            1470,
            1557,
            1480,
            1554,
            1557,
            1554,
            1555,
            1557,
            1476,
            1480,
            1556,
            1470,
            1558,
            1551,
            1556,
            1558,
            1558,
            1470,
            1466,
            1559,
            1476,
            1557,
            1559,
            1557,
            1555,
            1559,
            1472,
            1476,
            1558,
            1466,
            1560,
            1558,
            1560,
            1551,
            1560,
            1466,
            1462,
            1561,
            1472,
            1559,
            1561,
            1559,
            1555,
            1561,
            1468,
            1472,
            1560,
            1562,
            1551,
            1560,
            1462,
            1562,
            1562,
            1462,
            1458,
            1563,
            1551,
            1562,
            1564,
            1468,
            1561,
            1555,
            1564,
            1561,
            1564,
            1464,
            1468,
            1562,
            1458,
            1565,
            1565,
            1563,
            1562,
            1565,
            1458,
            1453,
            1555,
            1566,
            1564,
            1566,
            1464,
            1564,
            1555,
            1563,
            1566,
            1566,
            1460,
            1464,
            1565,
            1453,
            1567,
            1567,
            1563,
            1565,
            1567,
            1453,
            1454,
            1568,
            1460,
            1566,
            1563,
            1568,
            1566,
            1563,
            1567,
            1568,
            1567,
            1454,
            1568,
            1568,
            1454,
            1460,
            1569,
            1571,
            1570,
            1569,
            1572,
            1571,
            1570,
            1571,
            1573,
            1574,
            1572,
            1569,
            1574,
            1575,
            1572,
            1576,
            1574,
            1569,
            1576,
            1575,
            1574,
            1569,
            1570,
            1576,
            1576,
            1577,
            1575,
            1570,
            1578,
            1576,
            1570,
            1573,
            1578,
            1578,
            1579,
            1576,
            1578,
            1580,
            1579,
            1578,
            1573,
            1581,
            1578,
            1581,
            1580,
            1580,
            1581,
            1582,
            1580,
            1582,
            1579,
            1579,
            1582,
            1583,
            1584,
            1577,
            1576,
            1584,
            1585,
            1577,
            1586,
            1585,
            1584,
            1586,
            1584,
            1576,
            1586,
            1587,
            1585,
            1588,
            1587,
            1586,
            1588,
            1586,
            1576,
            1588,
            1589,
            1587,
            1590,
            1589,
            1588,
            1590,
            1588,
            1576,
            1590,
            1591,
            1589,
            1592,
            1591,
            1590,
            1592,
            1593,
            1591,
            1594,
            1592,
            1590,
            1594,
            1593,
            1592,
            1594,
            1590,
            1576,
            1594,
            1595,
            1593,
            1596,
            1594,
            1576,
            1579,
            1596,
            1576,
            1597,
            1595,
            1594,
            1596,
            1597,
            1594,
            1597,
            1598,
            1595,
            1596,
            1598,
            1597,
            1596,
            1599,
            1598,
            1600,
            1599,
            1596,
            1600,
            1596,
            1579,
            1600,
            1601,
            1599,
            1602,
            1601,
            1600,
            1602,
            1600,
            1579,
            1602,
            1603,
            1601,
            1579,
            1604,
            1602,
            1604,
            1603,
            1602,
            1579,
            1583,
            1604,
            1604,
            1583,
            1603,
            1605,
            1607,
            1606,
            1605,
            1608,
            1607,
            1606,
            1607,
            1609,
            1610,
            1608,
            1605,
            1610,
            1611,
            1608,
            1606,
            1609,
            1612,
            1612,
            1609,
            1613,
            1614,
            1611,
            1610,
            1614,
            1615,
            1611,
            1612,
            1613,
            1616,
            1616,
            1613,
            1617,
            1615,
            1614,
            1618,
            1615,
            1618,
            1619,
            1616,
            1617,
            1620,
            1620,
            1617,
            1621,
            1619,
            1618,
            1622,
            1619,
            1622,
            1623,
            1620,
            1621,
            1624,
            1624,
            1621,
            1625,
            1623,
            1622,
            1626,
            1623,
            1626,
            1627,
            1624,
            1625,
            1628,
            1628,
            1625,
            1629,
            1627,
            1626,
            1630,
            1627,
            1630,
            1631,
            1628,
            1629,
            1632,
            1632,
            1629,
            1633,
            1631,
            1630,
            1634,
            1631,
            1634,
            1635,
            1632,
            1633,
            1636,
            1636,
            1633,
            1637,
            1635,
            1634,
            1638,
            1635,
            1638,
            1639,
            1636,
            1637,
            1640,
            1640,
            1637,
            1641,
            1639,
            1638,
            1642,
            1639,
            1642,
            1643,
            1640,
            1641,
            1644,
            1644,
            1641,
            1645,
            1643,
            1642,
            1646,
            1643,
            1646,
            1647,
            1644,
            1645,
            1648,
            1648,
            1645,
            1649,
            1647,
            1646,
            1650,
            1647,
            1650,
            1651,
            1648,
            1649,
            1652,
            1652,
            1649,
            1653,
            1651,
            1650,
            1654,
            1651,
            1654,
            1655,
            1652,
            1653,
            1656,
            1656,
            1653,
            1657,
            1655,
            1654,
            1658,
            1655,
            1658,
            1659,
            1656,
            1657,
            1660,
            1660,
            1657,
            1661,
            1659,
            1658,
            1662,
            1659,
            1662,
            1663,
            1660,
            1661,
            1664,
            1664,
            1661,
            1665,
            1663,
            1662,
            1666,
            1663,
            1666,
            1667,
            1664,
            1665,
            1668,
            1669,
            1668,
            1665,
            1667,
            1666,
            1670,
            1667,
            1670,
            1671,
            1669,
            1672,
            1668,
            1673,
            1672,
            1669,
            1671,
            1670,
            1674,
            1671,
            1674,
            1675,
            1675,
            1676,
            1673,
            1673,
            1676,
            1672,
            1675,
            1674,
            1676,
            1662,
            1677,
            1666,
            1666,
            1678,
            1670,
            1666,
            1677,
            1678,
            1670,
            1679,
            1674,
            1670,
            1678,
            1679,
            1674,
            1680,
            1676,
            1674,
            1679,
            1680,
            1676,
            1681,
            1672,
            1676,
            1680,
            1681,
            1672,
            1682,
            1668,
            1672,
            1681,
            1682,
            1662,
            1683,
            1677,
            1658,
            1683,
            1662,
            1684,
            1668,
            1682,
            1684,
            1664,
            1668,
            1658,
            1685,
            1683,
            1654,
            1685,
            1658,
            1686,
            1664,
            1684,
            1686,
            1660,
            1664,
            1654,
            1687,
            1685,
            1650,
            1687,
            1654,
            1688,
            1660,
            1686,
            1688,
            1656,
            1660,
            1650,
            1689,
            1687,
            1646,
            1689,
            1650,
            1690,
            1656,
            1688,
            1690,
            1652,
            1656,
            1646,
            1691,
            1689,
            1642,
            1691,
            1646,
            1692,
            1652,
            1690,
            1692,
            1648,
            1652,
            1642,
            1693,
            1691,
            1638,
            1693,
            1642,
            1694,
            1648,
            1692,
            1694,
            1644,
            1648,
            1638,
            1695,
            1693,
            1634,
            1695,
            1638,
            1696,
            1644,
            1694,
            1696,
            1640,
            1644,
            1634,
            1697,
            1695,
            1630,
            1697,
            1634,
            1698,
            1640,
            1696,
            1698,
            1636,
            1640,
            1630,
            1699,
            1697,
            1626,
            1699,
            1630,
            1700,
            1636,
            1698,
            1700,
            1632,
            1636,
            1626,
            1701,
            1699,
            1622,
            1701,
            1626,
            1702,
            1632,
            1700,
            1702,
            1628,
            1632,
            1622,
            1703,
            1701,
            1618,
            1703,
            1622,
            1704,
            1628,
            1702,
            1704,
            1624,
            1628,
            1618,
            1705,
            1703,
            1614,
            1705,
            1618,
            1706,
            1624,
            1704,
            1706,
            1620,
            1624,
            1614,
            1707,
            1705,
            1707,
            1614,
            1610,
            1708,
            1620,
            1706,
            1708,
            1616,
            1620,
            1707,
            1610,
            1709,
            1709,
            1610,
            1605,
            1710,
            1616,
            1708,
            1710,
            1612,
            1616,
            1709,
            1605,
            1711,
            1711,
            1605,
            1606,
            1712,
            1606,
            1612,
            1712,
            1612,
            1710,
            1711,
            1606,
            1712,
            1707,
            1713,
            1705,
            1714,
            1707,
            1709,
            1707,
            1714,
            1713,
            1715,
            1709,
            1711,
            1714,
            1709,
            1715,
            1716,
            1711,
            1712,
            1715,
            1711,
            1716,
            1717,
            1712,
            1710,
            1716,
            1712,
            1717,
            1718,
            1710,
            1708,
            1717,
            1710,
            1718,
            1705,
            1713,
            1719,
            1705,
            1719,
            1703,
            1718,
            1708,
            1720,
            1720,
            1708,
            1706,
            1703,
            1719,
            1721,
            1703,
            1721,
            1701,
            1720,
            1706,
            1722,
            1722,
            1706,
            1704,
            1701,
            1721,
            1723,
            1701,
            1723,
            1699,
            1722,
            1704,
            1724,
            1724,
            1704,
            1702,
            1699,
            1723,
            1725,
            1699,
            1725,
            1697,
            1724,
            1702,
            1726,
            1726,
            1702,
            1700,
            1697,
            1725,
            1727,
            1697,
            1727,
            1695,
            1726,
            1700,
            1728,
            1728,
            1700,
            1698,
            1695,
            1727,
            1729,
            1695,
            1729,
            1693,
            1728,
            1698,
            1730,
            1730,
            1698,
            1696,
            1693,
            1729,
            1731,
            1693,
            1731,
            1691,
            1730,
            1696,
            1732,
            1732,
            1696,
            1694,
            1691,
            1731,
            1733,
            1691,
            1733,
            1689,
            1732,
            1694,
            1734,
            1734,
            1694,
            1692,
            1689,
            1733,
            1735,
            1689,
            1735,
            1687,
            1734,
            1692,
            1736,
            1736,
            1692,
            1690,
            1687,
            1735,
            1737,
            1687,
            1737,
            1685,
            1736,
            1690,
            1738,
            1738,
            1690,
            1688,
            1685,
            1737,
            1739,
            1685,
            1739,
            1683,
            1738,
            1688,
            1740,
            1740,
            1688,
            1686,
            1683,
            1739,
            1741,
            1683,
            1741,
            1677,
            1740,
            1686,
            1742,
            1742,
            1686,
            1684,
            1677,
            1741,
            1743,
            1677,
            1743,
            1678,
            1742,
            1684,
            1744,
            1744,
            1684,
            1682,
            1678,
            1743,
            1745,
            1678,
            1745,
            1679,
            1744,
            1682,
            1746,
            1681,
            1746,
            1682,
            1679,
            1745,
            1747,
            1679,
            1747,
            1680,
            1680,
            1748,
            1681,
            1681,
            1748,
            1746,
            1680,
            1747,
            1748,
            1741,
            1749,
            1743,
            1743,
            1750,
            1745,
            1743,
            1749,
            1750,
            1745,
            1751,
            1747,
            1745,
            1750,
            1751,
            1747,
            1752,
            1748,
            1747,
            1751,
            1752,
            1748,
            1753,
            1746,
            1748,
            1752,
            1753,
            1754,
            1744,
            1746,
            1754,
            1746,
            1753,
            1741,
            1755,
            1749,
            1739,
            1755,
            1741,
            1756,
            1744,
            1754,
            1756,
            1742,
            1744,
            1739,
            1757,
            1755,
            1737,
            1757,
            1739,
            1758,
            1742,
            1756,
            1758,
            1740,
            1742,
            1737,
            1759,
            1757,
            1735,
            1759,
            1737,
            1760,
            1740,
            1758,
            1760,
            1738,
            1740,
            1735,
            1761,
            1759,
            1733,
            1761,
            1735,
            1762,
            1738,
            1760,
            1762,
            1736,
            1738,
            1733,
            1763,
            1761,
            1731,
            1763,
            1733,
            1764,
            1736,
            1762,
            1764,
            1734,
            1736,
            1731,
            1765,
            1763,
            1729,
            1765,
            1731,
            1766,
            1734,
            1764,
            1766,
            1732,
            1734,
            1729,
            1767,
            1765,
            1727,
            1767,
            1729,
            1768,
            1732,
            1766,
            1768,
            1730,
            1732,
            1727,
            1769,
            1767,
            1725,
            1769,
            1727,
            1770,
            1730,
            1768,
            1770,
            1728,
            1730,
            1725,
            1771,
            1769,
            1723,
            1771,
            1725,
            1772,
            1728,
            1770,
            1772,
            1726,
            1728,
            1723,
            1773,
            1771,
            1721,
            1773,
            1723,
            1774,
            1726,
            1772,
            1774,
            1724,
            1726,
            1721,
            1775,
            1773,
            1719,
            1775,
            1721,
            1776,
            1724,
            1774,
            1776,
            1722,
            1724,
            1719,
            1777,
            1775,
            1713,
            1777,
            1719,
            1778,
            1722,
            1776,
            1778,
            1720,
            1722,
            1713,
            1779,
            1777,
            1714,
            1779,
            1713,
            1780,
            1720,
            1778,
            1780,
            1718,
            1720,
            1714,
            1781,
            1779,
            1781,
            1714,
            1715,
            1782,
            1718,
            1780,
            1782,
            1717,
            1718,
            1781,
            1715,
            1783,
            1783,
            1715,
            1716,
            1784,
            1716,
            1717,
            1784,
            1717,
            1782,
            1783,
            1716,
            1784,
            1779,
            1785,
            1777,
            1781,
            1786,
            1779,
            1779,
            1786,
            1785,
            1787,
            1781,
            1783,
            1781,
            1787,
            1786,
            1788,
            1783,
            1784,
            1787,
            1783,
            1788,
            1789,
            1784,
            1782,
            1788,
            1784,
            1789,
            1790,
            1782,
            1780,
            1789,
            1782,
            1790,
            1777,
            1785,
            1791,
            1777,
            1791,
            1775,
            1790,
            1780,
            1792,
            1792,
            1780,
            1778,
            1775,
            1791,
            1793,
            1775,
            1793,
            1773,
            1792,
            1778,
            1794,
            1794,
            1778,
            1776,
            1773,
            1793,
            1795,
            1773,
            1795,
            1771,
            1794,
            1776,
            1796,
            1796,
            1776,
            1774,
            1771,
            1795,
            1797,
            1771,
            1797,
            1769,
            1796,
            1774,
            1798,
            1798,
            1774,
            1772,
            1769,
            1797,
            1799,
            1769,
            1799,
            1767,
            1798,
            1772,
            1800,
            1800,
            1772,
            1770,
            1767,
            1799,
            1801,
            1767,
            1801,
            1765,
            1800,
            1770,
            1802,
            1802,
            1770,
            1768,
            1765,
            1801,
            1803,
            1765,
            1803,
            1763,
            1802,
            1768,
            1804,
            1804,
            1768,
            1766,
            1763,
            1803,
            1805,
            1763,
            1805,
            1761,
            1804,
            1766,
            1806,
            1806,
            1766,
            1764,
            1761,
            1805,
            1807,
            1761,
            1807,
            1759,
            1806,
            1764,
            1808,
            1808,
            1764,
            1762,
            1759,
            1807,
            1809,
            1759,
            1809,
            1757,
            1808,
            1762,
            1810,
            1810,
            1762,
            1760,
            1757,
            1809,
            1811,
            1757,
            1811,
            1755,
            1810,
            1760,
            1812,
            1812,
            1760,
            1758,
            1755,
            1811,
            1813,
            1755,
            1813,
            1749,
            1812,
            1758,
            1814,
            1814,
            1758,
            1756,
            1749,
            1813,
            1815,
            1749,
            1815,
            1750,
            1814,
            1756,
            1816,
            1816,
            1756,
            1754,
            1750,
            1815,
            1817,
            1750,
            1817,
            1751,
            1816,
            1754,
            1818,
            1818,
            1754,
            1753,
            1751,
            1817,
            1819,
            1751,
            1819,
            1752,
            1752,
            1820,
            1753,
            1818,
            1753,
            1820,
            1752,
            1819,
            1820,
            1821,
            1815,
            1813,
            1822,
            1817,
            1815,
            1822,
            1815,
            1821,
            1823,
            1819,
            1817,
            1823,
            1817,
            1822,
            1824,
            1820,
            1819,
            1824,
            1819,
            1823,
            1825,
            1818,
            1820,
            1825,
            1820,
            1824,
            1826,
            1816,
            1818,
            1826,
            1818,
            1825,
            1821,
            1813,
            1827,
            1827,
            1813,
            1811,
            1828,
            1816,
            1826,
            1828,
            1814,
            1816,
            1827,
            1811,
            1829,
            1829,
            1811,
            1809,
            1830,
            1814,
            1828,
            1830,
            1812,
            1814,
            1831,
            1830,
            1828,
            1831,
            1828,
            1832,
            1832,
            1828,
            1826,
            1832,
            1826,
            1833,
            1831,
            1832,
            1833,
            1833,
            1826,
            1825,
            1834,
            1812,
            1830,
            1834,
            1810,
            1812,
            1833,
            1825,
            1835,
            1835,
            1825,
            1824,
            1833,
            1835,
            1836,
            1835,
            1824,
            1836,
            1831,
            1833,
            1836,
            1836,
            1824,
            1823,
            1836,
            1823,
            1837,
            1837,
            1823,
            1822,
            1836,
            1837,
            1838,
            1837,
            1822,
            1838,
            1836,
            1838,
            1831,
            1838,
            1822,
            1821,
            1838,
            1821,
            1839,
            1839,
            1821,
            1827,
            1838,
            1839,
            1840,
            1839,
            1827,
            1840,
            1838,
            1840,
            1831,
            1840,
            1827,
            1829,
            1841,
            1831,
            1840,
            1842,
            1841,
            1840,
            1843,
            1831,
            1841,
            1842,
            1844,
            1841,
            1843,
            1830,
            1831,
            1843,
            1834,
            1830,
            1845,
            1834,
            1843,
            1845,
            1843,
            1841,
            1845,
            1846,
            1834,
            1846,
            1810,
            1834,
            1846,
            1808,
            1810,
            1847,
            1846,
            1845,
            1841,
            1847,
            1845,
            1848,
            1808,
            1846,
            1847,
            1848,
            1846,
            1841,
            1848,
            1847,
            1848,
            1806,
            1808,
            1849,
            1806,
            1848,
            1841,
            1849,
            1848,
            1849,
            1804,
            1806,
            1850,
            1804,
            1849,
            1850,
            1802,
            1804,
            1851,
            1849,
            1841,
            1851,
            1850,
            1849,
            1852,
            1851,
            1841,
            1852,
            1850,
            1851,
            1844,
            1852,
            1841,
            1853,
            1802,
            1850,
            1852,
            1853,
            1850,
            1844,
            1853,
            1852,
            1853,
            1800,
            1802,
            1844,
            1854,
            1853,
            1854,
            1800,
            1853,
            1854,
            1798,
            1800,
            1842,
            1854,
            1844,
            1855,
            1798,
            1854,
            1842,
            1855,
            1854,
            1855,
            1796,
            1798,
            1856,
            1796,
            1855,
            1856,
            1794,
            1796,
            1857,
            1855,
            1842,
            1857,
            1856,
            1855,
            1858,
            1794,
            1856,
            1858,
            1792,
            1794,
            1857,
            1842,
            1859,
            1859,
            1842,
            1840,
            1840,
            1860,
            1859,
            1840,
            1861,
            1860,
            1862,
            1856,
            1857,
            1862,
            1857,
            1859,
            1862,
            1858,
            1856,
            1859,
            1863,
            1862,
            1863,
            1858,
            1862,
            1859,
            1864,
            1863,
            1863,
            1864,
            1858,
            1864,
            1792,
            1858,
            1864,
            1790,
            1792,
            1865,
            1790,
            1864,
            1859,
            1865,
            1864,
            1865,
            1789,
            1790,
            1866,
            1789,
            1865,
            1866,
            1788,
            1789,
            1867,
            1865,
            1859,
            1867,
            1866,
            1865,
            1868,
            1788,
            1866,
            1868,
            1787,
            1788,
            1869,
            1866,
            1867,
            1869,
            1867,
            1859,
            1869,
            1868,
            1866,
            1870,
            1787,
            1868,
            1870,
            1786,
            1787,
            1871,
            1868,
            1869,
            1871,
            1869,
            1859,
            1871,
            1870,
            1868,
            1872,
            1786,
            1870,
            1872,
            1785,
            1786,
            1873,
            1870,
            1871,
            1873,
            1871,
            1859,
            1873,
            1872,
            1870,
            1874,
            1785,
            1872,
            1874,
            1791,
            1785,
            1875,
            1873,
            1859,
            1860,
            1875,
            1859,
            1876,
            1872,
            1873,
            1876,
            1874,
            1872,
            1875,
            1876,
            1873,
            1875,
            1874,
            1876,
            1877,
            1791,
            1874,
            1875,
            1877,
            1874,
            1877,
            1793,
            1791,
            1878,
            1877,
            1875,
            1860,
            1878,
            1875,
            1879,
            1793,
            1877,
            1878,
            1879,
            1877,
            1860,
            1879,
            1878,
            1879,
            1795,
            1793,
            1880,
            1795,
            1879,
            1860,
            1880,
            1879,
            1880,
            1797,
            1795,
            1881,
            1880,
            1860,
            1881,
            1860,
            1861,
            1882,
            1797,
            1880,
            1881,
            1882,
            1880,
            1882,
            1799,
            1797,
            1883,
            1882,
            1881,
            1883,
            1881,
            1861,
            1884,
            1799,
            1882,
            1883,
            1884,
            1882,
            1884,
            1801,
            1799,
            1885,
            1884,
            1883,
            1861,
            1885,
            1883,
            1886,
            1801,
            1884,
            1885,
            1886,
            1884,
            1861,
            1886,
            1885,
            1886,
            1803,
            1801,
            1887,
            1803,
            1886,
            1861,
            1887,
            1886,
            1887,
            1805,
            1803,
            1888,
            1887,
            1861,
            1888,
            1861,
            1840,
            1889,
            1805,
            1887,
            1888,
            1889,
            1887,
            1889,
            1807,
            1805,
            1890,
            1888,
            1840,
            1890,
            1889,
            1888,
            1891,
            1807,
            1889,
            1890,
            1891,
            1889,
            1891,
            1809,
            1807,
            1829,
            1809,
            1891,
            1840,
            1829,
            1892,
            1840,
            1892,
            1890,
            1892,
            1891,
            1890,
            1892,
            1829,
            1891
        ]
        normal3f[] normals = [
            (-0.3774806, 0.9177245, -0.1236528),
            (-0.02598204, 0.9995191, -0.01692977),
            (0.01241375, 0.9995191, 0.0284182),
            (-0.3774806, 0.9177245, -0.1236528),
            (0.01241375, 0.9995191, 0.0284182),
            (-0.3176644, 0.9177245, -0.2384763),
            (0.0000003, 1, 0),
            (0.00000015, 0.9999971, 0.00242819),
            (0.00000015, 0.9999971, 0.00242819),
            (0.00000015, 1, 0),
            (0.00000015, 0.9999971, -0.00242819),
            (0.00000015, 0.9999971, -0.0024282),
            (-0.00000015, -0.9999971, 0.00242754),
            (-0.00000041, -0.9999971, 0.00242754),
            (-0.00000028, -1, 0),
            (-0.00000015, -1, 0),
            (-0.00000015, -0.9999971, -0.00242754),
            (-0.00000015, -0.9999971, -0.00242754),
            (0, -0.0000003, 1),
            (0.00000025, -0.0176915, 0.9998435),
            (0, -0.01769133, 0.9998435),
            (0, 0.00000017, 1),
            (0.00000011, 0.01769134, 0.9998435),
            (0.00000013, 0.01769122, 0.9998435),
            (-0.1502793, -0.9886405, -0.00244191),
            (-0.00000015, -0.9999971, -0.00242754),
            (-0.00000028, -1, 0),
            (-0.1503114, -0.9886387, 0.00001468),
            (-0.9569978, -0.2900954, -0.00000966),
            (-0.9570146, -0.290039, -0.00076516),
            (-0.9141612, 0.4053509, 0.00000014),
            (-0.9141636, 0.4053448, 0.00076604),
            (-0.286737, 0.9580076, 0.00183659),
            (-0.1502778, -0.9886405, 0.00255949),
            (-0.00000041, -0.9999971, 0.00242754),
            (-0.9570134, -0.2900425, 0.00075065),
            (-0.9141637, 0.4053445, -0.00076017),
            (-0.2867837, 0.957993, -0.00214899),
            (-0.2867639, 0.9580013, -0.00000506),
            (-0.00000025, 0.9999971, -0.00242853),
            (0, 1, 0),
            (0.00000159, 0.9999971, 0.00242853),
            (-0.00000014, -0.9397019, 0.3419946),
            (-0.00000015, -1, -0.00001541),
            (-0.00000015, -1, 0.00000103),
            (-0.00000014, -0.9396862, 0.3420378),
            (-0.00000012, -0.7660348, 0.6427991),
            (-0.00000012, -0.7660552, 0.6427748),
            (-0.00000008, -0.50001, 0.8660197),
            (-0.00000008, -0.4999733, 0.8660408),
            (-0.00000003, -0.1736587, 0.9848059),
            (-0.00000003, -0.173621, 0.9848126),
            (0.00000003, 0.1736237, 0.9848121),
            (0.00000003, 0.1736581, 0.984806),
            (0.00000008, 0.4999771, 0.8660386),
            (0.00000008, 0.5000057, 0.8660222),
            (0.00000012, 0.7660562, 0.6427736),
            (0.00000012, 0.7660313, 0.6428033),
            (0.00000014, 0.9396976, 0.3420066),
            (0.00000014, 0.9396907, 0.3420255),
            (0.00000015, 1, 0.00000237),
            (0.00000015, 1, -0.00001562),
            (0.00000014, 0.9397002, -0.3419993),
            (0.00000014, 0.9396907, -0.3420254),
            (0.00000012, 0.7660462, -0.6427856),
            (0.00000012, 0.7660349, -0.642799),
            (0.00000008, 0.5000075, -0.866021),
            (0.00000008, 0.4999726, -0.8660412),
            (0.00000003, 0.1736595, -0.9848058),
            (0.00000003, 0.1736197, -0.9848128),
            (-0.00000003, -0.1736223, -0.9848123),
            (-0.00000003, -0.1736579, -0.9848061),
            (-0.00000008, -0.4999741, -0.8660404),
            (-0.00000008, -0.5000053, -0.8660224),
            (-0.00000012, -0.766036, -0.6427976),
            (-0.00000012, -0.7660455, -0.6427863),
            (-0.00000014, -0.9396917, -0.3420226),
            (-0.00000014, -0.9396992, -0.342002),
            (-0.00000015, -1, -0.00001541),
            (-0.00000015, -1, 0.00000103),
            (-0.00000008, -0.5000014, -0.8660246),
            (-0.00000003, -0.1737563, -0.9847887),
            (-0.099586, -0.1727908, -0.9799112),
            (-0.0995966, -0.4975219, -0.8617148),
            (-0.00001044, -0.7660282, -0.642807),
            (-0.09954793, -0.7622424, -0.639591),
            (-0.00000849, -0.9397111, -0.3419695),
            (-0.09950196, -0.9350238, -0.3403378),
            (-0.00000015, -1, -0.00003075),
            (-0.09952679, -0.9950349, -0.00001308),
            (-0.00000014, -0.9396955, 0.3420124),
            (-0.09951517, -0.9350162, 0.3403551),
            (-0.00000012, -0.765975, 0.6428704),
            (-0.09954603, -0.7622052, 0.6396357),
            (-0.00000008, -0.500024, 0.8660116),
            (-0.09954331, -0.4975095, 0.8617282),
            (-0.00000003, -0.173744, 0.9847909),
            (-0.09950481, -0.1727855, 0.9799204),
            (0.00000939, 0.1736119, 0.9848142),
            (-0.09951928, 0.1728785, 0.9799025),
            (0.00000792, 0.5000024, 0.8660241),
            (-0.09959213, 0.4975615, 0.8616925),
            (0.00000012, 0.7660429, 0.6427895),
            (-0.09958891, 0.7621735, 0.6396668),
            (0.00000014, 0.9396856, 0.3420395),
            (-0.09952596, 0.9350301, 0.3403135),
            (0.00000015, 1, -0.00003054),
            (-0.09954239, 0.9950333, -0.00004),
            (0.00000014, 0.939678, -0.3420602),
            (-0.09952465, 0.9350273, -0.3403217),
            (-0.00001465, 0.7658985, -0.6429616),
            (-0.09959634, 0.7622873, -0.6395301),
            (0.0000005, 0.5002478, -0.8658823),
            (-0.09961218, 0.4976179, -0.8616576),
            (0.00000003, 0.173624, -0.984812),
            (-0.0996075, 0.1728585, -0.9798971),
            (-0.00000003, -0.1737563, -0.9847887),
            (-0.099586, -0.1727908, -0.9799112),
            (-0.1503844, 0.9886246, 0.00244186),
            (0.00000015, 0.9999971, 0.00242819),
            (0.0000003, 1, 0),
            (-0.1503858, 0.9886274, -0.00001912),
            (-0.957066, 0.2898701, 0.00000017),
            (-0.9570571, 0.2898985, 0.00075726),
            (-0.9142788, -0.4050855, -0.0000004),
            (-0.9142756, -0.405092, -0.00076356),
            (-0.2868812, -0.9579644, -0.00183738),
            (-0.1503838, 0.9886244, -0.00255943),
            (0.00000015, 0.9999971, -0.00242819),
            (-0.9570572, 0.2898981, -0.00074196),
            (-0.9142759, -0.4050913, 0.00075861),
            (-0.2868841, -0.9579629, 0.00214952),
            (-0.2868291, -0.9579818, -0.00000125),
            (0.00000113, -0.9999971, -0.00242731),
            (-0.00000068, -0.9999971, 0.00242731),
            (-0.00000065, -1, 0),
            (0, 0.00000017, 1),
            (0, -0.01769133, 0.9998435),
            (-0.1503335, -0.01749017, 0.9884806),
            (-0.1503327, 0.00010243, 0.9886355),
            (0.00000013, 0.01769122, 0.9998435),
            (-0.150319, 0.01745115, 0.9884835),
            (-0.9570091, -0.00506647, 0.2900135),
            (-0.9570311, 0.00005959, 0.2899854),
            (-0.9570189, 0.00505636, 0.2899815),
            (-0.9142188, -0.00000093, -0.4052208),
            (-0.9141824, 0.00737934, -0.4052359),
            (-0.9142004, -0.00738715, -0.405195),
            (-0.2868111, 0.01712137, -0.9578342),
            (-0.2867783, -0.00000322, -0.957997),
            (-0.2867247, -0.01694815, -0.9578631),
            (-0.00000171, 0.01769091, -0.9998435),
            (-0.00000172, -0.01769093, -0.9998435),
            (0, 0, -1),
            (-0.6429749, -0.00013526, -0.7658873),
            (-0.6428643, 0.01326698, -0.7658653),
            (-0.9570252, 0.00501465, -0.2899615),
            (-0.9570293, 0.00000513, -0.2899911),
            (-0.6429843, -0.01346187, -0.7657611),
            (-0.9141914, -0.00733433, 0.4052165),
            (-0.9570175, -0.00510873, -0.289985),
            (-0.9142042, -0.00003196, 0.4052539),
            (-0.286705, -0.01700006, 0.9578681),
            (-0.9142188, 0.00741689, 0.4051531),
            (-0.2867757, 0.00010022, 0.9579978),
            (0.0000009, -0.01756353, 0.9998457),
            (-0.2868311, 0.01707219, 0.9578291),
            (0.00000069, 0.00012876, 1),
            (0.00000091, 0.01782101, 0.9998412),
            (-0.00000015, -1, 0.00000079),
            (-0.00000015, -1, 0.00000079),
            (-0.00000015, -1, 0.00000079),
            (-0.00000072, -1, 0.00000081),
            (-0.00000033, -1, 0.00000077),
            (-0.00000185, -1, 0.00000093),
            (0.00000031, -1, 0.00000109),
            (0.00000112, -1, 0.00000129),
            (-0.00000118, -1, 0.00000117),
            (-0.00000015, -1, 0),
            (0.00000073, 0, 1),
            (0.00000145, 0, 1),
            (0.00000145, 0, 1),
            (0.00000073, 0, 1),
            (0, 0, 1),
            (0, 0, 1),
            (0.00000073, 0, 1),
            (0, 0, 1),
            (0, 0, 1),
            (0.00000073, 0, 1),
            (0.00000145, 0, 1),
            (0.00000145, 0, 1),
            (1, -0.00000015, 0),
            (1, -0.00000015, 0),
            (1, -0.00000015, 0),
            (0.9971256, 0.00134153, 0.07575543),
            (1, -0.00000015, 0),
            (0.9979967, 0.0011189, 0.06325528),
            (1, -0.00000015, 0),
            (1, -0.00000015, 0),
            (1, -0.00000015, 0),
            (1, -0.00000015, 0),
            (-0.00000027, -1, 0),
            (-0.00000015, -1, 0),
            (-0.00000069, -1, 0),
            (-0.00000055, -1, 0),
            (-0.00000015, -1, 0),
            (0.00000023, -1, 0),
            (-0.00000015, -1, 0),
            (-0.00000094, -1, 0),
            (-0.00000613, -1, 0),
            (0.00000996, -1, 0),
            (0, -0.01769191, -0.9998435),
            (0, -0.01769188, -0.9998435),
            (0, -0.01769004, -0.9998435),
            (0, -0.01769282, -0.9998435),
            (0, -0.01769331, -0.9998435),
            (-0.00000102, -0.01769336, -0.9998435),
            (-0.00000052, -0.01769377, -0.9998435),
            (-0.00000195, -0.01768719, -0.9998436),
            (-0.00000288, -0.01768921, -0.9998435),
            (-0.00000058, -0.01768734, -0.9998436),
            (0, -0.01769197, -0.9998435),
            (0, -0.01769023, -0.9998435),
            (0, -0.01769065, -0.9998435),
            (0, -0.01769055, -0.9998435),
            (0, -0.01769223, -0.9998435),
            (0, -0.01769202, -0.9998435),
            (-0.00000019, -0.01769103, -0.9998435),
            (0, 0.00000074, -1),
            (-0.00000011, 0.0000003, -1),
            (-0.00000016, -0.0000003, -1),
            (0, 0.0176913, -0.9998435),
            (0, 0.01769113, -0.9998435),
            (0, 0.01769097, -0.9998435),
            (0, 0.017692, -0.9998435),
            (0, 0.01769145, -0.9998435),
            (0, 0.01769182, -0.9998435),
            (0, 0.01769195, -0.9998435),
            (0, 0.01768601, -0.9998436),
            (0, 0.0176975, -0.9998434),
            (0, 0.01768914, -0.9998435),
            (0, 0.01769358, -0.9998435),
            (0, 0.01768716, -0.9998436),
            (0, 0.01768935, -0.9998435),
            (0, 0.0176926, -0.9998435),
            (-0.0000015, 0.01769915, -0.9998434),
            (-0.00000056, 0.01768925, -0.9998435),
            (-0.00000088, 0.01768848, -0.9998436),
            (-0.00000056, 1, -0.00000037),
            (0.00000015, 1, 0),
            (-0.00000217, 1, -0.00000057),
            (-0.00000222, 1, -0.00000065),
            (-0.0000003, 1, -0.00000056),
            (0.00000015, 1, -0.00000047),
            (0.00000015, 1, -0.00000041),
            (0.00000015, 1, -0.00000039),
            (0.00000015, 1, -0.00000039),
            (0.00000015, 1, -0.00000039),
            (-0.00000015, -1, 0),
            (-0.00000015, -1, 0),
            (-0.00000015, -1, 0),
            (-0.00000015, -1, 0),
            (0.00000105, 1, 0.00004384),
            (0.00000015, 1, 0.00004384),
            (0.00000015, 1, 0.00004384),
            (0.00000113, 1, 0.00004384),
            (-0.9999645, 0.00014899, 0.00843455),
            (-0.9999644, 0.00014752, 0.00843708),
            (-0.9999644, 0.00014781, 0.00843669),
            (-0.9999645, 0.00014898, 0.00843441),
            (-0.9999644, 0.00014801, 0.0084363),
            (-0.9999644, 0.00014788, 0.00843627),
            (-0.9999645, 0.00014894, 0.008433),
            (-0.9999645, 0.00014894, 0.00843278),
            (0.00000015, 1, 0),
            (0.00000015, 1, 0),
            (0.00000015, 1, 0),
            (0.00000015, 1, 0),
            (-1, 0.00000015, 0),
            (-1, 0.00000015, 0),
            (-1, 0.00000015, 0.00000094),
            (-1, 0.00000015, 0.00000095),
            (-1, 0.00000015, 0),
            (-1, 0.00000015, 0.00000068),
            (-1, 0.00000015, 0.00000012),
            (-1, 0.00000015, 0.00000085),
            (0, 0.01769475, 0.9998435),
            (0, 0.01769952, 0.9998434),
            (0, 0.01769739, 0.9998434),
            (0, 0.01769645, 0.9998434),
            (0, 0.01768904, 0.9998435),
            (0, 0.01769213, 0.9998435),
            (0, 0.017696, 0.9998434),
            (0, 0.01769909, 0.9998434),
            (0, 0.0176924, 0.9998435),
            (0, 0.01769013, 0.9998435),
            (0, 0.01769118, 0.9998435),
            (0.00000012, 0.01769159, 0.9998435),
            (0.00000017, -0.0000003, 1),
            (0.00000029, 0.00000063, 1),
            (0.00000028, -0.01769117, 0.9998435),
            (0.00000017, -0.01769157, 0.9998435),
            (0.00000011, -0.01769095, 0.9998435),
            (0, -0.01769095, 0.9998435),
            (0, -0.01770522, 0.9998432),
            (0, -0.01769105, 0.9998435),
            (0, -0.0176889, 0.9998435),
            (0, -0.0177031, 0.9998433),
            (0, -0.01770757, 0.9998432),
            (0, -0.01770485, 0.9998432),
            (0, -0.01767647, 0.9998438),
            (0, -0.01766511, 0.999844),
            (1, -0.00000015, -0.00000044),
            (1, -0.00000015, -0.00000044),
            (1, -0.00000015, -0.00000044),
            (1, -0.00000015, -0.00000044),
            (-0.00000015, -1, 0.00000039),
            (-0.00000015, -1, 0.00000039),
            (-0.00000015, -1, 0.00000039),
            (-0.00000015, -1, 0.00000039),
            (0.9999645, 0.000179, -0.00842489),
            (0.9999646, 0.00014991, -0.00841888),
            (0.9999646, 0.00014977, -0.00842033),
            (0.9999645, 0.00017966, -0.00842717),
            (0.9999645, 0.00020673, -0.00843292),
            (0.9999644, 0.00020665, -0.00843429),
            (0.9999645, 0.00020381, -0.00842176),
            (0.9999645, 0.00020381, -0.00842117),
            (1, -0.00000015, -0.00000041),
            (1, -0.00000015, -0.00000044),
            (1, -0.00000015, 0),
            (1, -0.00000015, 0),
            (-1, 0.00000015, 0),
            (-1, 0.00000015, 0),
            (-1, 0.00000015, 0.00000044),
            (-1, 0.00000015, 0.00000085),
            (-1, 0.00000015, 0),
            (-1, 0.00000015, 0.00000095),
            (-1, 0.00000015, 0),
            (-1, 0.00000015, 0.00000114),
            (0.00005039, -1, -0.0000516),
            (0.00005231, -1, -0.00003552),
            (0.00005214, -1, -0.00003695),
            (0.00005022, -1, -0.00005304),
            (0.999992, 0.00073918, -0.00394314),
            (0.9999865, 0.0000918, -0.0051969),
            (0.9999866, 0.00011029, -0.00518116),
            (0.9999923, 0.0007771, -0.00386995),
            (0.9999949, 0.00002268, -0.00319756),
            (0.9999945, 0.00001225, -0.00330977),
            (0.9999929, 0.00087765, -0.00366277),
            (0.9999954, 0.00126626, -0.00277934),
            (0.9999945, 0.00068825, -0.00324435),
            (0.9999942, 0.00000152, -0.00341983),
            (0.9999945, -0.00068786, -0.00325551),
            (0.9999953, -0.00127198, -0.00279665),
            (0.9999928, -0.00088178, -0.0036757),
            (0.9999939, -0.00002425, -0.00348871),
            (0.9999939, 0.0000004, -0.00347972),
            (0.9999932, 0.00106914, -0.00353576),
            (0.9999942, 0.00003688, -0.00340444),
            (0.9999954, 0.00126626, -0.00277935),
            (0.9999945, 0.00068825, -0.00324455),
            (0.9999942, 0.00000152, -0.00341994),
            (0.9999945, -0.00068787, -0.00325568),
            (0.9999953, -0.00127199, -0.00279625),
            (0.9999944, -0.00117547, -0.00312667),
            (0.9999942, -0.00007936, -0.00340056),
            (0.9999906, -0.00056042, -0.00430475),
            (0.9999917, -0.00070331, -0.00402861),
            (0.9999866, -0.00010496, -0.00517941),
            (0.9999865, -0.00012389, -0.00519358),
            (0.00000005, 0.3494102, 0.9369699),
            (0, 0.02382112, 0.9997162),
            (0, 0.02382047, 0.9997163),
            (0.00000005, 0.349421, 0.9369658),
            (-0.0000098, 0.5610015, 0.8278148),
            (0.00000008, 0.5610098, 0.8278092),
            (-0.00000119, 0.3877838, 0.9217504),
            (0.00000006, 0.3877785, 0.9217526),
            (0.00000136, 0.1916139, 0.9814704),
            (0.00000003, 0.1916102, 0.9814711),
            (0, -0.00006822, 1),
            (0, -0.00007548, 1),
            (-0.00000003, -0.1917032, 0.9814529),
            (0.00000052, -0.1917107, 0.9814515),
            (-0.00000006, -0.3879146, 0.9216954),
            (-0.00000006, -0.3879183, 0.9216938),
            (-0.00000008, -0.5611206, 0.8277341),
            (-0.00000008, -0.5611259, 0.8277305),
            (-0.00000009, -0.5890532, 0.8080943),
            (-0.00000009, -0.589053, 0.8080944),
            (0.00000015, 1, 0),
            (0.00000015, 1, 0),
            (0.00000015, 1, 0),
            (0.00000015, 1, 0),
            (0.00000015, 1, 0),
            (0.00000015, 1, 0),
            (0.00000015, 1, 0),
            (0.00000015, 1, 0),
            (0.00000132, -0.0176797, 0.9998437),
            (0, -0.01769068, 0.9998435),
            (0.00000026, -0.01769114, 0.9998435),
            (0.00000151, -0.01769121, 0.9998435),
            (0.00000137, -0.01767941, 0.9998437),
            (0.00000015, 0, 1),
            (0, -0.00000015, 1),
            (0, 0.01769158, 0.9998435),
            (0.00000027, 0.0176917, 0.9998435),
            (0.00000238, 0.01769105, 0.9998435),
            (0.00000292, 0.01769105, 0.9998435),
            (-0.00000015, -1, 0),
            (-0.00000015, -1, 0),
            (-0.00000015, -1, 0),
            (-0.00000015, -1, 0),
            (0.00000008, 0.5609995, 0.8278162),
            (0.00000009, 0.5889376, 0.8081785),
            (0.00000009, 0.5889376, 0.8081785),
            (0.00000008, 0.5610081, 0.8278103),
            (0.00000338, 0.38783, 0.9217309),
            (0.00000006, 0.3877784, 0.9217526),
            (0.00000003, 0.1916139, 0.9814704),
            (0.00000003, 0.1915612, 0.9814807),
            (0, -0.00006815, 1),
            (0, -0.00007547, 1),
            (-0.00000003, -0.1918958, 0.9814153),
            (-0.00000052, -0.191856, 0.9814231),
            (-0.00000006, -0.3879127, 0.9216961),
            (0.00000006, -0.3879209, 0.9216927),
            (-0.00000008, -0.5611188, 0.8277353),
            (-0.00000008, -0.5611266, 0.82773),
            (-0.00000005, -0.3389068, 0.94082),
            (-0.00000005, -0.3388993, 0.9408227),
            (0, -0.02411951, 0.9997091),
            (0, -0.02412064, 0.9997091),
            (-0.08758901, 0.9961567, 0),
            (-0.08758876, 0.9961568, 0),
            (-0.0875888, 0.9961568, 0),
            (-0.08758903, 0.9961567, 0),
            (1, -0.00000015, 0),
            (1, -0.00000015, 0),
            (1, -0.00000015, 0),
            (1, -0.00000015, 0),
            (-0.08758859, -0.9961568, 0),
            (-0.0875885, -0.9961568, 0),
            (-0.0875885, -0.9961568, 0),
            (-0.08758862, -0.9961568, 0),
            (-1, 0.00000015, 0.00000018),
            (-1, 0.00000015, 0.00000043),
            (-1, 0.00000015, 0.00000025),
            (-1, 0.00000015, 0),
            (0, 0, 1),
            (0, 0, 1),
            (0, 0, 1),
            (0, 0, 1),
            (-0.0076909, -0.02209608, -0.9997263),
            (-0.00655672, -0.02142073, -0.9997491),
            (-0.00659501, -0.02143919, -0.9997484),
            (-0.00512395, -0.02072789, -0.999772),
            (-0.00770471, -0.02211005, -0.9997259),
            (-0.0053811, -0.02087521, -0.9997676),
            (0, -0.01868429, -0.9998254),
            (-0.00512395, -0.02072789, -0.999772),
            (-0.0053811, -0.02087521, -0.9997676),
            (0, -0.01868268, -0.9998255),
            (0, -0.0181783, -0.9998348),
            (0, -0.01817759, -0.9998348),
            (0.00070768, -0.01881239, -0.9998228),
            (0.00057355, -0.01873261, -0.9998243),
            (0.00005672, 1, 0.00005212),
            (0.00006048, 1, 0.00005212),
            (0.00006014, 1, 0.00005212),
            (0.00005638, 1, 0.00005212),
            (0.9999645, -0.00020193, -0.00842832),
            (0.9999645, -0.00020138, -0.00842712),
            (0.9999645, -0.00020138, -0.00842688),
            (0.9999645, -0.00020192, -0.00842656),
            (0.9999646, -0.00017601, -0.00841768),
            (0.9999646, -0.00017666, -0.00841762),
            (0.9999645, -0.00015002, -0.00843326),
            (0.9999644, -0.00014998, -0.00843613),
            (-0.00000196, -1, -0.00004384),
            (-0.00000015, -1, -0.00004384),
            (-0.00000031, -1, -0.00004384),
            (-0.00000212, -1, -0.00004384),
            (-0.9999645, -0.00014442, 0.00843077),
            (-0.9999646, -0.00014835, 0.00841607),
            (-0.9999646, -0.00014835, 0.00841708),
            (-0.9999644, -0.00014523, 0.00843515),
            (-0.9999645, -0.00014596, 0.0084283),
            (-0.9999645, -0.00014663, 0.00843429),
            (-0.9999644, -0.00014803, 0.00844239),
            (-0.9999644, -0.00014801, 0.00844653),
            (0, -0.02367315, -0.9997197),
            (0.00116736, -0.02146953, -0.9997688),
            (0.0008514, -0.02213477, -0.9997546),
            (0, -0.02357708, -0.999722),
            (0, -0.01976209, -0.9998047),
            (0, -0.01976326, -0.9998047),
            (-0.00655672, -0.02142073, -0.9997491),
            (-0.00659501, -0.02143919, -0.9997484),
            (0, 0.0179929, -0.9998381),
            (0.00098915, 0.01864223, -0.9998258),
            (0.00084391, 0.01854402, -0.9998277),
            (0, 0.01789804, -0.9998398),
            (0, 0.01881439, -0.999823),
            (0.0000003, 0.01862292, -0.9998266),
            (0, 0.01782117, -0.9998412),
            (0, 0.01782025, -0.9998412),
            (0, 0.01878403, -0.9998236),
            (0, 0.01756928, -0.9998456),
            (0, 0.01756655, -0.9998457),
            (0, 0.01877852, -0.9998237),
            (0, 0.02391434, -0.999714),
            (0, 0.02391026, -0.9997141),
            (0.00101723, 0.02218519, -0.9997534),
            (0.00089884, 0.02235523, -0.9997497),
            (-0.00015155, 0.9998053, -0.01973199),
            (-0.00015243, 0.9998053, -0.01973209),
            (-0.00015214, 0.9998053, -0.01973206),
            (-0.00015126, 0.9998053, -0.01973196),
            (0.0000011, -0.9998053, 0.01973498),
            (0.00000158, -0.9998053, 0.01973317),
            (0.00000143, -0.9998053, 0.01973375),
            (0.00000094, -0.9998053, 0.01973557),
            (-0.00016604, -0.9998033, -0.01983308),
            (-0.00016648, -0.9998033, -0.01983302),
            (-0.00016632, -0.9998033, -0.01983304),
            (-0.00016589, -0.9998033, -0.0198331),
            (-0.00838359, 0.0198186, -0.9997684),
            (-0.00838348, 0.01981496, -0.9997686),
            (-0.00838489, 0.01986077, -0.9997676),
            (-0.008385, 0.01986442, -0.9997675),
            (0.00000326, 0.9998033, 0.01983438),
            (0.00000204, 0.9998033, 0.01983451),
            (0.00000248, 0.9998033, 0.01983446),
            (0.0000037, 0.9998033, 0.01983434),
            (0, 0, -1),
            (0, 0, -1),
            (0, 0, -1),
            (0, 0, -1),
            (0, 0, -1),
            (0, 0, -1),
            (0, 0, -1),
            (0, 0, -1),
            (0, 0, -1),
            (0, 0, -1),
            (0, 0, -1),
            (0, 0, -1),
            (-0.00000015, -1, 0),
            (-0.00000015, -1, 0),
            (-0.00000015, -1, 0),
            (-0.00000015, -1, 0),
            (-0.00000015, -1, 0),
            (-0.00000015, -1, 0),
            (0.00000044, 1, 0),
            (0.00000137, 1, 0),
            (0.0000008, 1, 0),
            (0.00000015, 1, 0),
            (0.00000015, 1, 0),
            (0.00000015, 1, 0),
            (1, -0.00000015, 0),
            (1, -0.00000015, 0),
            (1, -0.00000015, 0),
            (1, -0.00000015, 0),
            (1, -0.00000015, 0),
            (1, -0.00000015, 0),
            (1, -0.00000015, 0),
            (1, -0.00000015, 0),
            (1, -0.00000015, 0),
            (1, -0.00000015, 0),
            (1, -0.00000015, 0),
            (1, -0.00000015, 0),
            (1, -0.00000015, 0),
            (1, -0.00000015, 0),
            (0.00000015, 1, -0.00011837),
            (0.00000015, 1, -0.00011837),
            (0.00000015, 1, -0.00011837),
            (0.00000015, 1, -0.00011837),
            (0.00000015, 1, -0.00011837),
            (0.00000015, 1, -0.00011837),
            (1, -0.00000015, 0),
            (1, -0.00000015, -0.00000036),
            (1, -0.00000015, -0.00000033),
            (1, -0.00000015, 0),
            (1, -0.00000015, 0),
            (1, -0.00000015, 0),
            (-0.00000015, -1, 0.00011763),
            (-0.00000015, -1, 0.00011763),
            (-0.00000015, -1, 0.00011763),
            (-0.00000015, -1, 0.00011763),
            (-0.00000015, -1, 0.00011763),
            (-0.00000015, -1, 0.00011763),
            (0.00000021, 0, 1),
            (0.00000094, -0.00000013, 1),
            (0.00000111, 0.03756668, 0.9992942),
            (0.00000063, 0.161438, 0.9868829),
            (0.00000039, 0.00000016, 1),
            (0.00000118, 0.4133914, 0.9105535),
            (0.00000027, 0.1090427, 0.9940371),
            (0.00000064, 0.4133913, 0.9105535),
            (0.00000018, 0.4133915, 0.9105534),
            (0.00000061, 0, 1),
            (0.00000039, 0.00000016, 1),
            (0.00000027, 0.1090427, 0.9940371),
            (0.00000061, 0, 1),
            (0.00000037, -0.00000019, 1),
            (0.00000025, -0.1416559, 0.989916),
            (0, -0.00000015, 1),
            (0.00000037, -0.00000019, 1),
            (0.00000025, -0.1416559, 0.989916),
            (-0.00000294, -0.2017863, 0.9794296),
            (0.00000106, 0, 1),
            (0.0000001, -0.4385129, 0.8987249),
            (-0.00006594, -0.05138735, 0.9986788),
            (0.00000052, -0.438513, 0.8987249),
            (0.00000101, -0.4385133, 0.8987247),
            (0.0000016, 0, 1),
            (0.00000106, 0, 1),
            (-0.00006594, -0.05138735, 0.9986788),
            (0.0000016, 0, 1),
            (0.00000094, -0.00000013, 1),
            (0.00000111, 0.03756668, 0.9992942),
            (-1, 0.00000015, -0.00000038),
            (-1, 0.00000015, 0.00000078),
            (-1, 0.00000015, 0.00000073),
            (-1, 0.00000015, -0.00000038),
            (-1, 0.00000015, 0),
            (-1, 0.00000015, 0),
            (-0.00000015, -1, 0),
            (-0.00000015, -1, 0),
            (-0.00000015, -1, 0),
            (-0.00000036, -1, 0),
            (-0.00000065, -1, 0),
            (-0.00000106, -1, 0),
            (-0.00000009, 1, 0),
            (0.00000015, 1, 0),
            (-0.00000047, 1, 0),
            (-0.0000004, 1, 0),
            (0.00000015, 1, 0),
            (0.00000015, 1, 0),
            (0.9999774, 0.00480108, 0.00470947),
            (0.6549795, 0.00000152, 0.7556466),
            (0.6549097, 0.01289556, 0.7555971),
            (0.9999884, -0.00002731, 0.00480771),
            (0.9999889, 0.0047095, 0.00003469),
            (0.6549101, -0.01289524, 0.7555968),
            (0.6549714, 0.7556502, -0.00232326),
            (0.6549936, 0.7556345, 0.00000209),
            (0.9999774, -0.00474749, 0.00478297),
            (0.7726693, 0.447228, -0.450521),
            (1, -0.00000015, -0.00000015),
            (0.9999889, -0.00470653, 0.00004752),
            (0.6549534, -0.7556657, -0.00232443),
            (0.6549571, -0.7556661, -0.0000023),
            (0.7726704, -0.4505389, -0.4472082),
            (0.9999771, -0.00487472, -0.00469202),
            (0.6549616, -0.00009925, -0.7556621),
            (0.9999887, -0.00001493, -0.00476387),
            (0.9999772, 0.00475135, -0.0048065),
            (-1, 0.00000015, 0),
            (-1, 0.00000015, 0),
            (-1, 0.00000015, 0),
            (-1, 0.00000015, 0),
            (-1, 0.00000015, 0),
            (-1, 0.00000015, 0),
            (-1, 0.00000015, 0),
            (-1, 0.00000015, 0),
            (-1, 0.00000015, 0),
            (-1, 0.00000015, 0),
            (-1, 0.00000015, 0),
            (-1, 0.00000015, 0.00000012),
            (-1, 0.00000015, 0),
            (-1, 0.00000015, 0),
            (-1, 0.00000015, 0),
            (-1, 0.00000015, 0),
            (-1, 0.00000015, 0),
            (-1, 0.00000015, 0),
            (-1, 0.00000015, 0),
            (-1, 0.00000015, 0),
            (-1, 0.00000015, 0),
            (-1, 0.00000015, 0),
            (-1, 0.00000015, 0),
            (-1, 0.00000015, 0),
            (-1, 0.00000015, 0),
            (-1, 0.00000015, 0),
            (-1, 0.00000015, 0),
            (-1, 0.00000015, 0),
            (-1, 0.00000015, 0),
            (-1, 0.00000015, 0),
            (0.00000015, 1, 0),
            (0.00000015, 1, 0),
            (0.00000015, 1, 0),
            (0.00000015, 1, 0),
            (0.00000015, 1, 0),
            (0.00000015, 1, 0),
            (0.00000015, 1, 0),
            (0.00000015, 1, 0),
            (0.00000015, 1, 0),
            (-0.00000015, -1, 0),
            (-0.00000015, -1, 0),
            (-0.00000015, -1, 0),
            (-0.00000015, -1, 0),
            (-0.00000015, -1, 0),
            (-0.00000015, -1, 0),
            (-0.00000015, -1, 0),
            (-0.00000015, -1, 0),
            (-0.00000015, -1, 0),
            (0.9980006, -0.00111838, 0.06319402),
            (1, -0.00000015, 0),
            (1, -0.00000015, 0),
            (1, -0.00000015, 0),
            (1, -0.00000015, 0),
            (1, -0.00000015, 0),
            (1, -0.00000015, 0),
            (0.9963032, -0.00152183, 0.08589348),
            (1, -0.00000015, 0),
            (1, -0.00000015, 0),
            (-0.00002008, 1, 0.00000064),
            (-0.00000102, 1, -0.0000009),
            (-0.0000025, 1, -0.00000038),
            (0.00000015, 1, -0.00000069),
            (-0.00000182, 1, -0.0000005),
            (-0.00000033, 1, -0.00000041),
            (0.00000015, 1, -0.00000039),
            (0.00000027, 1, -0.00000026),
            (0.00000026, 1, -0.00000027),
            (0.00000049, 1, 0),
            (0.00904358, 0.01768792, 0.9998026),
            (0.00031565, 0.01776616, 0.9998422),
            (0.00047004, 0.01764278, 0.9998443),
            (0.00900268, 0.01769019, 0.999803),
            (0.2927534, 0.01690947, 0.9560384),
            (0.2926002, 0.01691501, 0.9560853),
            (0.5647839, 0.01457919, 0.8251101),
            (0.5650768, 0.01459508, 0.8249092),
            (0.7918174, 0.01076914, 0.6106629),
            (0.7918427, 0.01080295, 0.6106296),
            (0.9453279, 0.00576918, 0.3260703),
            (0.9453322, 0.00576896, 0.3260578),
            (0.9979967, 0.0011189, 0.06325528),
            (0.9971256, 0.00134153, 0.07575543),
            (0.00902185, -0.01769069, 0.9998028),
            (0.0004405, -0.01769035, 0.9998434),
            (0.00020095, -0.01771146, 0.9998431),
            (0.00902516, -0.0176884, 0.9998028),
            (0.2929344, -0.01691895, 0.9559829),
            (0.2927112, -0.01691653, 0.9560513),
            (0.5646491, -0.01459467, 0.825202),
            (0.5648334, -0.01459848, 0.8250759),
            (0.7918367, -0.0108035, 0.6106373),
            (0.791822, -0.01080434, 0.6106564),
            (0.9453295, -0.00577029, 0.3260657),
            (0.9453481, -0.00576959, 0.3260118),
            (0.9963032, -0.00152183, 0.08589348),
            (0.9980006, -0.00111838, 0.06319402),
            (-1, 0.00000015, 0.00000035),
            (-1, 0.00000015, 0.00000048),
            (-1, 0.00000015, 0.0000007),
            (-1, 0.00000015, 0.00000017),
            (-1, 0.00000015, 0),
            (-1, 0.00000015, 0),
            (-1, 0.00000015, 0),
            (-1, 0.00000015, 0),
            (-1, 0.00000015, 0),
            (-1, 0.00000015, 0.00000055),
            (-1, 0.00000015, 0.00000035),
            (-1, 0.00000015, 0.00000032),
            (-1, -0.00000003, 0.00000022),
            (-1, 0.00000015, 0.00000045),
            (-1, 0.00000015, 0.00000119),
            (-1, 0.00000015, 0.00000037),
            (-1, 0.00000015, 0.00000057),
            (-1, 0.00000015, 0.00000042),
            (-1, 0.00000015, 0),
            (-1, 0.00000015, 0.00000015),
            (-1, 0.00000015, -0.00000023),
            (-1, 0.00000015, 0),
            (-1, 0.00000015, -0.00000055),
            (-1, 0.00000015, 0),
            (-1, 0.00000015, 0),
            (-1, 0.00000015, 0),
            (0.00098915, 0.01864223, -0.9998258),
            (0.00216293, 0.01996466, -0.9997984),
            (0.00084391, 0.01854402, -0.9998277),
            (0.00217736, 0.01995651, -0.9997985),
            (0.00101723, 0.02218519, -0.9997534),
            (0.00089884, 0.02235523, -0.9997497),
            (0.00842499, -0.01812759, 0.9998002),
            (0.0083848, -0.01987674, 0.9997673),
            (0.00838157, -0.01984356, 0.999768),
            (0.00842432, -0.01814167, 0.9997999),
            (0.00844993, -0.01914192, 0.9997811),
            (0.00846396, -0.0186044, 0.9997911),
            (0.00375634, -0.02090506, 0.9997744),
            (0.00379779, -0.02090587, 0.9997743),
            (0.0027315, -0.02080811, 0.9997798),
            (0.00276297, -0.02081799, 0.9997795),
            (-0.00217545, -0.01982204, 0.9998012),
            (-0.00217703, -0.01986539, 0.9998003),
            (0.00116736, -0.02146953, -0.9997688),
            (0.0017695, -0.02043737, -0.9997896),
            (0.0008514, -0.02213477, -0.9997546),
            (0.00070768, -0.01881239, -0.9998228),
            (0.00176535, -0.02042018, -0.99979),
            (0.00057355, -0.01873261, -0.9998243),
            (-0.999966, 0.00004719, 0.00824106),
            (-0.999966, -0.00004775, 0.00824425),
            (-0.999966, -0.00005077, 0.00824149),
            (-0.999966, 0.00004885, 0.00824435),
            (-0.999966, 0.00014463, 0.00824052),
            (-0.999966, 0.00014405, 0.00823888),
            (-0.999966, 0.00014484, 0.00824183),
            (-0.999966, 0.0001443, 0.00824227),
            (-0.999966, 0.00015023, 0.00824126),
            (-0.999966, 0.00015411, 0.00824239),
            (-0.999966, 0.0001603, 0.00824043),
            (-0.999966, 0.00015253, 0.00823852),
            (0.00776038, 0.01831129, 0.9998022),
            (0.00769087, 0.01972562, 0.9997758),
            (0.00769369, 0.01976375, 0.9997751),
            (0.00769059, 0.01884134, 0.9997929),
            (0.00765111, 0.01906075, 0.9997891),
            (0.00750315, 0.01944062, 0.9997829),
            (0.00354372, 0.0207424, 0.9997786),
            (0.00359042, 0.02075903, 0.9997781),
            (0.00210661, 0.02064823, 0.9997846),
            (0.00209713, 0.02065495, 0.9997845),
            (-0.00176664, 0.01972821, 0.9998038),
            (-0.00176808, 0.01973166, 0.9998037),
            (0.999966, -0.00004978, -0.00824055),
            (0.999966, 0.00004991, -0.00824273),
            (0.999966, 0.00004837, -0.00824184),
            (0.999966, -0.00004911, -0.00824039),
            (0.999966, -0.00017335, -0.00823789),
            (0.999966, -0.00017313, -0.00823857),
            (0.999966, -0.00019762, -0.00823734),
            (0.999966, -0.00019764, -0.0082373),
            (0.9999661, -0.00017628, -0.00823707),
            (0.999966, -0.00017732, -0.00823871),
            (0.999966, -0.00015711, -0.00823994),
            (0.9999661, -0.00015512, -0.00823645),
            (0.9999629, 0.00005478, -0.00861199),
            (0.9999629, -0.00004063, -0.00861354),
            (0.9999629, -0.00004355, -0.00861475),
            (0.9999629, 0.00005613, -0.00861119),
            (0.9999629, 0.00018297, -0.00860881),
            (0.9999629, 0.00018314, -0.00860877),
            (0.9999629, 0.00021068, -0.00860821),
            (0.9999629, 0.00021062, -0.00860792),
            (0.9999629, 0.0001895, -0.00860883),
            (0.9999629, 0.00018936, -0.00860731),
            (0.9999629, 0.00017069, -0.00860753),
            (0.9999629, 0.00017086, -0.00861046),
            (-0.9999629, -0.00005703, 0.00861231),
            (-0.9999629, 0.00004227, 0.00861347),
            (-0.9999629, 0.00003594, 0.00861464),
            (-0.9999629, -0.00005373, 0.00860946),
            (-0.9999629, -0.00015006, 0.00860667),
            (-0.9999629, -0.0001484, 0.00861203),
            (-0.9999629, -0.00014968, 0.00860616),
            (-0.9999629, -0.00014801, 0.00860955),
            (-0.9999629, -0.00016107, 0.0086091),
            (-0.9999629, -0.000161, 0.00861026),
            (-0.9999629, -0.00017048, 0.00860973),
            (-0.9999629, -0.00017065, 0.00860802),
            (-1, 0.00000005, 0.0000006),
            (-1, -0.00000006, 0.00000109),
            (-1, 0.00000015, 0.00000248),
            (-1, 0, 0),
            (-1, 0.00000015, 0.00000089),
            (-1, 0.00000015, 0.00000101),
            (-1, 0.00000026, 0.00000121),
            (-1, 0.00000015, 0.00000143),
            (-1, 0.00000031, 0.00000065),
            (-1, 0.00000062, 0),
            (-0.00000016, 0, -1),
            (-0.00000057, 0, -1),
            (-0.00000016, 0, -1),
            (-0.00000057, 0, -1),
            (-0.00000097, 0, -1),
            (-0.00000097, 0, -1),
            (-0.00000097, 0, -1),
            (-0.00000016, 0, -1),
            (-0.00000057, 0, -1),
            (-0.00000097, 0, -1),
            (-0.00000057, 0, -1),
            (-0.00000016, 0, -1),
            (-0.00000016, 0, -1),
            (-0.00000057, 0, -1),
            (-0.00000097, 0, -1),
            (1, -0.00000015, 0),
            (1, -0.00000015, 0),
            (1, -0.00000015, 0),
            (1, -0.00000015, 0),
            (1, -0.00000015, 0),
            (1, -0.00000015, 0),
            (1, -0.00000015, 0),
            (1, -0.00000015, 0),
            (1, -0.00000015, 0),
            (1, -0.00000015, 0),
            (0.00000014, 0.9396926, -0.3420205),
            (0.00000015, 0.9848078, -0.1736481),
            (0.00000015, 0.9848077, -0.1736483),
            (0.00000015, 1, -0.00000055),
            (0.00000014, 0.9396927, -0.34202),
            (0.00000032, 1, 0.00000055),
            (0.00000013, 0.866026, -0.4999989),
            (-0.00000013, 0.9848078, 0.1736478),
            (0.00000013, 0.8660249, -0.5000009),
            (0.00000027, 0.9848077, 0.1736488),
            (0.00000012, 0.766045, -0.642787),
            (-0.0000001, 0.9396929, 0.3420195),
            (0.00000012, 0.7660432, -0.6427891),
            (0.00000014, 0.9396926, 0.3420204),
            (0.0000001, 0.6427891, -0.7660432),
            (0.00000013, 0.8660259, 0.4999992),
            (0.0000001, 0.6427873, -0.7660448),
            (0.00000013, 0.8660253, 0.5000002),
            (0.00000008, 0.5000013, -0.8660247),
            (0.00000012, 0.7660441, 0.6427879),
            (0.00000008, 0.4999999, -0.8660255),
            (0.00000012, 0.7660437, 0.6427885),
            (0.00000005, 0.3420206, -0.9396925),
            (0.0000001, 0.6427881, 0.7660441),
            (0.00000005, 0.3420196, -0.9396929),
            (0.0000001, 0.6427878, 0.7660443),
            (0.00000003, 0.1736492, -0.9848076),
            (0.00000008, 0.5000007, 0.866025),
            (0.00000003, 0.1736472, -0.984808),
            (0.00000008, 0.4999997, 0.8660256),
            (0.00000005, 0.3420205, 0.9396925),
            (0.00000005, 0.3420196, 0.9396929),
            (0.00000003, 0.1736486, 0.9848077),
            (0.00000003, 0.1736479, 0.9848078),
            (0, 0.00000035, 1),
            (0, -0.00000036, 1),
            (-0.00000003, -0.1736479, 0.9848078),
            (-0.00000003, -0.1736486, 0.9848077),
            (-0.00000005, -0.3420196, 0.9396929),
            (-0.00000005, -0.3420205, 0.9396926),
            (-0.00000008, -0.5, 0.8660254),
            (-0.00000008, -0.5000005, 0.8660251),
            (-0.0000001, -0.6427879, 0.7660442),
            (-0.0000001, -0.6427879, 0.7660443),
            (-0.00000012, -0.7660436, 0.6427886),
            (-0.00000012, -0.7660441, 0.6427879),
            (-0.00000013, -0.8660251, 0.5000005),
            (-0.00000013, -0.866026, 0.499999),
            (-0.00000014, -0.9396926, 0.3420204),
            (-0.00000031, -0.939693, 0.3420193),
            (0.00000013, -0.9848076, 0.1736488),
            (-0.00000027, -0.9848078, 0.1736479),
            (0.00000009, -1, 0.00000055),
            (-0.00000015, -1, -0.00000055),
            (-0.00000015, -0.9848078, -0.1736481),
            (-0.00000015, -0.9848077, -0.1736484),
            (-0.00000014, -0.9396925, -0.3420205),
            (-0.00000014, -0.9396929, -0.3420196),
            (-0.00000013, -0.866026, -0.4999989),
            (-0.00000013, -0.8660246, -0.5000013),
            (-0.00000012, -0.7660451, -0.6427869),
            (-0.00000012, -0.7660432, -0.642789),
            (-0.0000001, -0.6427894, -0.766043),
            (-0.0000001, -0.6427872, -0.7660448),
            (-0.00000008, -0.5000015, -0.8660246),
            (-0.00000008, -0.4999995, -0.8660257),
            (-0.00000005, -0.3420207, -0.9396924),
            (-0.00000005, -0.3420194, -0.9396929),
            (-0.00000003, -0.1736477, -0.9848078),
            (-0.00000003, -0.1736486, -0.9848077),
            (0, 0, -1),
            (0, 0, -1),
            (-1, 0.00000015, -0.00000306),
            (-0.8404183, -0.5092571, 0.1853489),
            (-1, 0.00000015, -0.00000329),
            (-1, 0.00000015, -0.00000519),
            (-0.8404292, -0.5419214, -0.00000732),
            (-1, 0.00000015, -0.0000041),
            (-0.8404307, -0.5092409, -0.1853373),
            (-1, 0.00000015, 0.00000093),
            (-0.8404306, -0.4151352, -0.3483378),
            (-1, 0.00000015, 0.00000461),
            (-0.8404298, -0.2709716, -0.4693103),
            (-1, 0.00000015, 0.00000097),
            (-0.8404269, -0.09410224, -0.5336922),
            (-1, 0.00000015, 0.00000052),
            (-0.8404273, 0.09411043, -0.5336903),
            (-1, 0.00000015, -0.00000219),
            (-0.8404291, 0.2709654, -0.4693152),
            (-1, 0.00000015, -0.00000127),
            (-0.8404304, 0.4151366, -0.3483366),
            (-1, 0.00000015, 0.00000384),
            (-0.840431, 0.5092376, -0.1853454),
            (-1, 0.00000015, -0.00000107),
            (-0.8404284, 0.5419227, 0.00000132),
            (-1, 0.00000015, 0.00000019),
            (-0.8404279, 0.509241, 0.18535),
            (-1, 0.00000015, 0.00000219),
            (-0.8404276, 0.4151362, 0.3483438),
            (-1, 0.00000015, 0.00000346),
            (-0.8404261, 0.2709738, 0.4693157),
            (-1, 0.00000015, -0.0000026),
            (-0.8404279, 0.09410262, 0.5336907),
            (-1, 0.00000015, 0.00000044),
            (-0.8404306, -0.0941081, 0.5336854),
            (-1, 0.00000015, -0.00000417),
            (-0.8404348, -0.270963, 0.4693063),
            (-0.840428, -0.4151301, 0.3483501),
            (-0.3338619, 0.942622, 0),
            (-0.3338624, 0.8857732, 0.3224002),
            (-0.3338679, 0.8857722, -0.322397),
            (-0.3338583, 0.7220892, 0.6059092),
            (-0.3338717, 0.722088, -0.6059032),
            (-0.3338583, 0.4713066, 0.8163386),
            (-0.3338672, 0.4713084, -0.8163339),
            (-0.3338638, 0.1636805, 0.9283015),
            (-0.3338578, 0.1636858, -0.9283027),
            (-0.3338777, -0.1636832, 0.928296),
            (-0.3338561, -0.1636787, -0.9283046),
            (-0.3338718, -0.4713068, 0.816333),
            (-0.3338649, -0.471304, -0.8163374),
            (-0.3338594, -0.7220894, 0.6059084),
            (-0.3338685, -0.7220907, -0.6059017),
            (-0.3338647, -0.8857734, 0.3223972),
            (-0.3338649, -0.8857731, -0.3223975),
            (-0.3338643, -0.9426212, -0.00000474),
            (1, -0.00000015, 0.00000324),
            (1, -0.00000015, 0.00000763),
            (1, -0.00000015, 0),
            (1, -0.00000015, -0.00000028),
            (1, -0.00000015, 0),
            (1, -0.00000015, 0.00001056),
            (1, -0.00000015, -0.00000996),
            (1, -0.00000015, 0.00000224),
            (1, -0.00000015, 0.00000044),
            (1, -0.00000015, 0.0000003),
            (1, -0.00000015, -0.00000763),
            (1, -0.00000015, 0.00000398),
            (1, -0.00000015, 0.00000216),
            (1, -0.00000015, -0.00001452),
            (1, -0.00000015, -0.00001993),
            (1, -0.00000015, -0.00000048),
            (1, -0.00000015, 0.00000061),
            (1, -0.00000015, -0.00002097),
            (1, -0.00000015, -0.00001534),
            (1, -0.00000015, -0.00000046),
            (1, -0.00000015, -0.00000191),
            (1, -0.00000015, 0.0000003),
            (1, -0.00000015, 0.00002008),
            (1, -0.00000015, -0.00000138),
            (1, -0.00000015, 0.00001497),
            (1, -0.00000015, -0.00000116),
            (1, -0.00000015, 0),
            (1, -0.00000015, -0.00000108),
            (1, -0.00000015, -0.00000286),
            (1, -0.00000015, -0.00000134),
            (1, -0.00000015, 0.00000066),
            (1, -0.00000015, 0.00000018),
            (1, -0.00000015, 0.00000135),
            (1, -0.00000015, 0.00000385),
            (1, -0.00000015, 0.00000477),
            (1, -0.00000015, 0),
            (-1, 0.00000015, -0.00000319),
            (-1, 0.00000027, 0.00000043),
            (-1, 0.00000015, -0.00000607),
            (-1, 0.00000015, -0.00000115),
            (-1, 0.00000015, 0.00000069),
            (-1, 0.00000015, -0.0000002),
            (-1, 0.00000005, 0),
            (-1, 0.00000015, -0.00000013),
            (-1, 0.00000005, 0.00000021),
            (-1, 0.00000015, 0),
            (-1, 0.00000015, -0.00000365),
            (-1, 0.00000015, -0.0000021),
            (-1, 0.00000048, 0.00000045),
            (-1, 0.00000015, 0.00000041),
            (-1, 0.00000015, -0.00000502),
            (-1, 0.00000015, 0.000002),
            (-1, 0.00000046, 0.00000067),
            (-1, 0.00000003, 0.00000044),
            (-1, 0.00000003, -0.0000016),
            (-1, 0.00000015, 0.00000293),
            (-1, 0.00000003, 0.00000037),
            (-1, 0.00000015, 0.00000021),
            (-1, 0.00000026, -0.00000048),
            (-1, 0.00000026, 0.00000021),
            (-1, 0.00000015, 0.00000152),
            (-1, -0.00000018, 0.00000065),
            (-1, 0.00000015, 0.00000187),
            (-1, -0.00000016, 0.00000063),
            (-1, 0.00000027, 0),
            (-1, 0.00000027, 0.00000026),
            (-1, 0.00000015, -0.00000032),
            (-1, 0.00000015, 0.00000021),
            (-1, 0.00000015, 0.00000019),
            (-1, 0.00000015, 0.00000032),
            (-1, 0.00000015, -0.00000017),
            (-1, 0.00000015, 0.00000032),
            (-1, 0.00000015, 0.00000021),
            (-1, 0.00000015, 0),
            (-1, 0.00000003, 0.00000021),
            (-1, 0.00000003, 0),
            (-1, 0.00000046, 0.00000058),
            (-1, 0.00000015, 0.00000329),
            (-1, 0.00000048, 0.00000061),
            (-1, 0.00000015, 0.00000367),
            (-1, 0.00000005, 0.0000001),
            (-1, 0.00000005, 0),
            (-1, 0.00000015, 0.00000016),
            (-1, 0.00000015, 0.00000327),
            (-1, 0.00000027, 0.00000036),
            (-1, 0.00000015, 0.00000367),
            (-1, 0.00000015, 0.00000024),
            (-1, 0.00000015, 0),
            (-1, 0.00000015, 0),
            (-1, 0.00000015, 0),
            (-1, 0.00000015, 0),
            (-1, 0.00000015, -0.00000324),
            (-1, 0.00000003, 0.00000046),
            (-1, 0.00000015, -0.00000674),
            (-1, 0.00000015, -0.00000286),
            (-1, 0.00000015, 0.00000063),
            (-1, 0.00000026, 0.0000005),
            (-1, 0.00000026, 0.00000022),
            (-1, 0.00000015, -0.0000015),
            (-1, -0.00000018, 0.00000041),
            (-1, 0.00000015, -0.00000286),
            (-1, -0.00000016, 0.00000063),
            (-1, 0.00000027, -0.00000163),
            (-1, 0.00000027, 0.00000036),
            (-1, 0.00000015, -0.00000042),
            (-1, 0.00000015, 0.00000032),
            (-1, 0.00000015, 0.00000032),
            (-1, 0.00000015, 0.00000034),
            (-0.00000014, -0.9396898, -0.3420279),
            (-0.00000012, -0.7660454, -0.6427866),
            (-0.5631715, -0.6330131, -0.5311614),
            (-0.00000008, -0.5000093, -0.8660201),
            (-0.5631565, -0.7765135, -0.2826335),
            (-0.00000015, -1, -0.00000674),
            (-0.5631452, -0.826358, -0.00001575),
            (-0.00000014, -0.9396915, 0.3420231),
            (-0.5631657, -0.7765098, 0.2826253),
            (-0.00000012, -0.766041, 0.6427917),
            (-0.5631467, -0.6330266, 0.5311714),
            (-0.00000008, -0.5000028, 0.8660238),
            (-0.8493149, -0.496051, 0.1805481),
            (-0.5631554, -0.413167, 0.715646),
            (-0.00000003, -0.1736524, 0.984807),
            (-0.84931, -0.5278944, -0.00000795),
            (-0.8493038, -0.4043903, 0.3393399),
            (-0.5631458, -0.1435014, 0.8138024),
            (0.00000003, 0.1736359, 0.9848099),
            (-0.5631661, 0.1434914, 0.81379),
            (0.00000008, 0.4999962, 0.8660276),
            (-0.5631561, 0.4131624, 0.7156481),
            (0.00000012, 0.7660437, 0.6427885),
            (-0.849322, 0.0916794, 0.5198529),
            (-0.84931, -0.09166964, 0.5198743),
            (-0.8493032, -0.2639382, 0.4571879),
            (-0.563148, 0.6330125, 0.5311871),
            (0.00000014, 0.9396904, 0.3420265),
            (-0.563166, 0.7765062, 0.2826343),
            (0.00000015, 1, 0.00000295),
            (-0.5631939, 0.8263248, 0),
            (0.00000014, 0.9396958, -0.3420113),
            (-0.8493149, 0.4960591, 0.1805257),
            (-0.8493076, 0.4043941, 0.3393259),
            (-0.5631573, 0.776518, -0.2826192),
            (0.00000012, 0.7660528, -0.6427777),
            (-0.8493046, 0.2639385, 0.4571851),
            (-0.8493099, 0.5278947, 0.00000633),
            (-0.5631494, 0.6330375, -0.5311555),
            (0.00000008, 0.5000113, -0.866019),
            (-0.563168, 0.4131794, -0.7156287),
            (0.00000003, 0.1736512, -0.9848073),
            (-0.5631492, 0.1434996, -0.8138002),
            (-0.00000003, -0.1736426, -0.9848087),
            (-0.8493236, 0.263952, -0.4571419),
            (-0.849309, 0.4043944, -0.339322),
            (-0.5631572, -0.1435124, -0.8137925),
            (-0.8493001, 0.4960711, -0.1805627),
            (-0.8493037, 0.09169476, -0.5198801),
            (-0.5631557, -0.4131675, -0.7156454),
            (-0.8493189, -0.4043819, -0.3393122),
            (-0.8493093, -0.2639591, -0.4571646),
            (-0.8492962, -0.09169575, -0.5198922),
            (-0.8493014, -0.4960719, -0.1805544),
            (-1, 0.00000015, -0.00004588),
            (-1, 0.00000015, -0.000017),
            (-1, 0.00000015, 0.00004587),
            (-1, 0.00000015, -0.00001173),
            (-1, 0.00000015, 0.00005863),
            (-1, 0.00000015, -0.00000222),
            (-1, 0.00000015, -0.00005387),
            (-1, 0.00000015, 0.00002543),
            (-1, 0.00000015, -0.00003113),
            (-1, 0.00000015, 0.00001042),
            (-1, 0.00000015, 0.00000708),
            (-1, 0.00000015, -0.00002899),
            (-1, 0.00000015, 0.00001126),
            (-1, 0.00000015, -0.00003716),
            (-1, 0.00000015, -0.00000124),
            (-1, 0.00000015, -0.00001755),
            (-1, 0.00000015, -0.00005482),
            (-1, 0.00000015, -0.00000423),
            (-1, 0.00000015, 0.00000647),
            (-0.9381532, -0.06008652, -0.3409665),
            (-0.9381682, -0.00001322, -0.3461796),
            (-0.9381523, -0.1184136, -0.3253437),
            (-1, 0.00000015, 0.00000647),
            (-0.9381464, 0.06012619, -0.3409783),
            (-0.9381523, 0.118409, -0.3253454),
            (-1, 0.00000015, 0.00000017),
            (-0.9381471, -0.1731143, -0.2998524),
            (-0.9381539, -0.2225359, -0.2652266),
            (-1, 0.00000015, 0.0000068),
            (-0.9381471, 0.1731533, -0.29983),
            (-0.9381538, 0.222534, -0.2652282),
            (-1, 0.00000015, 0.00000639),
            (-0.9381462, -0.2652302, -0.2225641),
            (-0.9381726, -0.2997875, -0.1730888),
            (-1, 0.00000015, 0.00001302),
            (-0.9381461, 0.2652591, -0.2225299),
            (-0.9381725, 0.299786, -0.1730916),
            (-1, 0.00000015, -0.00000187),
            (-0.950282, 0.2925922, -0.1065549),
            (-1, 0.00000015, 0.00000165),
            (-1, 0.00000015, -0.00001185),
            (-0.9381633, 0.3409249, -0.0601645),
            (-0.9381459, 0.3462401, 0.00003879),
            (-0.9212282, -0.3655496, -0.1330874),
            (-0.9381629, -0.3409358, -0.06010986),
            (-0.9381471, -0.346237, 0.00001154),
            (-1, 0.00000015, 0.00000018),
            (-0.938161, 0.3409408, 0.06011108),
            (-0.9381471, 0.3253593, 0.1184123),
            (-1, 0.00000015, -0.00001521),
            (-0.938161, -0.3409611, 0.0599951),
            (-0.9381483, -0.3253361, 0.1184659),
            (-1, 0.00000015, 0),
            (-0.9381409, 0.2998453, 0.1731604),
            (-0.938148, 0.2652375, 0.2225476),
            (-1, 0.00000015, 0),
            (-0.9381409, -0.2998673, 0.1731217),
            (-0.9381484, -0.2651796, 0.2226151),
            (-1, 0.00000015, -0.0000072),
            (-0.9381591, 0.2226097, 0.2651461),
            (-0.9381458, 0.1731327, 0.299846),
            (-1, 0.00000015, 0.00000567),
            (-0.9381502, -0.2225808, 0.2652018),
            (-0.9381473, -0.1731081, 0.2998554),
            (-1, 0.00000015, -0.000006),
            (-0.9381413, 0.1184271, 0.3253705),
            (-0.9381497, 0.06013144, 0.3409683),
            (-1, 0.00000015, 0.00000753),
            (-0.9381419, -0.1184568, 0.325358),
            (-0.9381497, -0.06010951, 0.3409722),
            (-1, 0.00000015, -0.00000016),
            (-0.9381418, -0.00002479, 0.3462515),
            (-0.9212282, -0.3655496, -0.1330874),
            (-0.4289659, -0.8488438, -0.3089537),
            (-0.4289671, -0.7822968, -0.4516625),
            (-0.4289627, -0.889599, -0.1568589),
            (-0.9381726, -0.2997875, -0.1730888),
            (-0.9381629, -0.3409358, -0.06010986),
            (-0.428963, -0.6919874, -0.5806412),
            (-0.4289656, -0.9033208, -0.00000065),
            (-0.9381462, -0.2652302, -0.2225641),
            (-0.9381471, -0.346237, 0.00001154),
            (-0.4289685, -0.5806432, -0.6919822),
            (-0.4289646, -0.8895977, 0.156861),
            (-0.9381539, -0.2225359, -0.2652266),
            (-0.938161, -0.3409611, 0.0599951),
            (-0.4289684, -0.4516671, -0.7822934),
            (-0.9381471, -0.1731143, -0.2998524),
            (-0.4289733, -0.3089439, -0.8488437),
            (-0.9381523, -0.1184136, -0.3253437),
            (-0.4289662, -0.8488426, 0.3089567),
            (-0.9381483, -0.3253361, 0.1184659),
            (-0.9381409, -0.2998673, 0.1731217),
            (-0.4289669, -0.782299, 0.4516589),
            (-0.9381484, -0.2651796, 0.2226151),
            (-0.4289727, -0.6919772, 0.5806463),
            (-0.428962, -0.1568566, -0.8895997),
            (-0.9381532, -0.06008652, -0.3409665),
            (-0.9381682, -0.00001322, -0.3461796),
            (-0.4289541, 0.00000037, -0.9033263),
            (-0.9381464, 0.06012619, -0.3409783),
            (-0.4289678, 0.1568577, -0.8895967),
            (-0.9381523, 0.118409, -0.3253454),
            (-0.4289732, 0.308944, -0.8488436),
            (-0.9381471, 0.1731533, -0.29983),
            (-0.4289683, 0.4516672, -0.7822934),
            (-0.9381538, 0.222534, -0.2652282),
            (-0.4289684, 0.5806434, -0.6919822),
            (-0.9381461, 0.2652591, -0.2225299),
            (-0.4289628, 0.6919875, -0.5806412),
            (-0.9381725, 0.299786, -0.1730916),
            (-0.4289668, 0.782297, -0.4516625),
            (-0.950282, 0.2925922, -0.1065549),
            (-0.4289665, 0.8488438, -0.308953),
            (-0.9381633, 0.3409249, -0.0601645),
            (-0.4289658, 0.8895975, -0.1568585),
            (-0.9381459, 0.3462401, 0.00003879),
            (-0.4289598, 0.9033236, -0.00000071),
            (-0.938161, 0.3409408, 0.06011108),
            (-0.4289652, 0.8895971, 0.1568628),
            (-0.9381471, 0.3253593, 0.1184123),
            (-0.4289669, 0.8488421, 0.3089572),
            (-0.9381409, 0.2998453, 0.1731604),
            (-0.4289666, 0.7822991, 0.4516589),
            (-0.938148, 0.2652375, 0.2225476),
            (-0.4289724, 0.6919773, 0.5806463),
            (-0.9381591, 0.2226097, 0.2651461),
            (-0.4289624, 0.580632, 0.6919955),
            (-0.9381458, 0.1731327, 0.299846),
            (-0.4289672, 0.4516582, 0.7822992),
            (-0.9381413, 0.1184271, 0.3253705),
            (-0.4289704, 0.3089514, 0.8488424),
            (-0.9381497, 0.06013144, 0.3409683),
            (-0.4289763, 0.1568646, 0.8895914),
            (-0.9381418, -0.00002479, 0.3462515),
            (-0.4289702, -0.00000744, 0.9033186),
            (-0.9381497, -0.06010951, 0.3409722),
            (-0.4289774, -0.1568511, 0.8895932),
            (-0.9381419, -0.1184568, 0.325358),
            (-0.4289633, -0.3089683, 0.8488398),
            (-0.9381473, -0.1731081, 0.2998554),
            (-0.4289606, -0.451675, 0.7822931),
            (-0.9381502, -0.2225808, 0.2652018),
            (-0.4289582, -0.5806414, 0.6919902),
            (0.00805015, -0.01802157, 0.9998052),
            (0.01022507, -0.01817515, 0.9997825),
            (0.01023926, -0.01810256, 0.9997837),
            (0.00757275, -0.0176674, 0.9998153),
            (0.01071857, -0.01771975, 0.9997855),
            (0.00453331, -0.01889002, 0.9998113),
            (0.01048354, -0.01763439, 0.9997895),
            (0.00448832, -0.01890237, 0.9998112),
            (0.0004405, -0.01769035, 0.9998434),
            (0.00449096, -0.02289184, 0.9997278),
            (0.01070476, -0.01766884, 0.9997866),
            (0.00455442, -0.02299732, 0.9997252),
            (0.00020095, -0.01771146, 0.9998431),
            (0.00795562, -0.02402912, 0.9996796),
            (0.01023047, -0.01882098, 0.9997706),
            (0.00805214, -0.02382222, 0.9996838),
            (0.00411975, 0.02268718, 0.9997341),
            (0.0079428, 0.02338726, 0.9996949),
            (0.00755221, 0.0236113, 0.9996927),
            (0.00409299, 0.02263816, 0.9997354),
            (0.00031565, 0.01776616, 0.9998422),
            (0.00402216, 0.01881599, 0.9998149),
            (0.00949438, 0.02031193, 0.9997486),
            (0.00396859, 0.01887459, 0.999814),
            (0.00047004, 0.01764278, 0.9998443),
            (0.00741855, 0.01777343, 0.9998146),
            (0.01086864, 0.01753446, 0.9997872),
            (0.00748951, 0.01827331, 0.999805),
            (0.01073701, 0.01768668, 0.999786),
            (0.009411, 0.01824765, 0.9997892),
            (0.01068205, 0.0177205, 0.999786),
            (0.0096103, 0.01814318, 0.9997892),
            (-0.00000098, 0.01756371, -0.9998457),
            (0, 0.01756306, -0.9998457),
            (-0.00000018, 0.01756304, -0.9998457),
            (-0.00000108, 0.01756369, -0.9998457),
            (-0.00000029, 0.01756312, -0.9998457),
            (-0.00000187, -0.00012858, -1),
            (-0.00000029, 0.01756314, -0.9998457),
            (-0.00000188, -0.00012888, -1),
            (0, -0.00012861, -1),
            (-0.00000093, -0.01782172, -0.9998412),
            (0, -0.0001289, -1),
            (-0.00000111, -0.01782144, -0.9998412),
            (0.00000018, -0.01782073, -0.9998412),
            (-0.00000035, -0.017821, -0.9998412),
            (0.00000019, -0.01782073, -0.9998412),
            (-0.00000043, -0.01782086, -0.9998412),
            (-0.6847374, 0.00000066, -0.7287899),
            (-0.6847376, 0.1265541, -0.7177176),
            (-0.6847377, 0.1265503, -0.7177181),
            (-0.6847378, -0.00000265, -0.7287895),
            (-0.6847376, 0.2492594, -0.6848388),
            (-0.6847379, -0.1265522, -0.7177176),
            (-0.6847376, 0.2492624, -0.6848378),
            (-0.6847381, -0.126555, -0.717717),
            (-0.6847378, 0.3643932, -0.6311511),
            (-0.6847377, -0.2492604, -0.6848384),
            (-0.6847379, 0.364396, -0.6311495),
            (-0.6847376, -0.2492634, -0.6848373),
            (-0.6847382, 0.4684549, -0.5582863),
            (-0.6847378, -0.3643939, -0.6311507),
            (-0.6847383, 0.4684575, -0.558284),
            (-0.6847378, -0.3643977, -0.6311486),
            (-0.6847385, 0.5582828, -0.4684587),
            (-0.6847388, -0.4684552, -0.5582853),
            (-0.6847385, 0.5582851, -0.468456),
            (-0.6847385, -0.4684592, -0.5582824),
            (-0.6847379, 0.6311494, -0.3643963),
            (-0.6847386, -0.5582837, -0.4684576),
            (-0.684738, 0.6311508, -0.3643933),
            (-0.6847381, -0.5582868, -0.4684545),
            (-0.6847386, 0.6848366, -0.2492627),
            (-0.6847383, -0.6311494, -0.3643954),
            (-0.6847388, 0.6848376, -0.2492596),
            (-0.6847383, -0.6311514, -0.3643919),
            (-0.6847384, 0.7177166, -0.1265551),
            (-0.684739, -0.6848367, -0.2492611),
            (-0.6847383, 0.7177172, -0.1265517),
            (-0.6847386, -0.6848384, -0.2492575),
            (-0.6847385, 0.7287889, -0.00000245),
            (-0.684739, -0.7177164, -0.1265535),
            (-0.6847383, 0.728789, 0.00000083),
            (-0.6847384, -0.7177175, -0.1265501),
            (-0.6847385, 0.7177173, 0.1265504),
            (-0.6847385, -0.7287889, -0.00000082),
            (-0.6847382, 0.717717, 0.1265537),
            (-0.6847383, -0.728789, 0.00000251),
            (-0.684738, 0.6848387, 0.2492587),
            (-0.6847386, -0.7177169, 0.1265523),
            (-0.6847379, 0.6848378, 0.2492614),
            (-0.6847387, -0.7177163, 0.1265554),
            (-0.6847382, 0.631151, 0.3643926),
            (-0.6847382, -0.6848381, 0.2492598),
            (-0.6847382, 0.6311496, 0.3643951),
            (-0.6847381, -0.684837, 0.2492628),
            (-0.684738, 0.5582864, 0.4684552),
            (-0.6847383, -0.6311501, 0.3643939),
            (-0.6847382, 0.5582842, 0.4684575),
            (-0.6847383, -0.6311484, 0.364397),
            (-0.6847384, 0.4684589, 0.5582828),
            (-0.684738, -0.5582854, 0.4684562),
            (-0.6847385, 0.4684561, 0.558285),
            (-0.6847382, -0.5582829, 0.4684591),
            (-0.6847383, 0.3643968, 0.6311485),
            (-0.6847385, -0.4684572, 0.558284),
            (-0.684738, 0.3643939, 0.6311504),
            (-0.6847386, -0.4684544, 0.5582863),
            (-0.6847385, 0.2492628, 0.6848367),
            (-0.6847384, -0.3643951, 0.6311494),
            (-0.684738, 0.2492598, 0.6848382),
            (-0.6847382, -0.3643925, 0.6311511),
            (-0.6847382, 0.1265554, 0.7177168),
            (-0.6847383, -0.2492609, 0.6848375),
            (-0.6847379, 0.1265523, 0.7177176),
            (-0.6847382, -0.2492582, 0.6848387),
            (-0.6847383, 0.00000273, 0.7287891),
            (-0.6847379, -0.1265538, 0.7177173),
            (-0.684738, -0.00000059, 0.7287894),
            (-0.684738, -0.1265506, 0.7177178),
            (-1, 0.00000015, 0),
            (-1, 0.00000015, 0.00000071),
            (-1, 0.00000031, 0.00000165),
            (-1, 0.00000015, 0.00000026),
            (-1, -0.00000047, -0.00000086),
            (-1, 0.00000015, 0.00000035),
            (-1, 0.00000015, 0.00000123),
            (-1, -0.00000005, -0.00000035),
            (-1, 0.00000015, 0.00000291),
            (-1, 0.00000032, 0.00000172),
            (-1, 0.00000048, 0.00000349),
            (-1, 0.00000015, 0.00000192),
            (-1, 0.00000015, -0.00000147),
            (-1, 0.00000015, 0.00000011),
            (-1, 0.00000015, -0.00000029),
            (-1, 0.00001686, 0.00013763),
            (-1, 0.00000015, -0.00000074),
            (-1, 0.00000015, 0.00000121),
            (-1, 0.00000015, 0.00000172),
            (-1, 0.00000896, 0.00012331),
            (-1, 0.00000015, -0.00000013),
            (-1, 0.00000015, -0.00000029),
            (-1, 0.00000015, -0.00000057),
            (-1, 0.00000015, 0),
            (-1, 0.00000026, 0.00000029),
            (-1, 0.00000015, 0.00000068),
            (-1, 0.00000015, 0.00000102),
            (-1, 0.00000026, 0.00000029),
            (-1, 0.00000015, 0.00000045),
            (-1, 0.00000015, -0.00000038),
            (-1, 0.00000005, -0.00000103),
            (-1, 0.00000015, 0.00000036),
            (-1, 0.00000015, 0.00000034),
            (-1, 0.00000015, 0.00000034),
            (-1, 0.00000015, 0.00000026),
            (-1, 0.00000015, 0),
            (-1, 0.00000015, -0.00000026),
            (-1, 0.00000015, 0),
            (-1, 0.00000015, -0.00000034),
            (-1, 0.00000015, 0),
            (-1, 0, 0.00000115),
            (-1, 0.00000015, 0.0000005),
            (-1, 0.00000015, 0.00000048),
            (-1, 0, 0.00000081),
            (-1, 0.00000015, 0),
            (-1, 0.00000031, 0.00000055),
            (-1, 0.00000032, 0.00000066),
            (-1, 0.00000015, 0.00000025),
            (-1, 0.00000015, 0.00000131),
            (-1, 0.00000015, -0.00000019),
            (-1, 0.00000015, 0),
            (-1, 0.00000015, 0.00000049),
            (-1, 0.00000015, -0.00000307),
            (-1, 0.00000015, 0.00000016),
            (-1, 0.00000015, 0),
            (-1, 0.00000015, -0.00000161),
            (-1, 0.00000015, 0.00000075),
            (-1, 0.00000015, 0.00000039),
            (-1, 0.00000015, 0.00000032),
            (-1, 0.00000026, 0.00000151),
            (-1, 0.00000081, 0.0000023),
            (-1, -0.00000002, 0),
            (-1, 0.00000032, -0.00000133),
            (-1, 0.00000048, 0.00000153),
            (-1, 0.00000015, 0.00000201),
            (-1, -0.00000026, 0.00000142),
            (-1, -0.00000108, 0.0000023),
            (-1, 0.00000015, 0.00000112),
            (-1, 0.00000015, 0),
            (-1, 0.00000026, -0.00000021),
            (-1, 0.00000047, 0.00000043),
            (-1, 0.00000015, 0),
            (-0.9998323, 0.01292754, -0.01297521),
            (-0.9998325, 0.01291891, -0.01296796),
            (-0.9998323, 0.01291559, -0.01298004),
            (-0.9999115, 0.00000078, -0.01329913),
            (-0.9998327, -0.01294569, -0.01291827),
            (-0.999907, -0.00003427, -0.01363698),
            (-0.9998331, -0.0129239, -0.01291089),
            (-0.9998135, 0.01363055, -0.01368297),
            (-0.9998154, -0.01361531, -0.01356038),
            (-0.9998327, 0.01290765, -0.01295701),
            (-0.9998333, -0.01293114, -0.01288674),
            (-0.9998326, 0.01291424, -0.01296575),
            (-0.9998328, -0.01295422, -0.01290485),
            (-0.9998327, 0.01290997, -0.01295444),
            (-0.9998325, -0.01296528, -0.0129181),
            (-0.9998324, 0.01291585, -0.0129769),
            (-0.9999073, 0.01362018, -0.00002152),
            (-0.9998335, -0.01293346, -0.01287632),
            (-0.9998323, 0.01293572, -0.01296091),
            (-0.9998329, -0.01295055, -0.01290069),
            (-0.9999071, -0.01362597, 0.00000533),
            (-0.9999115, 0.01330067, -0.00002415),
            (-0.999833, -0.01294659, -0.01290158),
            (-0.9998326, 0.01294472, 0.01293072),
            (-0.9999119, -0.01327702, 0.00001284),
            (-0.9998326, 0.01293263, 0.01294344),
            (-0.9998144, 0.01362393, 0.01362258),
            (-0.9998329, -0.01293685, 0.01291337),
            (-0.9998326, 0.01293633, 0.01293587),
            (-0.9998329, -0.01291975, 0.01293148),
            (-0.9998146, -0.01361948, 0.01361571),
            (-0.9998325, 0.01294059, 0.01294215),
            (-0.9998327, -0.01293396, 0.01293513),
            (-0.9998327, 0.01293139, 0.01293085),
            (-0.9998332, -0.01291113, 0.01291628),
            (-0.9998324, 0.01294902, 0.01294569),
            (-0.9998331, -0.01291873, 0.01291962),
            (-0.9998325, 0.01296156, 0.01292555),
            (-0.9999068, 0.00001024, 0.01365143),
            (-0.9998331, -0.0129224, 0.01291527),
            (-0.9998329, 0.01293572, 0.01291608),
            (-0.9998331, -0.01291925, 0.0129199),
            (-0.9999117, 0.00000905, 0.013289),
            (-0.999833, -0.01292336, 0.01291748),
            (-0.9921417, 0.1175722, 0.04279685),
            (-0.9921463, 0.1250832, -0.00016202),
            (-0.09954239, 0.9950333, -0.00004),
            (-0.09952596, 0.9350301, 0.3403135),
            (-0.09952465, 0.9350273, -0.3403217),
            (-0.9921422, 0.09587688, 0.08038393),
            (-0.09958891, 0.7621735, 0.6396668),
            (-0.992144, 0.06247346, 0.108385),
            (-0.09959213, 0.4975615, 0.8616925),
            (-0.9921463, 0.1175373, -0.04278661),
            (-0.9921407, 0.0626104, -0.1083363),
            (-0.9921456, 0.09581648, -0.08041313),
            (-0.09959634, 0.7622873, -0.6395301),
            (-0.09961218, 0.4976179, -0.8616576),
            (-0.0996075, 0.1728585, -0.9798971),
            (-0.9921386, 0.02176866, 0.1232363),
            (-0.09951928, 0.1728785, 0.9799025),
            (-0.9921362, -0.02176666, 0.1232558),
            (-0.09950481, -0.1727855, 0.9799204),
            (-0.9921425, -0.06267937, 0.1082802),
            (-0.09954331, -0.4975095, 0.8617282),
            (-0.9921441, -0.09590428, 0.08032687),
            (-0.09954603, -0.7622052, 0.6396357),
            (-0.9921414, -0.1175893, 0.04275857),
            (-0.09951517, -0.9350162, 0.3403551),
            (-0.9921433, -0.1251066, -0.0002116),
            (-0.09952679, -0.9950349, -0.00001308),
            (-0.99214, -0.09578925, -0.08051518),
            (-0.9921433, -0.1175497, -0.04282308),
            (-0.09950196, -0.9350238, -0.3403378),
            (-0.09954793, -0.7622424, -0.639591),
            (-0.9921439, -0.06254382, -0.1083454),
            (-0.0995966, -0.4975219, -0.8617148),
            (-0.992143, -0.02174453, -0.1232048),
            (-0.099586, -0.1727908, -0.9799112),
            (-0.992145, 0.02174043, -0.1231897),
            (-0.814676, -0.1007001, 0.5711064),
            (-0.8145886, 0.00000154, 0.5800392),
            (-0.7662694, -0.00000088, 0.6425194),
            (-0.7662699, -0.1115726, 0.6327575),
            (-0.7662697, 0.1115714, 0.632758),
            (-0.8146471, -0.1983552, 0.544982),
            (-0.7662706, -0.2197534, 0.6037697),
            (-0.8146471, 0.1007101, 0.5711459),
            (-0.7662698, 0.2197528, 0.6037709),
            (-0.814647, -0.2899775, 0.5022582),
            (-0.7662706, -0.3212587, 0.556437),
            (-0.8146473, 0.198357, 0.5449811),
            (-0.7662705, 0.3212588, 0.5564371),
            (-0.8146468, -0.3727883, 0.4442742),
            (-0.76627, -0.4130038, 0.4921973),
            (-0.8145891, 0.2900205, 0.5023274),
            (-0.7662691, 0.4130038, 0.4921987),
            (-0.8146181, -0.444303, 0.3728167),
            (-0.7662707, -0.4921966, 0.4130033),
            (-0.814647, 0.3727903, 0.4442721),
            (-0.7662699, 0.4921968, 0.4130046),
            (-0.8146185, -0.5022917, 0.2899998),
            (-0.7662705, -0.5564373, 0.3212587),
            (-0.8145894, 0.4443358, 0.3728402),
            (-0.76627, 0.5564373, 0.32126),
            (-0.8146476, -0.54498, 0.1983587),
            (-0.7662701, -0.6037701, 0.2197542),
            (-0.8146184, 0.5022932, 0.2899974),
            (-0.7662697, 0.6037701, 0.2197554),
            (-0.814589, -0.5712261, 0.1007249),
            (-0.7662693, -0.6327584, 0.1115719),
            (-0.814589, 0.5450583, 0.1983843),
            (-0.7662695, 0.6327578, 0.1115736),
            (-0.8146179, -0.579998, 0.00000109),
            (-0.76627, -0.6425188, -0.0000008),
            (-0.8146179, 0.5711867, 0.1007149),
            (-0.7662696, 0.6425192, 0.00000075),
            (-0.8146474, -0.5711458, -0.100708),
            (-0.7662705, -0.6327566, -0.1115735),
            (-0.8146471, 0.5799569, -0.00000151),
            (-0.7662694, 0.6327581, -0.1115719),
            (-0.8146476, -0.5449812, -0.1983552),
            (-0.7662701, -0.6037699, -0.2197545),
            (-0.8146181, 0.571186, -0.1007172),
            (-0.7662692, 0.6037714, -0.2197534),
            (-0.8146473, -0.5022581, -0.2899768),
            (-0.7662698, -0.5564373, -0.3212603),
            (-0.8145598, 0.5450963, -0.1983996),
            (-0.7662697, 0.5564381, -0.3212591),
            (-0.8146473, -0.4442738, -0.3727876),
            (-0.7662701, -0.492197, -0.413004),
            (-0.8146766, 0.5022207, -0.2899592),
            (-0.76627, 0.4921979, -0.413003),
            (-0.8146182, -0.3728168, -0.4443027),
            (-0.7662699, -0.4130031, -0.4921981),
            (-0.8145598, 0.4443656, -0.3728693),
            (-0.7662701, 0.413004, -0.492197),
            (-0.8145887, -0.2900202, -0.5023281),
            (-0.7662696, -0.3212585, -0.5564386),
            (-0.8146472, 0.3727888, -0.4442729),
            (-0.76627, 0.3212601, -0.5564371),
            (-0.8146474, -0.1983578, -0.5449806),
            (-0.7662703, -0.2197536, -0.6037701),
            (-0.8146473, 0.2899777, -0.5022578),
            (-0.7662704, 0.2197547, -0.6037695),
            (-0.8146183, -0.1007164, -0.5711859),
            (-0.7662699, -0.1115711, -0.6327578),
            (-0.814618, 0.1983699, -0.5450201),
            (-0.76627, 0.1115733, -0.6327572),
            (-0.814589, -0.00000096, -0.5800386),
            (-0.7662701, 0.00000089, -0.6425186),
            (-0.8146182, 0.1007147, -0.5711862),
            (-0.8892993, -0.156415, -0.4297455),
            (-0.8893224, -0.07940724, -0.4503334),
            (-0.8893222, -0.0000008, -0.4572812),
            (-0.8893452, 0.07939706, -0.4502903),
            (-0.889345, 0.1563823, -0.4296627),
            (-0.8893222, 0.2286397, -0.3960176),
            (-0.8893223, -0.2286414, -0.3960162),
            (-0.8893451, 0.2939056, -0.3502639),
            (-0.8893224, -0.2939361, -0.350296),
            (-0.889322, 0.3502969, -0.293936),
            (-0.8892996, -0.3503323, -0.2939618),
            (-0.8893223, 0.3960159, -0.2286422),
            (-0.8893225, -0.3960174, -0.2286391),
            (-0.8893222, 0.4297032, -0.1564008),
            (-0.889345, -0.4296626, -0.1563825),
            (-0.8893449, 0.4502901, -0.07940018),
            (-0.889345, -0.4502902, -0.07939833),
            (-0.8893223, 0.4572808, -0.0000012),
            (-0.8893222, -0.4572811, 0.00000099),
            (-0.8893224, 0.4503338, 0.07940525),
            (-0.889345, -0.4502901, 0.07940043),
            (-0.889345, 0.4296618, 0.1563846),
            (-0.8893448, -0.4296614, 0.1563871),
            (-0.8893221, 0.396018, 0.2286393),
            (-0.8893455, -0.3959772, 0.2286193),
            (-0.8893217, 0.3503002, 0.2939331),
            (-0.8893223, -0.3502978, 0.2939344),
            (-0.8893444, 0.2939095, 0.3502625),
            (-0.889299, -0.2939632, 0.3503325),
            (-0.8893214, 0.228642, 0.396018),
            (-0.8893443, -0.2286182, 0.3959804),
            (-0.8892992, 0.156415, 0.4297456),
            (-0.8893218, -0.156395, 0.4297062),
            (-0.8893448, 0.07940081, 0.4502904),
            (-0.8892992, -0.07941319, 0.4503781),
            (-0.8893221, 0.00000176, 0.4572813),
            (-0.9411666, -0.2172277, 0.2588777),
            (-0.9411663, -0.1689704, 0.2926687),
            (-0.9411665, -0.1155799, 0.3175641),
            (-0.9411666, -0.05868411, 0.3328087),
            (-0.9411666, 0.00000077, 0.3379428),
            (-0.9411666, 0.05868478, 0.3328084),
            (-0.9411674, -0.2588805, 0.2172211),
            (-0.9411663, 0.1155788, 0.3175649),
            (-0.9411674, -0.2926647, 0.1689716),
            (-0.9411661, 0.168971, 0.2926693),
            (-0.9411671, -0.3175592, 0.1155882),
            (-0.9411663, 0.2172319, 0.2588751),
            (-0.941167, -0.3328075, 0.05868461),
            (-0.9411671, 0.2588822, 0.21722),
            (-0.9411669, -0.3379419, 0.0000008),
            (-0.9411675, 0.292667, 0.1689668),
            (-0.941167, -0.3328078, -0.0586828),
            (-0.9411672, 0.3175596, 0.1155857),
            (-0.9411668, -0.3175627, -0.1155812),
            (-0.9411668, 0.3328082, 0.0586843),
            (-0.941167, -0.2926671, -0.1689696),
            (-0.9411667, 0.3379428, -0.00000348),
            (-0.9411669, -0.2588793, -0.2172242),
            (-0.9411668, 0.3328085, -0.05868245),
            (-0.941167, -0.2172266, -0.258877),
            (-0.9411668, 0.3175615, -0.1155842),
            (-0.9411669, -0.1689715, -0.292666),
            (-0.9411668, 0.2926665, -0.1689716),
            (-0.9411671, -0.1155835, -0.3175611),
            (-0.9411669, 0.2588748, -0.2172298),
            (-0.9411672, -0.05868318, -0.3328073),
            (-0.941167, 0.2172248, -0.2588785),
            (-0.9411671, -0.00000018, -0.3379416),
            (-0.9411669, 0.1689707, -0.2926667),
            (-0.9411671, 0.058683, -0.3328077),
            (-0.9411669, 0.1155823, -0.317562),
            (-0.9784501, -0.03585509, -0.2033464),
            (-0.97845, -0.00000195, -0.2064838),
            (-0.9784502, 0.03585581, -0.203346),
            (-0.97845, 0.07061937, -0.1940322),
            (-0.9784501, 0.1032421, -0.1788198),
            (-0.97845, 0.132737, -0.158166),
            (-0.9784501, -0.07062106, -0.194031),
            (-0.97845, 0.1581728, -0.1327287),
            (-0.9784501, -0.1032414, -0.1788204),
            (-0.97845, 0.1788191, -0.1032438),
            (-0.9784501, -0.1327264, -0.1581746),
            (-0.9784501, 0.194036, -0.07060792),
            (-0.97845, -0.1581758, -0.1327255),
            (-0.9784501, 0.2033464, -0.03585701),
            (-0.9784502, -0.1788189, -0.1032428),
            (-0.9784501, 0.2064837, -0.00000216),
            (-0.9784501, -0.1940307, -0.07062259),
            (-0.9784501, 0.2033465, 0.03585553),
            (-0.9784501, -0.2033463, -0.03585697),
            (-0.9784505, 0.1940241, 0.07063584),
            (-0.9784501, -0.2064836, 0),
            (-0.9784502, 0.1788219, 0.1032377),
            (-0.9784501, -0.2033463, 0.03585599),
            (-0.9784505, 0.1581866, 0.1327092),
            (-0.9784504, -0.1940242, 0.07063584),
            (-0.9784498, 0.1327406, 0.1581647),
            (-0.9784504, -0.1788189, 0.1032412),
            (-0.9784498, 0.1032396, 0.1788229),
            (-0.9784508, -0.1581832, 0.1327109),
            (-0.9784496, 0.07060961, 0.1940375),
            (-0.9784497, -0.1327367, 0.1581681),
            (-0.9784501, 0.03585803, 0.2033461),
            (-0.9784499, -0.1032422, 0.1788208),
            (-0.9784501, 0.00000109, 0.2064837),
            (-0.9784496, -0.07060309, 0.19404),
            (-0.9784499, -0.0358552, 0.2033473),
            (-0.9960442, -0.06810201, 0.05707984),
            (-0.9960437, -0.05715405, 0.06804728),
            (-0.9960443, -0.04442667, 0.0769547),
            (-0.9960436, -0.03036088, 0.08351881),
            (-0.9960439, -0.01543093, 0.08751279),
            (-0.996044, -0.00000046, 0.08886191),
            (-0.9960434, -0.07695727, 0.04444264),
            (-0.9960439, 0.01543161, 0.08751293),
            (-0.9960443, -0.08348428, 0.03043277),
            (-0.9960436, 0.03036021, 0.08352003),
            (-0.9960439, -0.08751234, 0.01542995),
            (-0.9960443, 0.04442935, 0.07695282),
            (-0.9960439, -0.08886202, 0.00000023),
            (-0.9960437, 0.05714937, 0.06805021),
            (-0.996044, -0.08751159, -0.01543109),
            (-0.9960443, 0.06809634, 0.05708393),
            (-0.996044, -0.08350272, -0.03039261),
            (-0.9960436, 0.07695962, 0.04443454),
            (-0.996044, -0.07695711, -0.0444298),
            (-0.9960443, 0.08348786, 0.0304232),
            (-0.996044, -0.06807254, -0.05711693),
            (-0.9960439, 0.08751243, 0.01543091),
            (-0.9960443, -0.05711931, -0.06806818),
            (-0.9960439, 0.08886269, -0.00000139),
            (-0.9960439, -0.04442938, -0.07695795),
            (-0.9960439, 0.08751234, -0.01543155),
            (-0.9960438, -0.03039297, -0.08350485),
            (-0.996044, 0.08350252, -0.03039346),
            (-0.9960439, -0.01543097, -0.08751196),
            (-0.996044, 0.07695545, -0.04443313),
            (-0.9960439, 0.00000015, -0.08886278),
            (-0.9960439, 0.06807092, -0.05712187),
            (-0.996044, 0.01543057, -0.08751109),
            (-0.996044, 0.05712118, -0.0680704),
            (-0.9960439, 0.03039308, -0.08350324),
            (-0.996044, 0.04443124, -0.07695622),
            (-0.9993075, -0.00000051, -0.03720866),
            (-0.9993075, 0.00646201, -0.03664351),
            (-0.9993057, 0.01274293, -0.03501137),
            (-0.9993057, 0.01862931, -0.03226626),
            (-0.9993075, 0.02391651, -0.02850465),
            (-0.9993092, 0.02846619, -0.02389148),
            (-0.9993076, -0.0064607, -0.03664111),
            (-0.9993057, 0.03226576, -0.01863037),
            (-0.9993076, -0.01272568, -0.03496287),
            (-0.9993075, 0.03496405, -0.01272594),
            (-0.9999725, 0.00697973, -0.00254189),
            (-0.9999721, 0.00647314, -0.00374032),
            (-0.9999723, 0.00569312, -0.00478391),
            (-0.9993076, 0.03664244, -0.00645952),
            (-0.9999723, 0.004785, -0.00570609),
            (-0.9999723, 0.00371901, -0.00644295),
            (-0.9999722, 0.00254665, -0.00700043),
            (-0.9999723, 0.0012928, -0.00733183),
            (-0.9999719, 0.00000076, -0.00750344),
            (-0.9999722, -0.00129335, -0.00733877),
            (-0.9999716, 0.00706907, 0.0026345),
            (-0.9999721, 0.00373796, 0.00647218),
            (-0.9999728, 0.00726935, -0.00128282),
            (-0.9999723, 0.00482391, 0.00565974),
            (-0.9999728, 0.00738222, -0.00000453),
            (-0.9993058, 0.03725581, -0.00000341),
            (-0.9999725, 0.00731463, 0.00128658),
            (-0.9993058, 0.03668989, 0.00646734),
            (-0.9993061, 0.0349732, 0.01281659),
            (-0.999307, 0.0322342, 0.01861488),
            (-0.9999722, 0.00646195, 0.00373081),
            (-0.9999723, 0.00573491, 0.00473562),
            (-0.9993061, 0.0286016, 0.02386015),
            (-0.9993056, 0.02401279, 0.02849227),
            (-0.9993063, 0.01862052, 0.03225097),
            (-0.9993056, 0.01266431, 0.03504148),
            (-0.9999722, 0.00249306, 0.00702385),
            (-0.9993076, 0.0064613, 0.03664163),
            (-0.9999715, -0.00131244, 0.00743887),
            (-0.9999721, -0.00747394, -0.00000309),
            (-0.999972, -0.00573011, -0.00481318),
            (-0.9999723, 0.00129411, 0.00733389),
            (-0.9999722, -0.00000009, 0.00744981),
            (-0.9993058, 0.00000042, 0.03725534),
            (-0.9993075, -0.0064614, 0.03664333),
            (-0.9993073, -0.01264917, 0.03499958),
            (-0.9999725, -0.00248598, 0.00699958),
            (-0.999308, -0.01859497, 0.03221275),
            (-0.9999723, -0.00371836, 0.00643994),
            (-0.9993072, -0.02400281, 0.02844292),
            (-0.9999721, -0.00484456, 0.00568665),
            (-0.9993078, -0.02855226, 0.02385102),
            (-0.999972, -0.00577196, 0.00476551),
            (-0.9993069, -0.03223795, 0.01861485),
            (-0.9999722, -0.00698355, 0.00260154),
            (-0.9999723, -0.00644252, 0.00371799),
            (-0.999306, -0.03496554, 0.01284283),
            (-0.9999723, -0.00732417, 0.0012901),
            (-0.9993076, -0.03664236, 0.00646105),
            (-0.9993058, -0.0372559, -0.00000092),
            (-0.9999717, -0.00740858, -0.00130799),
            (-0.9993076, -0.03664279, -0.00645945),
            (-0.9999725, -0.00697413, -0.00253853),
            (-0.9993075, -0.03496594, -0.01272446),
            (-0.9999721, -0.00647296, -0.00374174),
            (-0.9993075, -0.03222486, -0.01860664),
            (-0.9993075, -0.02850281, -0.0239189),
            (-0.9999725, -0.00477172, -0.00568877),
            (-0.9993075, -0.02391842, -0.02850404),
            (-0.999972, -0.00374056, -0.00648483),
            (-0.9993056, -0.01862764, -0.03226906),
            (-0.9999722, -0.00254902, -0.00700834)
        ]
        uniform token normals:interpolation = "vertex"
        texCoord2f[] primvars:st = [
            (0.5494909, 0.8866076),
            (0.550687, 0.8972845),
            (0.5500894, 0.8919457),
            (0.5494909, 0.8866076),
            (0.550687, 0.8866076),
            (0.550687, 0.8972845),
            (0.1641228, 0.9950608),
            (0.3219337, 0.7942908),
            (0.3219325, 0.9950608),
            (0.1641228, 0.9950608),
            (0.1641226, 0.7942908),
            (0.3219337, 0.7942908),
            (0.00631181, 0.9950609),
            (0.1641226, 0.7942908),
            (0.1641228, 0.9950608),
            (0.00631181, 0.9950609),
            (0.00631294, 0.7942908),
            (0.1641226, 0.7942908),
            (0.419259, 0.4685807),
            (0.218489, 0.6263905),
            (0.2184891, 0.4685795),
            (0.419259, 0.4685807),
            (0.4192591, 0.6263905),
            (0.218489, 0.6263905),
            (0.419259, 0.7842014),
            (0.218489, 0.6263905),
            (0.4192591, 0.6263905),
            (0.419259, 0.7842014),
            (0.218489, 0.7842002),
            (0.218489, 0.6263905),
            (0.00444222, 0.6263905),
            (0.2052124, 0.7842002),
            (0.00444225, 0.7842014),
            (0.00444222, 0.6263905),
            (0.2052123, 0.6263905),
            (0.2052124, 0.7842002),
            (0.00444222, 0.4685807),
            (0.2052123, 0.6263905),
            (0.00444222, 0.6263905),
            (0.00444222, 0.4685807),
            (0.2052123, 0.4685795),
            (0.2052123, 0.6263905),
            (0.00891483, 0.07320233),
            (0.1542851, 0.09046212),
            (0.00814378, 0.09016281),
            (0.00891483, 0.07320233),
            (0.1542851, 0.07409865),
            (0.1542851, 0.09046212),
            (0.00891483, 0.07320233),
            (0.1542851, 0.06928408),
            (0.1542851, 0.07409865),
            (0.00891483, 0.07320233),
            (0.011751, 0.06770267),
            (0.1542851, 0.06928408),
            (0.011751, 0.06770267),
            (0.1542851, 0.05998093),
            (0.1542851, 0.06928408),
            (0.011751, 0.06770267),
            (0.02095422, 0.05786308),
            (0.1542851, 0.05998093),
            (0.02642518, 0.04964476),
            (0.1542851, 0.05998093),
            (0.02095422, 0.05786308),
            (0.1542851, 0.09046212),
            (0.1542851, 0.07409865),
            (0.2996557, 0.07320245),
            (0.1542851, 0.06928408),
            (0.2996557, 0.07320245),
            (0.1542851, 0.07409865),
            (0.1542851, 0.09046212),
            (0.2996557, 0.07320245),
            (0.3004268, 0.09016292),
            (0.1542851, 0.06928408),
            (0.2968196, 0.06770277),
            (0.2996557, 0.07320245),
            (0.1542851, 0.05998093),
            (0.2968196, 0.06770277),
            (0.1542851, 0.06928408),
            (0.1542851, 0.05998093),
            (0.2876164, 0.05786308),
            (0.2968196, 0.06770277),
            (0.1542851, 0.05998093),
            (0.2821454, 0.04964476),
            (0.2876164, 0.05786308),
            (0.1542851, 0.05998093),
            (0.1542851, 0.05076103),
            (0.2821454, 0.04964476),
            (0.02642518, 0.04964476),
            (0.1542851, 0.05076103),
            (0.1542851, 0.05998093),
            (0.1542851, 0.05076103),
            (0.2817152, 0.0375283),
            (0.2821454, 0.04964476),
            (0.1542851, 0.05076103),
            (0.1542851, 0.03778578),
            (0.2817152, 0.0375283),
            (0.02642518, 0.04964476),
            (0.1542851, 0.03778578),
            (0.1542851, 0.05076103),
            (0.02642518, 0.04964476),
            (0.02685541, 0.03752841),
            (0.1542851, 0.03778578),
            (0.4911101, 0.8863795),
            (0.4793451, 0.8827088),
            (0.49111, 0.8827088),
            (0.4911101, 0.8863795),
            (0.4793451, 0.8863795),
            (0.4793451, 0.8827088),
            (0.4793451, 0.89005),
            (0.4793451, 0.8863795),
            (0.4911101, 0.8863795),
            (0.4793451, 0.89005),
            (0.4911101, 0.8863795),
            (0.4911101, 0.89005),
            (0.4911101, 0.8937207),
            (0.4793451, 0.89005),
            (0.4911101, 0.89005),
            (0.4911101, 0.8937207),
            (0.4793451, 0.8937207),
            (0.4793451, 0.89005),
            (0.4911101, 0.897391),
            (0.4793451, 0.8937207),
            (0.4911101, 0.8937207),
            (0.4911101, 0.897391),
            (0.4793451, 0.897391),
            (0.4793451, 0.8937207),
            (0.4911101, 0.9010614),
            (0.4793451, 0.897391),
            (0.4911101, 0.897391),
            (0.4911101, 0.9010614),
            (0.4793451, 0.9010614),
            (0.4793451, 0.897391),
            (0.4911101, 0.9047319),
            (0.4793451, 0.9010614),
            (0.4911101, 0.9010614),
            (0.4911101, 0.9047319),
            (0.4793451, 0.9047319),
            (0.4793451, 0.9010614),
            (0.4911101, 0.9084026),
            (0.4793451, 0.9047319),
            (0.4911101, 0.9047319),
            (0.4911101, 0.9084026),
            (0.4793451, 0.9084026),
            (0.4793451, 0.9047319),
            (0.4911101, 0.9120731),
            (0.4793451, 0.9084026),
            (0.4911101, 0.9084026),
            (0.4911101, 0.9120731),
            (0.4793451, 0.9120731),
            (0.4793451, 0.9084026),
            (0.4911101, 0.9157436),
            (0.4793451, 0.9120731),
            (0.4911101, 0.9120731),
            (0.4911101, 0.9157436),
            (0.4793451, 0.9157436),
            (0.4793451, 0.9120731),
            (0.4911101, 0.9194143),
            (0.4793451, 0.9157436),
            (0.4911101, 0.9157436),
            (0.4911101, 0.9194143),
            (0.4793451, 0.9194143),
            (0.4793451, 0.9157436),
            (0.4911101, 0.9230846),
            (0.4793451, 0.9194143),
            (0.4911101, 0.9194143),
            (0.4911101, 0.9230846),
            (0.4793451, 0.9230846),
            (0.4793451, 0.9194143),
            (0.4911101, 0.9267552),
            (0.4793451, 0.9230846),
            (0.4911101, 0.9230846),
            (0.4911101, 0.9267552),
            (0.4793451, 0.9267552),
            (0.4793451, 0.9230846),
            (0.4911101, 0.9304258),
            (0.4793451, 0.9267552),
            (0.4911101, 0.9267552),
            (0.4911101, 0.9304258),
            (0.4793451, 0.9304258),
            (0.4793451, 0.9267552),
            (0.4911101, 0.9340962),
            (0.4793451, 0.9304258),
            (0.4911101, 0.9304258),
            (0.4911101, 0.9340962),
            (0.4793451, 0.9340962),
            (0.4793451, 0.9304258),
            (0.4911101, 0.9377667),
            (0.4793451, 0.9340962),
            (0.4911101, 0.9340962),
            (0.4911101, 0.9377667),
            (0.4793451, 0.9377667),
            (0.4793451, 0.9340962),
            (0.4911101, 0.9414374),
            (0.4793451, 0.9377667),
            (0.4911101, 0.9377667),
            (0.4911101, 0.9414374),
            (0.4793451, 0.9414374),
            (0.4793451, 0.9377667),
            (0.4911101, 0.9451077),
            (0.4793451, 0.9414374),
            (0.4911101, 0.9414374),
            (0.4911101, 0.9451077),
            (0.4793451, 0.9451077),
            (0.4793451, 0.9414374),
            (0.4911101, 0.9487784),
            (0.4793451, 0.9451077),
            (0.4911101, 0.9451077),
            (0.4911101, 0.9487784),
            (0.4793451, 0.9487784),
            (0.4793451, 0.9451077),
            (0.346389, 0.955963),
            (0.3298551, 0.9537239),
            (0.346389, 0.9537239),
            (0.346389, 0.955963),
            (0.3298551, 0.955963),
            (0.3298551, 0.9537239),
            (0.346389, 0.9582027),
            (0.3298551, 0.955963),
            (0.346389, 0.955963),
            (0.346389, 0.9582027),
            (0.3298551, 0.9582027),
            (0.3298551, 0.955963),
            (0.346389, 0.9604418),
            (0.3298551, 0.9582027),
            (0.346389, 0.9582027),
            (0.346389, 0.9604418),
            (0.3298551, 0.9604418),
            (0.3298551, 0.9582027),
            (0.346389, 0.9626817),
            (0.3298551, 0.9604418),
            (0.346389, 0.9604418),
            (0.346389, 0.9626817),
            (0.3298551, 0.9626817),
            (0.3298551, 0.9604418),
            (0.346389, 0.9649206),
            (0.3298551, 0.9626817),
            (0.346389, 0.9626817),
            (0.346389, 0.9649206),
            (0.3298552, 0.9649206),
            (0.3298551, 0.9626817),
            (0.346389, 0.9671603),
            (0.3298552, 0.9649206),
            (0.346389, 0.9649206),
            (0.346389, 0.9671603),
            (0.3298552, 0.9671603),
            (0.3298552, 0.9649206),
            (0.346389, 0.9693995),
            (0.3298552, 0.9671603),
            (0.346389, 0.9671603),
            (0.346389, 0.9693995),
            (0.3298552, 0.9693995),
            (0.3298552, 0.9671603),
            (0.346389, 0.971639),
            (0.3298552, 0.9693995),
            (0.346389, 0.9693995),
            (0.346389, 0.971639),
            (0.3298552, 0.971639),
            (0.3298552, 0.9693995),
            (0.346389, 0.973878),
            (0.3298552, 0.971639),
            (0.346389, 0.971639),
            (0.346389, 0.973878),
            (0.3298552, 0.973878),
            (0.3298552, 0.971639),
            (0.346389, 0.976118),
            (0.3298552, 0.973878),
            (0.346389, 0.973878),
            (0.346389, 0.976118),
            (0.3298552, 0.976118),
            (0.3298552, 0.973878),
            (0.346389, 0.978357),
            (0.3298552, 0.976118),
            (0.346389, 0.976118),
            (0.346389, 0.978357),
            (0.3298552, 0.978357),
            (0.3298552, 0.976118),
            (0.346389, 0.9805967),
            (0.3298552, 0.978357),
            (0.346389, 0.978357),
            (0.346389, 0.9805967),
            (0.3298552, 0.9805967),
            (0.3298552, 0.978357),
            (0.346389, 0.9828367),
            (0.3298552, 0.9805967),
            (0.346389, 0.9805967),
            (0.346389, 0.9828367),
            (0.3298552, 0.9828367),
            (0.3298552, 0.9805967),
            (0.3463891, 0.9850755),
            (0.3298552, 0.9828367),
            (0.346389, 0.9828367),
            (0.3463891, 0.9850755),
            (0.3298552, 0.9850755),
            (0.3298552, 0.9828367),
            (0.3463891, 0.9873146),
            (0.3298552, 0.9850755),
            (0.3463891, 0.9850755),
            (0.3463891, 0.9873146),
            (0.3298552, 0.9873146),
            (0.3298552, 0.9850755),
            (0.3463891, 0.9895543),
            (0.3298552, 0.9873146),
            (0.3463891, 0.9873146),
            (0.3463891, 0.9895543),
            (0.3298552, 0.9895543),
            (0.3298552, 0.9873146),
            (0.3463891, 0.9917942),
            (0.3298552, 0.9895543),
            (0.3463891, 0.9895543),
            (0.3463891, 0.9917942),
            (0.3298552, 0.9917942),
            (0.3298552, 0.9895543),
            (0.3463891, 0.9940331),
            (0.3298552, 0.9917942),
            (0.3463891, 0.9917942),
            (0.3463891, 0.9940331),
            (0.3298552, 0.9940331),
            (0.3298552, 0.9917942),
            (0.506742, 0.7540075),
            (0.5237734, 0.6105646),
            (0.5234777, 0.7547686),
            (0.506742, 0.7540075),
            (0.5076268, 0.6105646),
            (0.5237734, 0.6105646),
            (0.506742, 0.7540075),
            (0.5028756, 0.6105646),
            (0.5076268, 0.6105646),
            (0.506742, 0.7540075),
            (0.5013145, 0.7512096),
            (0.5028756, 0.6105646),
            (0.5013145, 0.7512096),
            (0.4936878, 0.6105646),
            (0.5028756, 0.6105646),
            (0.5013145, 0.7512096),
            (0.4915983, 0.7421265),
            (0.4936878, 0.6105646),
            (0.4834874, 0.7367296),
            (0.4936878, 0.6105646),
            (0.4915983, 0.7421265),
            (0.5237734, 0.6105646),
            (0.5076268, 0.6105646),
            (0.506742, 0.467122),
            (0.5028756, 0.6105646),
            (0.506742, 0.467122),
            (0.5076268, 0.6105646),
            (0.5237734, 0.6105646),
            (0.506742, 0.467122),
            (0.5234777, 0.4663609),
            (0.5028756, 0.6105646),
            (0.5013145, 0.46992),
            (0.506742, 0.467122),
            (0.4936878, 0.6105646),
            (0.5013145, 0.46992),
            (0.5028756, 0.6105646),
            (0.4936878, 0.6105646),
            (0.4915984, 0.479003),
            (0.5013145, 0.46992),
            (0.4936878, 0.6105646),
            (0.4834875, 0.4843998),
            (0.4915984, 0.479003),
            (0.4834874, 0.7367296),
            (0.4845889, 0.6105646),
            (0.4936878, 0.6105646),
            (0.4936878, 0.6105646),
            (0.4845889, 0.6105646),
            (0.4834875, 0.4843998),
            (0.4715318, 0.7363051),
            (0.4845889, 0.6105646),
            (0.4834874, 0.7367296),
            (0.4845889, 0.6105646),
            (0.4715318, 0.4848243),
            (0.4834875, 0.4843998),
            (0.4715318, 0.7363051),
            (0.4717857, 0.6105646),
            (0.4845889, 0.6105646),
            (0.4845889, 0.6105646),
            (0.4717857, 0.6105646),
            (0.4715318, 0.4848243),
            (0.15493, 0.1507513),
            (0.3003134, 0.1335353),
            (0.3010237, 0.1504963),
            (0.15493, 0.1507513),
            (0.1549302, 0.1343889),
            (0.3003134, 0.1335353),
            (0.00879426, 0.1504837),
            (0.1549302, 0.1343889),
            (0.15493, 0.1507513),
            (0.00879426, 0.1504837),
            (0.00956123, 0.1335212),
            (0.1549302, 0.1343889),
            (0.1549302, 0.1343889),
            (0.297474, 0.1280214),
            (0.3003134, 0.1335353),
            (0.00956123, 0.1335212),
            (0.1549311, 0.1295748),
            (0.1549302, 0.1343889),
            (0.1549302, 0.1343889),
            (0.1549311, 0.1295748),
            (0.297474, 0.1280214),
            (0.00956123, 0.1335212),
            (0.01239677, 0.1280203),
            (0.1549311, 0.1295748),
            (0.1549339, 0.1202678),
            (0.297474, 0.1280214),
            (0.1549311, 0.1295748),
            (0.01239677, 0.1280203),
            (0.1549339, 0.1202678),
            (0.1549311, 0.1295748),
            (0.1549339, 0.1202678),
            (0.2882684, 0.1181739),
            (0.297474, 0.1280214),
            (0.01239677, 0.1280203),
            (0.02160293, 0.118174),
            (0.1549339, 0.1202678),
            (0.1549339, 0.1202678),
            (0.2827997, 0.1099538),
            (0.2882684, 0.1181739),
            (0.02160293, 0.118174),
            (0.1549357, 0.1110475),
            (0.1549339, 0.1202678),
            (0.1549339, 0.1202678),
            (0.1549357, 0.1110475),
            (0.2827997, 0.1099538),
            (0.02160293, 0.118174),
            (0.02707283, 0.1099539),
            (0.1549357, 0.1110475),
            (0.1549357, 0.1110475),
            (0.2823715, 0.09783699),
            (0.2827997, 0.1099538),
            (0.02750097, 0.09783699),
            (0.1549357, 0.1110475),
            (0.02707283, 0.1099539),
            (0.1549357, 0.1110475),
            (0.1549357, 0.09807193),
            (0.2823715, 0.09783699),
            (0.02750097, 0.09783699),
            (0.1549357, 0.09807193),
            (0.1549357, 0.1110475),
            (0.4648897, 0.6114004),
            (0.4585785, 0.4696878),
            (0.4640058, 0.4668888),
            (0.4648897, 0.6114004),
            (0.4601389, 0.6113788),
            (0.4585785, 0.4696878),
            (0.4640045, 0.7537739),
            (0.4601389, 0.6113788),
            (0.4648897, 0.6114004),
            (0.4601389, 0.6113788),
            (0.448865, 0.4787741),
            (0.4585785, 0.4696878),
            (0.4640045, 0.7537739),
            (0.4585776, 0.7509764),
            (0.4601389, 0.6113788),
            (0.4601389, 0.6113788),
            (0.450955, 0.6113145),
            (0.448865, 0.4787741),
            (0.4585776, 0.7509764),
            (0.450955, 0.6113145),
            (0.4601389, 0.6113788),
            (0.450955, 0.6113145),
            (0.4407554, 0.4841731),
            (0.448865, 0.4787741),
            (0.4585776, 0.7509764),
            (0.4488661, 0.7418987),
            (0.450955, 0.6113145),
            (0.450955, 0.6113145),
            (0.4418567, 0.6112732),
            (0.4407554, 0.4841731),
            (0.4488661, 0.7418987),
            (0.4418567, 0.6112732),
            (0.450955, 0.6113145),
            (0.4418567, 0.6112732),
            (0.4287997, 0.4845974),
            (0.4407554, 0.4841731),
            (0.4488661, 0.7418987),
            (0.4407554, 0.7365024),
            (0.4418567, 0.6112732),
            (0.4418567, 0.6112732),
            (0.4290536, 0.6112731),
            (0.4287997, 0.4845974),
            (0.4287997, 0.7360777),
            (0.4418567, 0.6112732),
            (0.4407554, 0.7365024),
            (0.4287997, 0.7360777),
            (0.4290536, 0.6112731),
            (0.4418567, 0.6112732),
            (0.5283086, 0.5298876),
            (0.5283086, 0.5178579),
            (0.5564757, 0.5298876),
            (0.5564757, 0.3866411),
            (0.5564757, 0.5298876),
            (0.5283086, 0.5178579),
            (0.5283086, 0.5178579),
            (0.5283088, 0.364838),
            (0.5564757, 0.3866411),
            (0.5550972, 0.3774022),
            (0.5564757, 0.3866411),
            (0.5283088, 0.364838),
            (0.5550972, 0.3774022),
            (0.5283088, 0.364838),
            (0.5510963, 0.3690677),
            (0.5283088, 0.364838),
            (0.5448646, 0.3624533),
            (0.5510963, 0.3690677),
            (0.5283088, 0.364838),
            (0.5370126, 0.3582067),
            (0.5448646, 0.3624533),
            (0.5283088, 0.364838),
            (0.5283088, 0.3567435),
            (0.5370126, 0.3582067),
            (0.8133224, 0.4624115),
            (0.8049598, 0.4496793),
            (0.8133224, 0.4496793),
            (0.8133224, 0.4624115),
            (0.8049598, 0.4624115),
            (0.8049598, 0.4496793),
            (0.8133224, 0.6067853),
            (0.8049598, 0.4624115),
            (0.8133224, 0.4624115),
            (0.8133224, 0.6067853),
            (0.80496, 0.6067853),
            (0.8049598, 0.4624115),
            (0.7674633, 0.4624115),
            (0.7758259, 0.6067853),
            (0.7674633, 0.6067853),
            (0.7674633, 0.4624115),
            (0.7758259, 0.4624115),
            (0.7758259, 0.6067853),
            (0.7674633, 0.4496793),
            (0.7758259, 0.4624115),
            (0.7674633, 0.4624115),
            (0.7674633, 0.4496793),
            (0.7758259, 0.4496793),
            (0.7758259, 0.4624115),
            (0.5325304, 0.8421557),
            (0.5389194, 0.8342665),
            (0.5389194, 0.8420424),
            (0.5325304, 0.8421557),
            (0.5325304, 0.8343797),
            (0.5389194, 0.8342665),
            (0.5227649, 0.8423283),
            (0.5325304, 0.8343797),
            (0.5325304, 0.8421557),
            (0.5227649, 0.8423283),
            (0.5227649, 0.8345523),
            (0.5325304, 0.8343797),
            (0.5227649, 0.8423283),
            (0.510545, 0.8345523),
            (0.5227649, 0.8345523),
            (0.5227649, 0.8423283),
            (0.510545, 0.8423283),
            (0.510545, 0.8345523),
            (0.5227649, 0.8423283),
            (0.510545, 0.8591564),
            (0.510545, 0.8423283),
            (0.5227649, 0.8423283),
            (0.5227649, 0.8591564),
            (0.510545, 0.8591564),
            (0.846742, 0.4362949),
            (0.8184112, 0.4210255),
            (0.846742, 0.4210255),
            (0.846742, 0.4362949),
            (0.8185751, 0.4362949),
            (0.8184112, 0.4210255),
            (0.8185751, 0.4362949),
            (0.846742, 0.4362949),
            (0.8185751, 0.5795414),
            (0.846742, 0.4362949),
            (0.846742, 0.6094391),
            (0.8185751, 0.5795414),
            (0.8199537, 0.5887804),
            (0.8185751, 0.5795414),
            (0.846742, 0.6094391),
            (0.8239545, 0.5971149),
            (0.8199537, 0.5887804),
            (0.846742, 0.6094391),
            (0.8301858, 0.6037293),
            (0.8239545, 0.5971149),
            (0.846742, 0.6094391),
            (0.846742, 0.6094391),
            (0.8380381, 0.607976),
            (0.8301858, 0.6037293),
            (0.3370864, 0.1701081),
            (0.3346832, 0.1669457),
            (0.3371062, 0.1669609),
            (0.3370864, 0.1701081),
            (0.3346635, 0.1700706),
            (0.3346832, 0.1669457),
            (0.3346832, 0.1669457),
            (0.3346635, 0.1700706),
            (0.3309797, 0.1669223),
            (0.3346635, 0.1700706),
            (0.3304762, 0.2469159),
            (0.3309797, 0.1669223),
            (0.3346635, 0.1700706),
            (0.3341798, 0.2469393),
            (0.3304762, 0.2469159),
            (0.3370864, 0.1701081),
            (0.3341798, 0.2469393),
            (0.3346635, 0.1700706),
            (0.3341351, 0.2539943),
            (0.3304762, 0.2469159),
            (0.3341798, 0.2469393),
            (0.3341351, 0.2539943),
            (0.3304313, 0.2539708),
            (0.3304762, 0.2469159),
            (0.3365581, 0.2540097),
            (0.3341351, 0.2539943),
            (0.3341798, 0.2469393),
            (0.3365581, 0.2540097),
            (0.3341798, 0.2469393),
            (0.3366028, 0.2469546),
            (0.3370864, 0.1701081),
            (0.3366028, 0.2469546),
            (0.3341798, 0.2469393),
            (0.3464864, 0.2540731),
            (0.3365581, 0.2540097),
            (0.3366028, 0.2469546),
            (0.3465313, 0.2470172),
            (0.3366028, 0.2469546),
            (0.3370864, 0.1701081),
            (0.3464864, 0.2540731),
            (0.3366028, 0.2469546),
            (0.3465313, 0.2470172),
            (0.3465313, 0.2470172),
            (0.3370864, 0.1701081),
            (0.347014, 0.1701706),
            (0.3704089, 0.2542274),
            (0.3464864, 0.2540731),
            (0.3465313, 0.2470172),
            (0.3704546, 0.2471682),
            (0.3465313, 0.2470172),
            (0.347014, 0.1701706),
            (0.3704089, 0.2542274),
            (0.3465313, 0.2470172),
            (0.3704546, 0.2471682),
            (0.3704546, 0.2471682),
            (0.347014, 0.1701706),
            (0.37093, 0.1703214),
            (0.3943469, 0.2543882),
            (0.3704089, 0.2542274),
            (0.3704546, 0.2471682),
            (0.3943948, 0.2473181),
            (0.3704546, 0.2471682),
            (0.37093, 0.1703214),
            (0.3943469, 0.2543882),
            (0.3704546, 0.2471682),
            (0.3943948, 0.2473181),
            (0.3943948, 0.2473181),
            (0.37093, 0.1703214),
            (0.3948461, 0.1704715),
            (0.4186402, 0.2545703),
            (0.3943469, 0.2543882),
            (0.3943948, 0.2473181),
            (0.4186929, 0.2474626),
            (0.3943948, 0.2473181),
            (0.3948461, 0.1704715),
            (0.4186402, 0.2545703),
            (0.3943948, 0.2473181),
            (0.4186929, 0.2474626),
            (0.4186929, 0.2474626),
            (0.3948461, 0.1704715),
            (0.4190627, 0.1706216),
            (0.4431247, 0.2548073),
            (0.4186402, 0.2545703),
            (0.4186929, 0.2474626),
            (0.4431842, 0.2475681),
            (0.4186929, 0.2474626),
            (0.4190627, 0.1706216),
            (0.4431247, 0.2548073),
            (0.4186929, 0.2474626),
            (0.4431842, 0.2475681),
            (0.4431842, 0.2475681),
            (0.4190627, 0.1706216),
            (0.4432807, 0.1707686),
            (0.4541983, 0.2549869),
            (0.4431247, 0.2548073),
            (0.4431842, 0.2475681),
            (0.4541287, 0.2474651),
            (0.4431842, 0.2475681),
            (0.4432807, 0.1707686),
            (0.4541983, 0.2549869),
            (0.4431842, 0.2475681),
            (0.4541287, 0.2474651),
            (0.4541287, 0.2474651),
            (0.4432807, 0.1707686),
            (0.4539575, 0.1708136),
            (0.4553597, 0.2549844),
            (0.4541983, 0.2549869),
            (0.4541287, 0.2474651),
            (0.455296, 0.1701899),
            (0.4541287, 0.2474651),
            (0.4539575, 0.1708136),
            (0.455296, 0.1701899),
            (0.4539575, 0.1708136),
            (0.4539518, 0.1669323),
            (0.455296, 0.1701899),
            (0.4539518, 0.1669323),
            (0.4552931, 0.1669303),
            (0.455296, 0.1701899),
            (0.4552931, 0.1669303),
            (0.4589957, 0.1669223),
            (0.4591704, 0.2474583),
            (0.455296, 0.1701899),
            (0.4589957, 0.1669223),
            (0.4553597, 0.2549844),
            (0.4541287, 0.2474651),
            (0.4553647, 0.2474629),
            (0.455296, 0.1701899),
            (0.4553647, 0.2474629),
            (0.4541287, 0.2474651),
            (0.4591704, 0.2474583),
            (0.4553647, 0.2474629),
            (0.455296, 0.1701899),
            (0.4592459, 0.2549447),
            (0.4553597, 0.2549844),
            (0.4553647, 0.2474629),
            (0.4592459, 0.2549447),
            (0.4553647, 0.2474629),
            (0.4591704, 0.2474583),
            (0.8515681, 0.6022198),
            (0.860948, 0.6083621),
            (0.8515681, 0.6099391),
            (0.8515681, 0.6022198),
            (0.8694096, 0.6037859),
            (0.860948, 0.6083621),
            (0.8761249, 0.596658),
            (0.8694096, 0.6037859),
            (0.8515681, 0.6022198),
            (0.8804362, 0.5876763),
            (0.8761249, 0.596658),
            (0.8515681, 0.6022198),
            (0.8819218, 0.5777202),
            (0.8804362, 0.5876763),
            (0.8515681, 0.6022198),
            (0.8515681, 0.6022198),
            (0.8515681, 0.4363153),
            (0.8819218, 0.5777202),
            (0.8515681, 0.4363153),
            (0.8819218, 0.4233517),
            (0.8819218, 0.5777202),
            (0.8819218, 0.4233517),
            (0.8515681, 0.4363153),
            (0.8515681, 0.4233517),
            (0.4681884, 0.270138),
            (0.4834578, 0.2418072),
            (0.4834578, 0.270138),
            (0.4681884, 0.270138),
            (0.4681884, 0.2418072),
            (0.4834578, 0.2418072),
            (0.506678, 0.2824604),
            (0.5090277, 0.3005087),
            (0.506678, 0.3005141),
            (0.506678, 0.2824604),
            (0.5090277, 0.2824549),
            (0.5090277, 0.3005087),
            (0.3323764, 0.2676411),
            (0.3294494, 0.2599666),
            (0.3323756, 0.259933),
            (0.3323764, 0.2676411),
            (0.3294501, 0.2676749),
            (0.3294494, 0.2599666),
            (0.3323597, 0.275358),
            (0.3294501, 0.2676749),
            (0.3323764, 0.2676411),
            (0.3323597, 0.275358),
            (0.3294334, 0.2753915),
            (0.3294501, 0.2676749),
            (0.3323764, 0.302888),
            (0.3294334, 0.2753915),
            (0.3323597, 0.275358),
            (0.3323764, 0.302888),
            (0.3294501, 0.3029215),
            (0.3294334, 0.2753915),
            (0.4902148, 0.273329),
            (0.5054842, 0.2449984),
            (0.5054842, 0.273329),
            (0.4902148, 0.273329),
            (0.4902148, 0.2449984),
            (0.5054842, 0.2449984),
            (0.6096796, 0.9683837),
            (0.5813533, 0.9608687),
            (0.6096796, 0.9603676),
            (0.6096796, 0.9683837),
            (0.5813533, 0.9688849),
            (0.5813533, 0.9608687),
            (0.6096796, 0.973628),
            (0.5813533, 0.9688849),
            (0.6096796, 0.9683837),
            (0.6096796, 0.973628),
            (0.5813533, 0.9741293),
            (0.5813533, 0.9688849),
            (0.6096796, 0.9951161),
            (0.5813533, 0.9741293),
            (0.6096796, 0.973628),
            (0.6096796, 0.9951161),
            (0.5813533, 0.9956174),
            (0.5813533, 0.9741293),
            (0.6972436, 0.01953674),
            (0.691098, 0.00544622),
            (0.6972411, 0.00544521),
            (0.6972436, 0.01953674),
            (0.6911004, 0.01953779),
            (0.691098, 0.00544622),
            (0.6911312, 0.1987873),
            (0.6911004, 0.01953779),
            (0.6972436, 0.01953674),
            (0.6911312, 0.1987873),
            (0.6972436, 0.01953674),
            (0.6972749, 0.2002889),
            (0.6911328, 0.2082694),
            (0.6911312, 0.1987873),
            (0.6972749, 0.2002889),
            (0.6911328, 0.2082694),
            (0.6972749, 0.2002889),
            (0.6972762, 0.2082683),
            (0.6972436, 0.01953674),
            (0.7224462, 0.2002845),
            (0.6972749, 0.2002889),
            (0.6972436, 0.01953674),
            (0.722415, 0.01953248),
            (0.7224462, 0.2002845),
            (0.722415, 0.01953248),
            (0.7830852, 0.2002742),
            (0.7224462, 0.2002845),
            (0.722415, 0.01953248),
            (0.7830542, 0.01952203),
            (0.7830852, 0.2002742),
            (0.7830542, 0.01952203),
            (0.8437242, 0.2002637),
            (0.7830852, 0.2002742),
            (0.7830542, 0.01952203),
            (0.8436932, 0.01951152),
            (0.8437242, 0.2002637),
            (0.8436932, 0.01951152),
            (0.9051245, 0.2002531),
            (0.8437242, 0.2002637),
            (0.8436932, 0.01951152),
            (0.9050933, 0.01950093),
            (0.9051245, 0.2002531),
            (0.9050933, 0.01950093),
            (0.9665246, 0.2002426),
            (0.9051245, 0.2002531),
            (0.9050933, 0.01950093),
            (0.9664934, 0.01949038),
            (0.9665246, 0.2002426),
            (0.9664934, 0.01949038),
            (0.9936253, 0.2002379),
            (0.9665246, 0.2002426),
            (0.9664934, 0.01949038),
            (0.993594, 0.01948567),
            (0.9936253, 0.2002379),
            (0.9936253, 0.2002379),
            (0.993594, 0.01948567),
            (0.9967489, 0.01949199),
            (0.993594, 0.01948567),
            (0.9967815, 0.00336731),
            (0.9967489, 0.01949199),
            (0.993594, 0.01948567),
            (0.9936268, 0.003361),
            (0.9967815, 0.00336731),
            (0.9936253, 0.2002379),
            (0.9967489, 0.01949199),
            (0.9967801, 0.1998329),
            (0.9939798, 0.2083464),
            (0.9936253, 0.2002379),
            (0.9967801, 0.1998329),
            (0.9939798, 0.2083464),
            (0.9967801, 0.1998329),
            (0.9967815, 0.208224),
            (0.377075, 0.7892107),
            (0.3718315, 0.8175025),
            (0.3718315, 0.7893033),
            (0.377075, 0.7892107),
            (0.377075, 0.8173776),
            (0.3718315, 0.8175025),
            (0.4910223, 0.8777579),
            (0.478846, 0.8495759),
            (0.4910223, 0.8495759),
            (0.4910223, 0.8777579),
            (0.4789927, 0.8777579),
            (0.478846, 0.8495759),
            (0.3630624, 0.9495537),
            (0.3643831, 0.9548283),
            (0.3630894, 0.9548575),
            (0.3630624, 0.9495537),
            (0.364356, 0.9495245),
            (0.3643831, 0.9548283),
            (0.3630576, 0.9471441),
            (0.364356, 0.9495245),
            (0.3630624, 0.9495537),
            (0.3630576, 0.9471441),
            (0.3643511, 0.9471149),
            (0.364356, 0.9495245),
            (0.3630894, 0.926303),
            (0.3643511, 0.9471149),
            (0.3630576, 0.9471441),
            (0.3630894, 0.926303),
            (0.3643831, 0.9262738),
            (0.3643511, 0.9471149),
            (0.6062043, 0.7021538),
            (0.6085576, 0.6740286),
            (0.6085576, 0.7021955),
            (0.6062043, 0.7021538),
            (0.6062043, 0.6739718),
            (0.6085576, 0.6740286),
            (0.3814062, 0.9838447),
            (0.3530799, 0.9602085),
            (0.3814061, 0.9607096),
            (0.3814062, 0.9838447),
            (0.3530799, 0.9833434),
            (0.3530799, 0.9602085),
            (0.3814062, 0.9861985),
            (0.3530799, 0.9833434),
            (0.3814062, 0.9838447),
            (0.3814062, 0.9861985),
            (0.3530799, 0.9856973),
            (0.3530799, 0.9833434),
            (0.3814062, 0.9941589),
            (0.3530799, 0.9856973),
            (0.3814062, 0.9861985),
            (0.3814062, 0.9941589),
            (0.3530799, 0.9936576),
            (0.3530799, 0.9856973),
            (0.4910193, 0.444633),
            (0.4882566, 0.4234346),
            (0.4910193, 0.4234046),
            (0.4910193, 0.444633),
            (0.4882566, 0.444663),
            (0.4882566, 0.4234346),
            (0.695672, 0.3383885),
            (0.6644684, 0.3124106),
            (0.6961265, 0.3124043),
            (0.695672, 0.3383885),
            (0.6638469, 0.3383949),
            (0.6644684, 0.3124106),
            (0.695672, 0.3383885),
            (0.6946421, 0.3972593),
            (0.6638469, 0.3383949),
            (0.6946421, 0.3972593),
            (0.6643009, 0.3971146),
            (0.6638469, 0.3383949),
            (0.6643009, 0.3971146),
            (0.6465867, 0.3620836),
            (0.6638469, 0.3383949),
            (0.640884, 0.3722835),
            (0.6465867, 0.3620836),
            (0.6643009, 0.3971146),
            (0.6372999, 0.3841614),
            (0.640884, 0.3722835),
            (0.6643009, 0.3971146),
            (0.6360787, 0.3969075),
            (0.6372999, 0.3841614),
            (0.6643009, 0.3971146),
            (0.6373032, 0.4096531),
            (0.6360787, 0.3969075),
            (0.6643009, 0.3971146),
            (0.6408903, 0.4215299),
            (0.6373032, 0.4096531),
            (0.6643009, 0.3971146),
            (0.6465956, 0.4317285),
            (0.6408903, 0.4215299),
            (0.6643009, 0.3971146),
            (0.6638576, 0.4554065),
            (0.6465956, 0.4317285),
            (0.6643009, 0.3971146),
            (0.6643009, 0.3971146),
            (0.6946421, 0.3972593),
            (0.6638576, 0.4554065),
            (0.6946421, 0.3972593),
            (0.6936126, 0.4561301),
            (0.6638576, 0.4554065),
            (0.6465977, 0.4790955),
            (0.6638576, 0.4554065),
            (0.6936126, 0.4561301),
            (0.6643121, 0.5141265),
            (0.6465977, 0.4790955),
            (0.6936126, 0.4561301),
            (0.6408951, 0.4892956),
            (0.6465977, 0.4790955),
            (0.6643121, 0.5141265),
            (0.6373111, 0.5011733),
            (0.6408951, 0.4892956),
            (0.6643121, 0.5141265),
            (0.6360897, 0.5139194),
            (0.6373111, 0.5011733),
            (0.6643121, 0.5141265),
            (0.6373145, 0.5266653),
            (0.6360897, 0.5139194),
            (0.6643121, 0.5141265),
            (0.6409018, 0.538542),
            (0.6373145, 0.5266653),
            (0.6643121, 0.5141265),
            (0.6466072, 0.5487405),
            (0.6409018, 0.538542),
            (0.6643121, 0.5141265),
            (0.6936126, 0.4561301),
            (0.6946535, 0.514271),
            (0.6643121, 0.5141265),
            (0.6638691, 0.5724185),
            (0.6466072, 0.5487405),
            (0.6643121, 0.5141265),
            (0.6946535, 0.514271),
            (0.6638691, 0.5724185),
            (0.6643121, 0.5141265),
            (0.6956945, 0.5724118),
            (0.6638691, 0.5724185),
            (0.6946535, 0.514271),
            (0.6961265, 0.5965461),
            (0.6638691, 0.5724185),
            (0.6956945, 0.5724118),
            (0.6961265, 0.5965461),
            (0.6644493, 0.5965528),
            (0.6638691, 0.5724185),
            (0.9207515, 0.4661257),
            (0.9058107, 0.4397554),
            (0.9207515, 0.4397554),
            (0.9207515, 0.4661257),
            (0.9058107, 0.4661257),
            (0.9058107, 0.4397554),
            (0.9207515, 0.4981337),
            (0.9058107, 0.4661257),
            (0.9207515, 0.4661257),
            (0.9207515, 0.4981337),
            (0.9058107, 0.4981337),
            (0.9058107, 0.4661257),
            (0.9058107, 0.5108986),
            (0.9058107, 0.4981337),
            (0.9207515, 0.4981337),
            (0.9058107, 0.5108986),
            (0.9207515, 0.4981337),
            (0.9207515, 0.5108986),
            (0.9058107, 0.5244509),
            (0.9058107, 0.5108986),
            (0.9207515, 0.5108986),
            (0.9058107, 0.5244509),
            (0.9207515, 0.5108986),
            (0.9207515, 0.5244509),
            (0.9058107, 0.5384376),
            (0.9058107, 0.5244509),
            (0.9207515, 0.5244509),
            (0.9058107, 0.5384376),
            (0.9207515, 0.5244509),
            (0.9207515, 0.5384376),
            (0.9058107, 0.5524244),
            (0.9058107, 0.5384376),
            (0.9207515, 0.5384376),
            (0.9058107, 0.5524244),
            (0.9207515, 0.5384376),
            (0.9207515, 0.5524244),
            (0.9058107, 0.5659769),
            (0.9058107, 0.5524244),
            (0.9207515, 0.5524244),
            (0.9058107, 0.5659769),
            (0.9207515, 0.5524244),
            (0.9207515, 0.5659769),
            (0.9058107, 0.5787416),
            (0.9058107, 0.5659769),
            (0.9207515, 0.5659769),
            (0.9058107, 0.5787416),
            (0.9207515, 0.5659769),
            (0.9207515, 0.5787416),
            (0.9207515, 0.6107581),
            (0.9058107, 0.5787416),
            (0.9207515, 0.5787416),
            (0.9207515, 0.6107581),
            (0.9058107, 0.6107581),
            (0.9058107, 0.5787416),
            (0.4266639, 0.7646389),
            (0.454863, 0.7526094),
            (0.454863, 0.7646389),
            (0.4266639, 0.7646389),
            (0.4266639, 0.7524629),
            (0.454863, 0.7526094),
            (0.4093313, 0.9882646),
            (0.4161428, 0.9946464),
            (0.4093313, 0.9946464),
            (0.4093313, 0.9882646),
            (0.4161428, 0.9882646),
            (0.4161428, 0.9946464),
            (0.9596266, 0.5572212),
            (0.9748961, 0.6096367),
            (0.9596266, 0.6096367),
            (0.9596266, 0.5572212),
            (0.9748961, 0.5572212),
            (0.9748961, 0.6096367),
            (0.9748961, 0.5572212),
            (0.9596266, 0.5572212),
            (0.9596266, 0.5558038),
            (0.9596266, 0.5558038),
            (0.9748961, 0.5048057),
            (0.9748961, 0.5572212),
            (0.9596266, 0.5558038),
            (0.9596266, 0.5048057),
            (0.9748961, 0.5048057),
            (0.9596266, 0.4530398),
            (0.9748961, 0.5048057),
            (0.9596266, 0.5048057),
            (0.9596266, 0.4530398),
            (0.9748961, 0.4530398),
            (0.9748961, 0.5048057),
            (0.9596266, 0.4012739),
            (0.9748961, 0.4530398),
            (0.9596266, 0.4530398),
            (0.9596266, 0.4012739),
            (0.9748961, 0.4012739),
            (0.9748961, 0.4530398),
            (0.6029062, 0.9481699),
            (0.6097177, 0.9545518),
            (0.6029062, 0.9545518),
            (0.6029062, 0.9481699),
            (0.6097177, 0.9481699),
            (0.6097177, 0.9545518),
            (0.9020879, 0.4729913),
            (0.8875623, 0.4418729),
            (0.9020879, 0.4418729),
            (0.9020879, 0.4729913),
            (0.8875623, 0.4729913),
            (0.8875623, 0.4418729),
            (0.8875623, 0.4854016),
            (0.8875623, 0.4729913),
            (0.9020879, 0.4729913),
            (0.8875623, 0.4854016),
            (0.9020879, 0.4729913),
            (0.9020879, 0.4854016),
            (0.8875623, 0.4985772),
            (0.8875623, 0.4854016),
            (0.9020879, 0.4854016),
            (0.8875623, 0.4985772),
            (0.9020879, 0.4854016),
            (0.9020879, 0.4985772),
            (0.8875623, 0.5121754),
            (0.8875623, 0.4985772),
            (0.9020879, 0.4985772),
            (0.8875623, 0.5121754),
            (0.9020879, 0.4985772),
            (0.9020879, 0.5121754),
            (0.8875623, 0.5257735),
            (0.8875623, 0.5121754),
            (0.9020879, 0.5121754),
            (0.8875623, 0.5257735),
            (0.9020879, 0.5121754),
            (0.9020879, 0.5257735),
            (0.8875623, 0.5389494),
            (0.8875623, 0.5257735),
            (0.9020879, 0.5257735),
            (0.8875623, 0.5389494),
            (0.9020879, 0.5257735),
            (0.9020879, 0.5389494),
            (0.8875623, 0.5513595),
            (0.8875623, 0.5389494),
            (0.9020879, 0.5389494),
            (0.8875623, 0.5513595),
            (0.9020879, 0.5389494),
            (0.9020879, 0.5513597),
            (0.9020879, 0.5824862),
            (0.8875623, 0.5513595),
            (0.9020879, 0.5513597),
            (0.9020879, 0.5824862),
            (0.8875623, 0.5824862),
            (0.8875623, 0.5513595),
            (0.9020879, 0.6100889),
            (0.8875623, 0.5824862),
            (0.9020879, 0.5824862),
            (0.9020879, 0.6100889),
            (0.8875623, 0.6100889),
            (0.8875623, 0.5824862),
            (0.6001838, 0.6168536),
            (0.6095831, 0.6637645),
            (0.6001837, 0.6637645),
            (0.6001838, 0.6168536),
            (0.6095831, 0.6168536),
            (0.6095831, 0.6637645),
            (0.5580429, 0.5435296),
            (0.5960026, 0.5904406),
            (0.5580428, 0.5904406),
            (0.5580429, 0.5435296),
            (0.5960026, 0.5435296),
            (0.5960026, 0.5904406),
            (0.5999028, 0.6119899),
            (0.6468138, 0.6025904),
            (0.6468138, 0.6119899),
            (0.5999028, 0.6119899),
            (0.5999028, 0.6025904),
            (0.6468138, 0.6025904),
            (0.5980876, 0.5435296),
            (0.6344008, 0.5904406),
            (0.5980877, 0.5904406),
            (0.5980876, 0.5435296),
            (0.6344008, 0.5435296),
            (0.6344008, 0.5904406),
            (0.5990894, 0.6009888),
            (0.6362259, 0.5916255),
            (0.6370493, 0.6009888),
            (0.5990894, 0.6009888),
            (0.5999127, 0.5916255),
            (0.6362259, 0.5916255),
            (0.3274485, 0.9557585),
            (0.3238651, 0.9557588),
            (0.3238654, 0.9542179),
            (0.3238654, 0.9542179),
            (0.3238645, 0.9408108),
            (0.3274485, 0.9557585),
            (0.3274485, 0.9557585),
            (0.3238645, 0.9408108),
            (0.3274485, 0.9370476),
            (0.3238645, 0.9408108),
            (0.3238651, 0.9370477),
            (0.3274485, 0.9370476),
            (0.643409, 0.5838246),
            (0.6461356, 0.5890629),
            (0.643409, 0.5890629),
            (0.643409, 0.5838246),
            (0.6461356, 0.5838246),
            (0.6461356, 0.5890629),
            (0.643409, 0.5785803),
            (0.6461356, 0.5838246),
            (0.643409, 0.5838246),
            (0.643409, 0.5785803),
            (0.6461356, 0.5785803),
            (0.6461356, 0.5838246),
            (0.643409, 0.5598704),
            (0.6461356, 0.5785803),
            (0.643409, 0.5785803),
            (0.643409, 0.5598704),
            (0.6461356, 0.5598704),
            (0.6461356, 0.5785803),
            (0.4822, 0.1929818),
            (0.4854055, 0.2176518),
            (0.4822, 0.2176159),
            (0.4822, 0.1929818),
            (0.4854055, 0.1930177),
            (0.4854055, 0.2176518),
            (0.3289965, 0.4140692),
            (0.3321255, 0.444404),
            (0.3290635, 0.4443579),
            (0.3289965, 0.4140692),
            (0.3320586, 0.4141152),
            (0.3321255, 0.444404),
            (0.329, 0.4055796),
            (0.3320586, 0.4141152),
            (0.3289965, 0.4140692),
            (0.329, 0.4055796),
            (0.3320621, 0.4056257),
            (0.3320586, 0.4141152),
            (0.3290635, 0.3971027),
            (0.3320621, 0.4056257),
            (0.329, 0.4055796),
            (0.3290635, 0.3971027),
            (0.3321255, 0.3971487),
            (0.3320621, 0.4056257),
            (0.6072631, 0.7317802),
            (0.6047257, 0.7122766),
            (0.6072631, 0.7122826),
            (0.6072631, 0.7317802),
            (0.6047257, 0.7317743),
            (0.6047257, 0.7122766),
            (0.3753673, 0.9471349),
            (0.3740811, 0.9262738),
            (0.3753749, 0.9262969),
            (0.3753673, 0.9471349),
            (0.3740736, 0.9471117),
            (0.3740811, 0.9262738),
            (0.3753749, 0.9495442),
            (0.3740736, 0.9471117),
            (0.3753673, 0.9471349),
            (0.3753749, 0.9495442),
            (0.3740811, 0.949521),
            (0.3740736, 0.9471117),
            (0.3753739, 0.9548494),
            (0.3740811, 0.949521),
            (0.3753749, 0.9495442),
            (0.3753739, 0.9548494),
            (0.3740802, 0.9548261),
            (0.3740811, 0.949521),
            (0.6073149, 0.9213393),
            (0.6084315, 0.9400519),
            (0.6073149, 0.9400519),
            (0.6073149, 0.9213393),
            (0.6084312, 0.9213393),
            (0.6084315, 0.9400519),
            (0.6073149, 0.9160943),
            (0.6084312, 0.9213393),
            (0.6073149, 0.9213393),
            (0.6073149, 0.9160943),
            (0.6084315, 0.9160943),
            (0.6084312, 0.9213393),
            (0.6073149, 0.910857),
            (0.6084315, 0.9160943),
            (0.6073149, 0.9160943),
            (0.6073149, 0.910857),
            (0.6084315, 0.910857),
            (0.6084315, 0.9160943),
            (0.4746394, 0.902621),
            (0.4760826, 0.9229779),
            (0.4746394, 0.9229779),
            (0.4746394, 0.902621),
            (0.4760825, 0.902621),
            (0.4760826, 0.9229779),
            (0.4746394, 0.9002673),
            (0.4760825, 0.902621),
            (0.4746394, 0.902621),
            (0.4746394, 0.9002673),
            (0.4760825, 0.9002673),
            (0.4760825, 0.902621),
            (0.4746394, 0.8950847),
            (0.4760825, 0.9002673),
            (0.4746394, 0.9002673),
            (0.4746394, 0.8950847),
            (0.4760826, 0.8950847),
            (0.4760825, 0.9002673),
            (0.3685736, 0.9495242),
            (0.369883, 0.9548283),
            (0.3685736, 0.9548283),
            (0.3685736, 0.9495242),
            (0.3698831, 0.9495242),
            (0.369883, 0.9548283),
            (0.3685735, 0.9471145),
            (0.3698831, 0.9495242),
            (0.3685736, 0.9495242),
            (0.3685735, 0.9471145),
            (0.369883, 0.9471145),
            (0.3698831, 0.9495242),
            (0.3685738, 0.9262738),
            (0.369883, 0.9471145),
            (0.3685735, 0.9471145),
            (0.3685738, 0.9262738),
            (0.3698831, 0.9262738),
            (0.369883, 0.9471145),
            (0.3828143, 0.7902444),
            (0.388295, 0.8038039),
            (0.3828143, 0.803801),
            (0.3828143, 0.7902444),
            (0.388295, 0.7902473),
            (0.388295, 0.8038039),
            (0.3777681, 0.8361861),
            (0.3722878, 0.8226847),
            (0.3777681, 0.8226299),
            (0.3777681, 0.8361861),
            (0.3722878, 0.8362408),
            (0.3722878, 0.8226847),
            (0.5731639, 0.9917974),
            (0.5676833, 0.9793625),
            (0.5731639, 0.9793613),
            (0.5731639, 0.9917974),
            (0.5676833, 0.9917986),
            (0.5676833, 0.9793625),
            (0.3330332, 0.9453185),
            (0.336056, 0.9193391),
            (0.336056, 0.9453185),
            (0.3330332, 0.9453185),
            (0.3330332, 0.919339),
            (0.336056, 0.9193391),
            (0.3683496, 0.9221073),
            (0.3628694, 0.9096126),
            (0.3683496, 0.9096717),
            (0.3683496, 0.9221073),
            (0.3628694, 0.9220482),
            (0.3628694, 0.9096126),
            (0.7803211, 0.4624115),
            (0.7886837, 0.6067853),
            (0.7803209, 0.6067853),
            (0.7803211, 0.4624115),
            (0.7886837, 0.4624115),
            (0.7886837, 0.6067853),
            (0.7803211, 0.4496793),
            (0.7886837, 0.4624115),
            (0.7803211, 0.4624115),
            (0.7803211, 0.4496793),
            (0.7886837, 0.4496793),
            (0.7886837, 0.4624115),
            (0.8010799, 0.4624115),
            (0.7927173, 0.4496793),
            (0.8010799, 0.4496793),
            (0.8010799, 0.4624115),
            (0.7927173, 0.4624115),
            (0.7927173, 0.4496793),
            (0.8010799, 0.6067853),
            (0.7927173, 0.4624115),
            (0.8010799, 0.4624115),
            (0.8010799, 0.6067853),
            (0.7927174, 0.6067853),
            (0.7927173, 0.4624115),
            (0.7529898, 0.4624115),
            (0.7645062, 0.6067856),
            (0.7529898, 0.6067856),
            (0.7529898, 0.4624115),
            (0.7645062, 0.4624115),
            (0.7645062, 0.6067856),
            (0.7529898, 0.4496793),
            (0.7645062, 0.4624115),
            (0.7529898, 0.4624115),
            (0.7529898, 0.4496793),
            (0.7645062, 0.4496793),
            (0.7645062, 0.4624115),
            (0.7391316, 0.5940533),
            (0.7506478, 0.6067856),
            (0.7391316, 0.6067856),
            (0.7391316, 0.5940533),
            (0.7506478, 0.5940533),
            (0.7506478, 0.6067856),
            (0.7391316, 0.4496793),
            (0.7506478, 0.5940533),
            (0.7391316, 0.5940533),
            (0.7391316, 0.4496793),
            (0.7506478, 0.4496794),
            (0.7506478, 0.5940533),
            (0.9889526, 0.4059836),
            (0.9835848, 0.3852118),
            (0.9893158, 0.3852106),
            (0.9889526, 0.4059836),
            (0.9832215, 0.4059848),
            (0.9835848, 0.3852118),
            (0.9881295, 0.4530476),
            (0.9832215, 0.4059848),
            (0.9889526, 0.4059836),
            (0.9881295, 0.4530476),
            (0.9823985, 0.4530488),
            (0.9832215, 0.4059848),
            (0.9873066, 0.5001117),
            (0.9823985, 0.4530488),
            (0.9881295, 0.4530476),
            (0.9873066, 0.5001117),
            (0.9815754, 0.5001128),
            (0.9823985, 0.4530488),
            (0.9881386, 0.5465922),
            (0.9815754, 0.5001128),
            (0.9873066, 0.5001117),
            (0.9881386, 0.5465922),
            (0.9824074, 0.5465934),
            (0.9815754, 0.5001128),
            (0.9889706, 0.5930727),
            (0.9824074, 0.5465934),
            (0.9881386, 0.5465922),
            (0.9889706, 0.5930727),
            (0.9832394, 0.593074),
            (0.9824074, 0.5465934),
            (0.9893158, 0.6123668),
            (0.9832394, 0.593074),
            (0.9889706, 0.5930727),
            (0.9893158, 0.6123668),
            (0.9835848, 0.612368),
            (0.9832394, 0.593074),
            (0.5628461, 0.2536277),
            (0.5792489, 0.2639283),
            (0.5628461, 0.2639283),
            (0.5628461, 0.2536277),
            (0.5792489, 0.2536277),
            (0.5792489, 0.2639283),
            (0.5628461, 0.06939754),
            (0.5792489, 0.2536277),
            (0.5628461, 0.2536277),
            (0.5628461, 0.06939754),
            (0.5792489, 0.06939754),
            (0.5792489, 0.2536277),
            (0.6089787, 0.1291721),
            (0.6205056, 0.2516811),
            (0.6068269, 0.2516826),
            (0.6089787, 0.1291721),
            (0.6205056, 0.1291705),
            (0.6205056, 0.2516811),
            (0.606828, 0.00851125),
            (0.6205056, 0.1291705),
            (0.6089787, 0.1291721),
            (0.606828, 0.00851125),
            (0.6205056, 0.00850964),
            (0.6205056, 0.1291705),
            (0.03209168, 0.03327895),
            (0.1907739, 0.01915219),
            (0.1907739, 0.03327884),
            (0.03209168, 0.03327895),
            (0.03209177, 0.01915219),
            (0.1907739, 0.01915219),
            (0.0232197, 0.03327895),
            (0.03209177, 0.01915219),
            (0.03209168, 0.03327895),
            (0.0232197, 0.03327895),
            (0.0232197, 0.01915219),
            (0.03209177, 0.01915219),
            (0.5026325, 0.05769354),
            (0.5207492, 0.03826704),
            (0.5136102, 0.05769354),
            (0.5026325, 0.05769354),
            (0.5084044, 0.03826704),
            (0.5207492, 0.03826704),
            (0.3062901, 0.05769373),
            (0.5084044, 0.03826704),
            (0.5026325, 0.05769354),
            (0.5084044, 0.03826704),
            (0.5207492, 0.02692013),
            (0.5207492, 0.03826704),
            (0.3062901, 0.05769373),
            (0.2876075, 0.03826704),
            (0.5084044, 0.03826704),
            (0.5084044, 0.03826704),
            (0.5084044, 0.02692013),
            (0.5207492, 0.02692013),
            (0.2876075, 0.03826704),
            (0.5084044, 0.02692013),
            (0.5084044, 0.03826704),
            (0.2876075, 0.03826704),
            (0.2876075, 0.02692013),
            (0.5084044, 0.02692013),
            (0.682106, 0.1319773),
            (0.6685225, 0.00402063),
            (0.682106, 0.01814489),
            (0.682106, 0.1319773),
            (0.6685225, 0.1320308),
            (0.6685225, 0.00402063),
            (0.682106, 0.2440917),
            (0.6685225, 0.1320308),
            (0.682106, 0.1319773),
            (0.682106, 0.2440917),
            (0.6685224, 0.258109),
            (0.6685225, 0.1320308),
            (0.5025302, 0.102956),
            (0.3071278, 0.120476),
            (0.3241056, 0.102956),
            (0.5025302, 0.102956),
            (0.5077752, 0.120476),
            (0.3071278, 0.120476),
            (0.5125061, 0.102956),
            (0.5077752, 0.120476),
            (0.5025302, 0.102956),
            (0.5077752, 0.120476),
            (0.3071278, 0.1339338),
            (0.3071278, 0.120476),
            (0.5125061, 0.102956),
            (0.5189937, 0.120476),
            (0.5077752, 0.120476),
            (0.5077752, 0.120476),
            (0.5077752, 0.133934),
            (0.3071278, 0.1339338),
            (0.5189937, 0.120476),
            (0.5077752, 0.133934),
            (0.5077752, 0.120476),
            (0.5189937, 0.120476),
            (0.5189937, 0.133934),
            (0.5077752, 0.133934),
            (0.6305646, 0.1442529),
            (0.6249783, 0.00850964),
            (0.6305646, 0.02359575),
            (0.6305646, 0.1442529),
            (0.6249783, 0.1441953),
            (0.6249783, 0.00850964),
            (0.6305646, 0.2667644),
            (0.6249783, 0.1441953),
            (0.6305646, 0.1442529),
            (0.6305646, 0.2667644),
            (0.6249783, 0.2819654),
            (0.6249783, 0.1441953),
            (0.5908274, 0.1310202),
            (0.6023543, 0.2516828),
            (0.5886768, 0.2516811),
            (0.5908274, 0.1310202),
            (0.6023543, 0.1310218),
            (0.6023543, 0.2516828),
            (0.5886755, 0.00850964),
            (0.6023543, 0.1310218),
            (0.5908274, 0.1310202),
            (0.5886755, 0.00850964),
            (0.6023543, 0.00851125),
            (0.6023543, 0.1310218),
            (0.5438887, 0.1259371),
            (0.5540012, 0.3331121),
            (0.5438886, 0.3331121),
            (0.5438887, 0.1259371),
            (0.5540012, 0.1259371),
            (0.5540012, 0.3331121),
            (0.5438887, 0.1143538),
            (0.5540012, 0.1259371),
            (0.5438887, 0.1259371),
            (0.5438887, 0.1143538),
            (0.5540012, 0.1143538),
            (0.5540012, 0.1259371),
            (0.5077752, 0.1505608),
            (0.5189936, 0.1391282),
            (0.5189936, 0.1505608),
            (0.5077752, 0.1505608),
            (0.5077752, 0.1391282),
            (0.5189936, 0.1391282),
            (0.3071278, 0.1505608),
            (0.5077752, 0.1391282),
            (0.5077752, 0.1505608),
            (0.3071278, 0.1505608),
            (0.3071278, 0.1391282),
            (0.5077752, 0.1391282),
            (0.3088882, 0.1588917),
            (0.3096342, 0.1581492),
            (0.3124506, 0.3091207),
            (0.3088882, 0.1588917),
            (0.3124506, 0.3091207),
            (0.3114197, 0.3091207),
            (0.1586603, 0.1563618),
            (0.3088882, 0.1588917),
            (0.3114197, 0.3091207),
            (0.3114197, 0.3091207),
            (0.3124506, 0.3091207),
            (0.3096313, 0.4600948),
            (0.1586603, 0.1563618),
            (0.3096342, 0.1581492),
            (0.3088882, 0.1588917),
            (0.1586603, 0.1563618),
            (0.1586603, 0.1553309),
            (0.3096342, 0.1581492),
            (0.3114197, 0.3091207),
            (0.3096313, 0.4600948),
            (0.3088886, 0.459349),
            (0.0076902, 0.1581475),
            (0.1586603, 0.1553309),
            (0.1586603, 0.1563618),
            (0.1586608, 0.3096803),
            (0.3114197, 0.3091207),
            (0.3088886, 0.459349),
            (0.1586603, 0.1563618),
            (0.3114197, 0.3091207),
            (0.1586608, 0.3096803),
            (0.1586608, 0.3096803),
            (0.3088886, 0.459349),
            (0.1586604, 0.4618794),
            (0.3096313, 0.4600948),
            (0.1586604, 0.4618794),
            (0.3088886, 0.459349),
            (0.3096313, 0.4600948),
            (0.1586604, 0.4629098),
            (0.1586604, 0.4618794),
            (0.1586604, 0.4618794),
            (0.1586604, 0.4629098),
            (0.00768713, 0.4600907),
            (0.1586604, 0.4618794),
            (0.00768713, 0.4600907),
            (0.0084329, 0.4593482),
            (0.1586608, 0.3096803),
            (0.1586604, 0.4618794),
            (0.0084329, 0.4593482),
            (0.0084329, 0.4593482),
            (0.00768713, 0.4600907),
            (0.00487385, 0.3102405),
            (0.1586608, 0.3096803),
            (0.0084329, 0.4593482),
            (0.00590221, 0.3102399),
            (0.0084329, 0.4593482),
            (0.00487385, 0.3102405),
            (0.00590221, 0.3102399),
            (0.00590221, 0.3102399),
            (0.00487385, 0.3102405),
            (0.0076902, 0.1581475),
            (0.1586603, 0.1563618),
            (0.1586608, 0.3096803),
            (0.00590221, 0.3102399),
            (0.00590221, 0.3102399),
            (0.0076902, 0.1581475),
            (0.0084329, 0.1588933),
            (0.1586603, 0.1563618),
            (0.00590221, 0.3102399),
            (0.0084329, 0.1588933),
            (0.0076902, 0.1581475),
            (0.1586603, 0.1563618),
            (0.0084329, 0.1588933),
            (0.529497, 0.03858872),
            (0.529497, 0.02767144),
            (0.5364443, 0.02767144),
            (0.529497, 0.03858872),
            (0.5364443, 0.02767144),
            (0.5364443, 0.03858888),
            (0.5364443, 0.02767144),
            (0.5514789, 0.03858872),
            (0.5364443, 0.03858888),
            (0.5364443, 0.02767144),
            (0.5514789, 0.02767144),
            (0.5514789, 0.03858872),
            (0.5362898, 0.04731372),
            (0.529497, 0.03858872),
            (0.5364443, 0.03858888),
            (0.5362898, 0.04731372),
            (0.5293426, 0.04731372),
            (0.529497, 0.03858872),
            (0.5361888, 0.05302174),
            (0.5293426, 0.04731372),
            (0.5362898, 0.04731372),
            (0.5361888, 0.05302174),
            (0.5292417, 0.05302174),
            (0.5293426, 0.04731372),
            (0.535775, 0.07640979),
            (0.5292417, 0.05302174),
            (0.5361888, 0.05302174),
            (0.535775, 0.07640979),
            (0.5288277, 0.07640979),
            (0.5292417, 0.05302174),
            (0.5347781, 0.132753),
            (0.5288277, 0.07640979),
            (0.535775, 0.07640979),
            (0.5347781, 0.132753),
            (0.5278308, 0.132753),
            (0.5288277, 0.07640979),
            (0.5337812, 0.1890963),
            (0.5278308, 0.132753),
            (0.5347781, 0.132753),
            (0.5337812, 0.1890963),
            (0.5268339, 0.1890963),
            (0.5278308, 0.132753),
            (0.5347905, 0.2461469),
            (0.5268339, 0.1890963),
            (0.5337812, 0.1890963),
            (0.5347905, 0.2461469),
            (0.5278434, 0.2461469),
            (0.5268339, 0.1890963),
            (0.5358, 0.3031976),
            (0.5278434, 0.2461469),
            (0.5347905, 0.2461469),
            (0.5358, 0.3031976),
            (0.5288527, 0.3031976),
            (0.5278434, 0.2461469),
            (0.5362453, 0.3283785),
            (0.5288527, 0.3031976),
            (0.5358, 0.3031976),
            (0.5362453, 0.3283785),
            (0.5292981, 0.3283785),
            (0.5288527, 0.3031976),
            (0.5362907, 0.3309402),
            (0.5292981, 0.3283785),
            (0.5362453, 0.3283785),
            (0.5362907, 0.3309402),
            (0.5293434, 0.3309402),
            (0.5292981, 0.3283785),
            (0.5364442, 0.3396046),
            (0.5293434, 0.3309402),
            (0.5362907, 0.3309402),
            (0.5364442, 0.3396046),
            (0.5294968, 0.3396046),
            (0.5293434, 0.3309402),
            (0.5364442, 0.3396046),
            (0.5294968, 0.3505221),
            (0.5294968, 0.3396046),
            (0.5364442, 0.3396046),
            (0.5364442, 0.3505221),
            (0.5294968, 0.3505221),
            (0.5364442, 0.3396046),
            (0.5514789, 0.3505221),
            (0.5364442, 0.3505221),
            (0.5364442, 0.3396046),
            (0.5514789, 0.3396046),
            (0.5514789, 0.3505221),
            (0.7309294, 0.4496793),
            (0.7362509, 0.4496793),
            (0.7362509, 0.4624115),
            (0.7309294, 0.4496793),
            (0.7362509, 0.4624115),
            (0.7309294, 0.4624115),
            (0.7309294, 0.4624115),
            (0.719413, 0.4496793),
            (0.7309294, 0.4496793),
            (0.7309294, 0.4624115),
            (0.7362509, 0.4624115),
            (0.7362509, 0.6067861),
            (0.7309294, 0.4624115),
            (0.719413, 0.4624115),
            (0.719413, 0.4496793),
            (0.7309294, 0.4624115),
            (0.7362509, 0.6067861),
            (0.7309297, 0.6067861),
            (0.7309297, 0.6067861),
            (0.719413, 0.4624115),
            (0.7309294, 0.4624115),
            (0.7309297, 0.6067861),
            (0.7194133, 0.6067861),
            (0.719413, 0.4624115),
            (0.7051489, 0.6067862),
            (0.6998274, 0.6067862),
            (0.6998277, 0.4624113),
            (0.7051489, 0.6067862),
            (0.6998277, 0.4624113),
            (0.7051489, 0.4624113),
            (0.7051489, 0.4624113),
            (0.7166653, 0.6067862),
            (0.7051489, 0.6067862),
            (0.7051489, 0.4624113),
            (0.6998277, 0.4624113),
            (0.6998277, 0.4496794),
            (0.7051489, 0.4624113),
            (0.7166653, 0.4624114),
            (0.7166653, 0.6067862),
            (0.7051489, 0.4624113),
            (0.6998277, 0.4496794),
            (0.7051491, 0.4496794),
            (0.7051491, 0.4496794),
            (0.7166653, 0.4624114),
            (0.7051489, 0.4624113),
            (0.7051491, 0.4496794),
            (0.7166651, 0.4496793),
            (0.7166653, 0.4624114),
            (0.4945529, 0.8353937),
            (0.5072171, 0.8353937),
            (0.5072171, 0.8434524),
            (0.4945529, 0.8353937),
            (0.5072171, 0.8434524),
            (0.4945529, 0.8434521),
            (0.5072171, 0.8434524),
            (0.4945529, 0.8608925),
            (0.4945529, 0.8434521),
            (0.5072171, 0.8434524),
            (0.5072171, 0.8608924),
            (0.4945529, 0.8608925),
            (0.4845025, 0.8432747),
            (0.4945529, 0.8353937),
            (0.4945529, 0.8434521),
            (0.4845025, 0.8432747),
            (0.4845025, 0.8352158),
            (0.4945529, 0.8353937),
            (0.4815308, 0.843222),
            (0.4845025, 0.8352158),
            (0.4845025, 0.8432747),
            (0.4815308, 0.843222),
            (0.4815308, 0.8351632),
            (0.4845025, 0.8352158),
            (0.7381075, 0.3949513),
            (0.7366346, 0.3861893),
            (0.7423825, 0.4028555),
            (0.7490408, 0.4091285),
            (0.7423825, 0.4028555),
            (0.7366346, 0.3861893),
            (0.7574308, 0.413156),
            (0.7490408, 0.4091285),
            (0.7366346, 0.3861893),
            (0.7667313, 0.4145437),
            (0.7574308, 0.413156),
            (0.7366346, 0.3861893),
            (0.7366346, 0.3861893),
            (0.9109312, 0.3861892),
            (0.7667313, 0.4145437),
            (0.9109312, 0.3861892),
            (0.9109312, 0.4145437),
            (0.7667313, 0.4145437),
            (0.9263023, 0.3861892),
            (0.9109312, 0.4145437),
            (0.9109312, 0.3861892),
            (0.9263023, 0.3861892),
            (0.9263023, 0.4147086),
            (0.9109312, 0.4145437),
            (0.9424547, 0.5570008),
            (0.9427362, 0.4006108),
            (0.951488, 0.4006267),
            (0.9424547, 0.5570008),
            (0.951488, 0.4006267),
            (0.9512063, 0.5570164),
            (0.9512063, 0.5570164),
            (0.9424096, 0.5671989),
            (0.9424547, 0.5570008),
            (0.9512063, 0.5570164),
            (0.9511611, 0.5672146),
            (0.9424096, 0.5671989),
            (0.9511611, 0.5672146),
            (0.942314, 0.5772917),
            (0.9424096, 0.5671989),
            (0.9511611, 0.5672146),
            (0.9510658, 0.5773075),
            (0.942314, 0.5772917),
            (0.9510658, 0.5773075),
            (0.9421759, 0.5872118),
            (0.942314, 0.5772917),
            (0.9510658, 0.5773075),
            (0.9509276, 0.5872277),
            (0.9421759, 0.5872118),
            (0.9509276, 0.5872277),
            (0.9420066, 0.5969563),
            (0.9421759, 0.5872118),
            (0.9509276, 0.5872277),
            (0.9507584, 0.596972),
            (0.9420066, 0.5969563),
            (0.9507584, 0.596972),
            (0.9418212, 0.6065904),
            (0.9420066, 0.5969563),
            (0.9507584, 0.596972),
            (0.9505727, 0.6066064),
            (0.9418212, 0.6065904),
            (0.9267185, 0.5616335),
            (0.9294606, 0.4066914),
            (0.9380712, 0.4068437),
            (0.9267185, 0.5616335),
            (0.9380712, 0.4068437),
            (0.935329, 0.5617859),
            (0.935329, 0.5617859),
            (0.9265662, 0.5717378),
            (0.9267185, 0.5616335),
            (0.935329, 0.5617859),
            (0.9351764, 0.5718903),
            (0.9265662, 0.5717378),
            (0.9351764, 0.5718903),
            (0.9264655, 0.5817388),
            (0.9265662, 0.5717378),
            (0.9351764, 0.5718903),
            (0.9350759, 0.5818912),
            (0.9264655, 0.5817388),
            (0.9350759, 0.5818912),
            (0.9264109, 0.5915695),
            (0.9264655, 0.5817388),
            (0.9350759, 0.5818912),
            (0.9350212, 0.5917218),
            (0.9264109, 0.5915695),
            (0.9350212, 0.5917218),
            (0.9263904, 0.6012267),
            (0.9264109, 0.5915695),
            (0.9350212, 0.5917218),
            (0.9350005, 0.601379),
            (0.9263904, 0.6012267),
            (0.9350005, 0.601379),
            (0.9263878, 0.610775),
            (0.9263904, 0.6012267),
            (0.9350005, 0.601379),
            (0.9349982, 0.6109273),
            (0.9263878, 0.610775),
            (0.5987497, 0.5381505),
            (0.5640409, 0.5381466),
            (0.5651698, 0.474737),
            (0.5982605, 0.4745762),
            (0.5987497, 0.5381505),
            (0.5651698, 0.474737),
            (0.6175734, 0.512325),
            (0.5987497, 0.5381505),
            (0.5982605, 0.4745762),
            (0.6237949, 0.5012016),
            (0.6175734, 0.512325),
            (0.5982605, 0.4745762),
            (0.6277059, 0.4882482),
            (0.6237949, 0.5012016),
            (0.5982605, 0.4745762),
            (0.6290403, 0.4743472),
            (0.6277059, 0.4882482),
            (0.5982605, 0.4745762),
            (0.6277071, 0.4604462),
            (0.6290403, 0.4743472),
            (0.5982605, 0.4745762),
            (0.6237971, 0.4474924),
            (0.6277071, 0.4604462),
            (0.5982605, 0.4745762),
            (0.6175764, 0.4363686),
            (0.6237971, 0.4474924),
            (0.5982605, 0.4745762),
            (0.5982605, 0.4745762),
            (0.5651698, 0.474737),
            (0.5662988, 0.4113272),
            (0.6175764, 0.4363686),
            (0.5982605, 0.4745762),
            (0.5662988, 0.4113272),
            (0.5987497, 0.4105349),
            (0.6175764, 0.4363686),
            (0.5662988, 0.4113272),
            (0.5987497, 0.4105349),
            (0.5662988, 0.4113272),
            (0.5836943, 0.3470314),
            (0.5662988, 0.4113272),
            (0.5652003, 0.3488575),
            (0.5836943, 0.3470314),
            (0.5836943, 0.3470314),
            (0.5652003, 0.3488575),
            (0.5651698, 0.3471214),
            (0.5836943, 0.3470314),
            (0.5651698, 0.3471214),
            (0.5640409, 0.2829156),
            (0.5640409, 0.2829156),
            (0.5987497, 0.2829194),
            (0.5836943, 0.3470314),
            (0.5987497, 0.4105349),
            (0.5836943, 0.3470314),
            (0.6175734, 0.3847095),
            (0.5836943, 0.3470314),
            (0.5982605, 0.3469607),
            (0.6175734, 0.3847095),
            (0.5987497, 0.2829194),
            (0.6175764, 0.308753),
            (0.5836943, 0.3470314),
            (0.6175764, 0.308753),
            (0.5982605, 0.3469607),
            (0.5836943, 0.3470314),
            (0.6237949, 0.373586),
            (0.6175734, 0.3847095),
            (0.5982605, 0.3469607),
            (0.6175764, 0.308753),
            (0.6237969, 0.3198769),
            (0.5982605, 0.3469607),
            (0.6277059, 0.3606326),
            (0.6237949, 0.373586),
            (0.5982605, 0.3469607),
            (0.6237969, 0.3198769),
            (0.627707, 0.3328307),
            (0.5982605, 0.3469607),
            (0.6290403, 0.3467317),
            (0.6277059, 0.3606326),
            (0.5982605, 0.3469607),
            (0.627707, 0.3328307),
            (0.6290403, 0.3467317),
            (0.5982605, 0.3469607),
            (0.3260087, 0.9078897),
            (0.3260087, 0.9045354),
            (0.3300568, 0.9045354),
            (0.3300568, 0.9045354),
            (0.3300568, 0.9334391),
            (0.3260087, 0.9078897),
            (0.3260087, 0.9078897),
            (0.3300568, 0.9334391),
            (0.3260086, 0.9304659),
            (0.3300568, 0.9334391),
            (0.3260086, 0.9334391),
            (0.3260086, 0.9304659),
            (0.3993217, 0.995608),
            (0.399322, 0.997055),
            (0.3868859, 0.9970571),
            (0.3993217, 0.995608),
            (0.3868859, 0.9970571),
            (0.3868855, 0.9956101),
            (0.3868855, 0.9904284),
            (0.3993217, 0.995608),
            (0.3868855, 0.9956101),
            (0.3868855, 0.9904284),
            (0.3993216, 0.9904254),
            (0.3993217, 0.995608),
            (0.3868855, 0.9880746),
            (0.3993216, 0.9904254),
            (0.3868855, 0.9904284),
            (0.3868855, 0.9880746),
            (0.3993216, 0.9880717),
            (0.3993216, 0.9904254),
            (0.3868864, 0.9677146),
            (0.3993216, 0.9880717),
            (0.3868855, 0.9880746),
            (0.3868864, 0.9677146),
            (0.399322, 0.9677148),
            (0.3993216, 0.9880717),
            (0.3868864, 0.9677146),
            (0.399322, 0.9659731),
            (0.399322, 0.9677148),
            (0.3868864, 0.9677146),
            (0.3868864, 0.965973),
            (0.399322, 0.9659731),
            (0.3537481, 0.9515331),
            (0.353748, 0.9535367),
            (0.3499243, 0.9535367),
            (0.353748, 0.9341012),
            (0.3537481, 0.9515331),
            (0.3499243, 0.9535367),
            (0.3499243, 0.9535367),
            (0.3499243, 0.929208),
            (0.353748, 0.9341012),
            (0.3499243, 0.929208),
            (0.3537481, 0.929208),
            (0.353748, 0.9341012),
            (0.5044392, 0.2017361),
            (0.5044433, 0.1991398),
            (0.5099239, 0.1991485),
            (0.5044392, 0.2017361),
            (0.5099239, 0.1991485),
            (0.5099199, 0.2017447),
            (0.5099207, 0.2069832),
            (0.5044392, 0.2017361),
            (0.5099199, 0.2017447),
            (0.5099207, 0.2069832),
            (0.5044403, 0.2069745),
            (0.5044392, 0.2017361),
            (0.5099143, 0.2122276),
            (0.5044403, 0.2069745),
            (0.5099207, 0.2069832),
            (0.5099143, 0.2122276),
            (0.5044336, 0.2122189),
            (0.5044403, 0.2069745),
            (0.5099239, 0.2309375),
            (0.5044336, 0.2122189),
            (0.5099143, 0.2122276),
            (0.5099239, 0.2309375),
            (0.5044435, 0.2309288),
            (0.5044336, 0.2122189),
            (0.5099239, 0.2309375),
            (0.5044401, 0.2330595),
            (0.5044435, 0.2309288),
            (0.5099239, 0.2309375),
            (0.5099205, 0.2330681),
            (0.5044401, 0.2330595),
            (0.4978371, 0.4131144),
            (0.4978375, 0.4105181),
            (0.5113944, 0.41052),
            (0.4978371, 0.4131144),
            (0.5113944, 0.41052),
            (0.5113937, 0.4131162),
            (0.4978371, 0.4131144),
            (0.5113937, 0.4131162),
            (0.511394, 0.4183546),
            (0.4978371, 0.4131144),
            (0.511394, 0.4183546),
            (0.4978371, 0.4183517),
            (0.4978371, 0.4183517),
            (0.511394, 0.4183546),
            (0.5113937, 0.423599),
            (0.4978371, 0.4183517),
            (0.5113937, 0.423599),
            (0.4978374, 0.4235966),
            (0.4978374, 0.4235966),
            (0.5113937, 0.423599),
            (0.5113944, 0.442309),
            (0.4978374, 0.4235966),
            (0.5113944, 0.442309),
            (0.4978382, 0.4423093),
            (0.5113944, 0.442309),
            (0.4978382, 0.4444399),
            (0.4978382, 0.4423093),
            (0.5113944, 0.442309),
            (0.5113944, 0.4444395),
            (0.4978382, 0.4444399),
            (0.3389276, 0.2627952),
            (0.3389343, 0.260199),
            (0.3444144, 0.2602124),
            (0.3389276, 0.2627952),
            (0.3444144, 0.2602124),
            (0.3444082, 0.2628087),
            (0.3389276, 0.2627952),
            (0.3444082, 0.2628087),
            (0.3443833, 0.268046),
            (0.3389276, 0.2627952),
            (0.3443833, 0.268046),
            (0.3389027, 0.2680324),
            (0.3389027, 0.2680324),
            (0.3443833, 0.268046),
            (0.344383, 0.2732908),
            (0.3389027, 0.2680324),
            (0.344383, 0.2732908),
            (0.3389023, 0.2732775),
            (0.3389023, 0.2732775),
            (0.344383, 0.2732908),
            (0.3444144, 0.2920034),
            (0.3389023, 0.2732775),
            (0.3444144, 0.2920034),
            (0.3389343, 0.2919901),
            (0.3444144, 0.2920034),
            (0.3389289, 0.2941206),
            (0.3389343, 0.2919901),
            (0.3444144, 0.2920034),
            (0.3444096, 0.2941341),
            (0.3389289, 0.2941206),
            (0.3669176, 0.9003837),
            (0.3669221, 0.9020441),
            (0.3606337, 0.9020609),
            (0.3669176, 0.9003837),
            (0.3606337, 0.9020609),
            (0.3606291, 0.9004006),
            (0.3605997, 0.894455),
            (0.3669176, 0.9003837),
            (0.3606291, 0.9004006),
            (0.3605997, 0.894455),
            (0.3668882, 0.8944382),
            (0.3669176, 0.9003837),
            (0.3605946, 0.8917542),
            (0.3668882, 0.8944382),
            (0.3605997, 0.894455),
            (0.3605946, 0.8917542),
            (0.3668832, 0.8917372),
            (0.3668882, 0.8944382),
            (0.3606337, 0.8683923),
            (0.3668832, 0.8917372),
            (0.3605946, 0.8917542),
            (0.3606337, 0.8683923),
            (0.3669221, 0.8683754),
            (0.3668832, 0.8917372),
            (0.3606337, 0.8683923),
            (0.3669167, 0.8663769),
            (0.3669221, 0.8683754),
            (0.3606337, 0.8683923),
            (0.3606282, 0.8663939),
            (0.3669167, 0.8663769),
            (0.366934, 0.8166925),
            (0.3669367, 0.8181394),
            (0.3614561, 0.8181493),
            (0.366934, 0.8166925),
            (0.3614561, 0.8181493),
            (0.3614535, 0.8167022),
            (0.366934, 0.8166925),
            (0.3614535, 0.8167022),
            (0.3614546, 0.8115194),
            (0.366934, 0.8166925),
            (0.3614546, 0.8115194),
            (0.3669352, 0.8115097),
            (0.3669352, 0.8115097),
            (0.3614546, 0.8115194),
            (0.3614474, 0.8091658),
            (0.3669352, 0.8115097),
            (0.3614474, 0.8091658),
            (0.3669281, 0.809156),
            (0.3669281, 0.809156),
            (0.3614474, 0.8091658),
            (0.3614561, 0.788809),
            (0.3669281, 0.809156),
            (0.3614561, 0.788809),
            (0.3669367, 0.7887991),
            (0.3614561, 0.788809),
            (0.3669334, 0.7870576),
            (0.3669367, 0.7887991),
            (0.3614561, 0.788809),
            (0.361453, 0.7870673),
            (0.3669334, 0.7870576),
            (0.6346065, 0.01690044),
            (0.6346065, 0.0061719),
            (0.6432938, 0.0061719),
            (0.6346065, 0.01690044),
            (0.6432938, 0.0061719),
            (0.6485285, 0.01690046),
            (0.6485285, 0.1566805),
            (0.6346065, 0.01690044),
            (0.6485285, 0.01690046),
            (0.6485285, 0.1566805),
            (0.6346064, 0.1566805),
            (0.6346065, 0.01690044),
            (0.6485285, 0.2986021),
            (0.6346064, 0.1566805),
            (0.6485285, 0.1566805),
            (0.6485285, 0.2986021),
            (0.6346065, 0.2986021),
            (0.6346064, 0.1566805),
            (0.6485285, 0.2986021),
            (0.6346065, 0.3069305),
            (0.6346065, 0.2986021),
            (0.6485285, 0.2986021),
            (0.6447474, 0.3069305),
            (0.6346065, 0.3069305),
            (0.7161419, 0.3813835),
            (0.7060548, 0.3813835),
            (0.7060549, 0.2140456),
            (0.7161419, 0.3813835),
            (0.7060549, 0.2140456),
            (0.7161421, 0.2140457),
            (0.7161421, 0.2140457),
            (0.7060549, 0.2140456),
            (0.7060549, 0.2046896),
            (0.7161421, 0.2140457),
            (0.7060549, 0.2046896),
            (0.7161421, 0.2046896),
            (0.7161421, 0.2140457),
            (0.7161421, 0.2046896),
            (0.8475648, 0.2046897),
            (0.7161421, 0.2140457),
            (0.8475644, 0.3813837),
            (0.7161419, 0.3813835),
            (0.7161421, 0.2140457),
            (0.8475648, 0.2046897),
            (0.8475648, 0.2140457),
            (0.7161421, 0.2140457),
            (0.8475648, 0.2140457),
            (0.8475644, 0.3813837),
            (0.8475648, 0.2140457),
            (0.8475648, 0.2046897),
            (0.9810007, 0.2046894),
            (0.8475644, 0.3813837),
            (0.8475648, 0.2140457),
            (0.9810007, 0.2140456),
            (0.8475648, 0.2140457),
            (0.9810007, 0.2046894),
            (0.9810007, 0.2140456),
            (0.8475644, 0.3813837),
            (0.9810007, 0.2140456),
            (0.981001, 0.381384),
            (0.9810007, 0.2140456),
            (0.9888314, 0.381384),
            (0.981001, 0.381384),
            (0.9810007, 0.2140456),
            (0.9888313, 0.2140456),
            (0.9888314, 0.381384),
            (0.9810007, 0.2046894),
            (0.9888313, 0.2140456),
            (0.9810007, 0.2140456),
            (0.9810007, 0.2046894),
            (0.9888314, 0.2046894),
            (0.9888313, 0.2140456),
            (0.6651419, 0.2964646),
            (0.6599049, 0.3071977),
            (0.6512139, 0.3071977),
            (0.6651419, 0.2964646),
            (0.6512139, 0.3071977),
            (0.6512139, 0.2964646),
            (0.6651419, 0.2964646),
            (0.6512139, 0.2964646),
            (0.6512139, 0.1566255),
            (0.6651419, 0.2964646),
            (0.6512139, 0.1566255),
            (0.6651418, 0.1566255),
            (0.6651418, 0.1566255),
            (0.6512139, 0.1566255),
            (0.6512138, 0.01464345),
            (0.6651418, 0.1566255),
            (0.6512138, 0.01464345),
            (0.6651419, 0.01464345),
            (0.6512138, 0.01464345),
            (0.6613591, 0.00631151),
            (0.6651419, 0.01464345),
            (0.6512138, 0.01464345),
            (0.6512138, 0.00631151),
            (0.6613591, 0.00631151),
            (0.4514471, 0.9650631),
            (0.4381588, 0.9560459),
            (0.4504903, 0.9394888),
            (0.4504903, 0.9394888),
            (0.4381588, 0.9560459),
            (0.4265222, 0.9457821),
            (0.4514471, 0.9650631),
            (0.4504903, 0.9394888),
            (0.4610007, 0.9457683),
            (0.4504903, 0.9394888),
            (0.4265222, 0.9457821),
            (0.4414814, 0.9314092),
            (0.4723099, 0.9501896),
            (0.4514471, 0.9650631),
            (0.4610007, 0.9457683),
            (0.4414814, 0.9314092),
            (0.4265222, 0.9457821),
            (0.4166916, 0.9335904),
            (0.4723099, 0.9501896),
            (0.4666516, 0.970753),
            (0.4514471, 0.9650631),
            (0.4414814, 0.9314092),
            (0.4166916, 0.9335904),
            (0.4339877, 0.9218633),
            (0.4842419, 0.9525138),
            (0.4666516, 0.970753),
            (0.4723099, 0.9501896),
            (0.4339877, 0.9218633),
            (0.4166916, 0.9335904),
            (0.4090421, 0.9198005),
            (0.4842419, 0.9525138),
            (0.4824098, 0.973579),
            (0.4666516, 0.970753),
            (0.4339877, 0.9218633),
            (0.4090421, 0.9198005),
            (0.428194, 0.911114),
            (0.4963347, 0.952682),
            (0.4824098, 0.973579),
            (0.4842419, 0.9525138),
            (0.428194, 0.911114),
            (0.4090421, 0.9198005),
            (0.4038407, 0.9048407),
            (0.4963347, 0.952682),
            (0.4982667, 0.9735582),
            (0.4824098, 0.973579),
            (0.428194, 0.911114),
            (0.4038407, 0.9048407),
            (0.4242917, 0.8994664),
            (0.5082015, 0.9507132),
            (0.4982667, 0.9735582),
            (0.4963347, 0.952682),
            (0.4242917, 0.8994664),
            (0.4038407, 0.9048407),
            (0.4012198, 0.8891817),
            (0.5082015, 0.9507132),
            (0.5137488, 0.9707809),
            (0.4982667, 0.9735582),
            (0.4242917, 0.8994664),
            (0.4012198, 0.8891817),
            (0.4222823, 0.8872922),
            (0.5195066, 0.9466817),
            (0.5137488, 0.9707809),
            (0.5082015, 0.9507132),
            (0.4222823, 0.8872922),
            (0.4012198, 0.8891817),
            (0.4012837, 0.8732843),
            (0.5195066, 0.9466817),
            (0.5284027, 0.9653583),
            (0.5137488, 0.9707809),
            (0.4222823, 0.8872922),
            (0.4012837, 0.8732843),
            (0.422362, 0.874963),
            (0.5299109, 0.9407246),
            (0.5284027, 0.9653583),
            (0.5195066, 0.9466817),
            (0.422362, 0.874963),
            (0.4012837, 0.8732843),
            (0.4040437, 0.8576304),
            (0.5299109, 0.9407246),
            (0.5417901, 0.957517),
            (0.5284027, 0.9653583),
            (0.422362, 0.874963),
            (0.4040437, 0.8576304),
            (0.4245338, 0.8628287),
            (0.4245338, 0.8628287),
            (0.4040437, 0.8576304),
            (0.4094025, 0.8426892),
            (0.4245338, 0.8628287),
            (0.4094025, 0.8426892),
            (0.4286632, 0.8512619),
            (0.4286632, 0.8512619),
            (0.4094025, 0.8426892),
            (0.4172229, 0.8288843),
            (0.4286632, 0.8512619),
            (0.4172229, 0.8288843),
            (0.4347047, 0.8406337),
            (0.4347047, 0.8406337),
            (0.4172229, 0.8288843),
            (0.4273136, 0.8166229),
            (0.4347047, 0.8406337),
            (0.4273136, 0.8166229),
            (0.4424724, 0.8312631),
            (0.4424724, 0.8312631),
            (0.4273136, 0.8166229),
            (0.4394276, 0.8062718),
            (0.4424724, 0.8312631),
            (0.4394276, 0.8062718),
            (0.4517752, 0.8234308),
            (0.4517752, 0.8234308),
            (0.4394276, 0.8062718),
            (0.4532686, 0.7981746),
            (0.4517752, 0.8234308),
            (0.4532686, 0.7981746),
            (0.4623313, 0.8173844),
            (0.4623313, 0.8173844),
            (0.4532686, 0.7981746),
            (0.4685022, 0.792666),
            (0.4623313, 0.8173844),
            (0.4685022, 0.792666),
            (0.4737825, 0.8133273),
            (0.4737825, 0.8133273),
            (0.4685022, 0.792666),
            (0.4842703, 0.7908868),
            (0.4737825, 0.8133273),
            (0.4842703, 0.7908868),
            (0.4856748, 0.8113542),
            (0.4856748, 0.8113542),
            (0.4842703, 0.7908868),
            (0.4996777, 0.7910559),
            (0.4856748, 0.8113542),
            (0.4996777, 0.7910559),
            (0.497748, 0.8115396),
            (0.497748, 0.8115396),
            (0.4996777, 0.7910559),
            (0.5150046, 0.7938141),
            (0.497748, 0.8115396),
            (0.5150046, 0.7938141),
            (0.5095676, 0.8138244),
            (0.5095676, 0.8138244),
            (0.5150046, 0.7938141),
            (0.5297749, 0.7992502),
            (0.5095676, 0.8138244),
            (0.5297749, 0.7992502),
            (0.5208377, 0.8182209),
            (0.5208377, 0.8182209),
            (0.5297749, 0.7992502),
            (0.5435197, 0.807241),
            (0.5208377, 0.8182209),
            (0.5435197, 0.807241),
            (0.5312571, 0.8245617),
            (0.5312571, 0.8245617),
            (0.5435197, 0.807241),
            (0.5557952, 0.8176233),
            (0.5312571, 0.8245617),
            (0.5557952, 0.8176233),
            (0.5404748, 0.8326831),
            (0.5404748, 0.8326831),
            (0.5557952, 0.8176233),
            (0.5662083, 0.8301938),
            (0.5404748, 0.8326831),
            (0.5662083, 0.8301938),
            (0.5481112, 0.8423632),
            (0.5662083, 0.8301938),
            (0.5543445, 0.8530906),
            (0.5481112, 0.8423632),
            (0.5662083, 0.8301938),
            (0.5734527, 0.8446457),
            (0.5543445, 0.8530906),
            (0.5543445, 0.8530906),
            (0.5734527, 0.8446457),
            (0.5786908, 0.8595088),
            (0.5543445, 0.8530906),
            (0.5786908, 0.8595088),
            (0.5581803, 0.8647863),
            (0.5581803, 0.8647863),
            (0.5786908, 0.8595088),
            (0.581435, 0.8752795),
            (0.5581803, 0.8647863),
            (0.581435, 0.8752795),
            (0.5600567, 0.8770297),
            (0.5600567, 0.8770297),
            (0.581435, 0.8752795),
            (0.581435, 0.8915716),
            (0.5600567, 0.8770297),
            (0.581435, 0.8915716),
            (0.5597516, 0.8894475),
            (0.5597516, 0.8894475),
            (0.581435, 0.8915716),
            (0.5778489, 0.9072934),
            (0.5597516, 0.8894475),
            (0.5778489, 0.9072934),
            (0.5577879, 0.9015996),
            (0.5577879, 0.9015996),
            (0.5778489, 0.9072934),
            (0.5724019, 0.9221196),
            (0.5577879, 0.9015996),
            (0.5724019, 0.9221196),
            (0.5533065, 0.9130756),
            (0.5533065, 0.9130756),
            (0.5724019, 0.9221196),
            (0.5643633, 0.9360204),
            (0.5533065, 0.9130756),
            (0.5643633, 0.9360204),
            (0.5469182, 0.9236235),
            (0.5392776, 0.933018),
            (0.5469182, 0.9236235),
            (0.5643633, 0.9360204),
            (0.5392776, 0.933018),
            (0.5643633, 0.9360204),
            (0.5535959, 0.9476274),
            (0.5392776, 0.933018),
            (0.5535959, 0.9476274),
            (0.5417901, 0.957517),
            (0.5392776, 0.933018),
            (0.5417901, 0.957517),
            (0.5299109, 0.9407246),
            (0.4484976, 0.8495932),
            (0.4494507, 0.8520784),
            (0.4443017, 0.8551785),
            (0.4443017, 0.8551785),
            (0.4494507, 0.8520784),
            (0.4512059, 0.8540787),
            (0.4443017, 0.8551785),
            (0.4512059, 0.8540787),
            (0.4474409, 0.858827),
            (0.4474409, 0.858827),
            (0.4512059, 0.8540787),
            (0.4535532, 0.8553311),
            (0.4474409, 0.858827),
            (0.4535532, 0.8553311),
            (0.4517093, 0.8610515),
            (0.4517093, 0.8610515),
            (0.4535532, 0.8553311),
            (0.4561908, 0.8556929),
            (0.4517093, 0.8610515),
            (0.4561908, 0.8556929),
            (0.4564322, 0.8616412),
            (0.4564322, 0.8616412),
            (0.4561908, 0.8556929),
            (0.4587967, 0.8551311),
            (0.4564322, 0.8616412),
            (0.4587967, 0.8551311),
            (0.4610292, 0.8606061),
            (0.4610292, 0.8606061),
            (0.4587967, 0.8551311),
            (0.4610613, 0.8537198),
            (0.4610292, 0.8606061),
            (0.4610613, 0.8537198),
            (0.4649918, 0.8581108),
            (0.4649918, 0.8581108),
            (0.4610613, 0.8537198),
            (0.4627215, 0.851627),
            (0.4649918, 0.8581108),
            (0.4627215, 0.851627),
            (0.4678954, 0.85445),
            (0.4678954, 0.85445),
            (0.4627215, 0.851627),
            (0.4635788, 0.8490986),
            (0.4678954, 0.85445),
            (0.4635788, 0.8490986),
            (0.4694205, 0.8500238),
            (0.4694205, 0.8500238),
            (0.4635788, 0.8490986),
            (0.4635345, 0.8464341),
            (0.4694205, 0.8500238),
            (0.4635345, 0.8464341),
            (0.4693809, 0.8453115),
            (0.4693809, 0.8453115),
            (0.4635345, 0.8464341),
            (0.462579, 0.8439485),
            (0.4693809, 0.8453115),
            (0.462579, 0.8439485),
            (0.4677292, 0.840846),
            (0.4677292, 0.840846),
            (0.462579, 0.8439485),
            (0.460823, 0.8419482),
            (0.4677292, 0.840846),
            (0.460823, 0.8419482),
            (0.4645857, 0.8371987),
            (0.4645857, 0.8371987),
            (0.460823, 0.8419482),
            (0.4584757, 0.8406956),
            (0.4645857, 0.8371987),
            (0.4584757, 0.8406956),
            (0.4603188, 0.8349758),
            (0.4603188, 0.8349758),
            (0.4584757, 0.8406956),
            (0.4558381, 0.8403337),
            (0.4603188, 0.8349758),
            (0.4558381, 0.8403337),
            (0.4555969, 0.8343862),
            (0.4555969, 0.8343862),
            (0.4558381, 0.8403337),
            (0.4532326, 0.8408948),
            (0.4555969, 0.8343862),
            (0.4532326, 0.8408948),
            (0.4510008, 0.8354214),
            (0.4510008, 0.8354214),
            (0.4532326, 0.8408948),
            (0.4509703, 0.842308),
            (0.4510008, 0.8354214),
            (0.4509703, 0.842308),
            (0.4470388, 0.8379171),
            (0.4470388, 0.8379171),
            (0.4509703, 0.842308),
            (0.4493091, 0.8444004),
            (0.4470388, 0.8379171),
            (0.4493091, 0.8444004),
            (0.4441355, 0.8415776),
            (0.4441355, 0.8415776),
            (0.4493091, 0.8444004),
            (0.448451, 0.8469279),
            (0.4441355, 0.8415776),
            (0.448451, 0.8469279),
            (0.4426109, 0.8460031),
            (0.4426109, 0.8460031),
            (0.448451, 0.8469279),
            (0.4484976, 0.8495932),
            (0.4426109, 0.8460031),
            (0.4484976, 0.8495932),
            (0.4426512, 0.8507147),
            (0.4484976, 0.8495932),
            (0.4443017, 0.8551785),
            (0.4426512, 0.8507147),
            (0.4603188, 0.8349758),
            (0.4675629, 0.8334504),
            (0.4645857, 0.8371987),
            (0.4603188, 0.8349758),
            (0.4616775, 0.8305558),
            (0.4675629, 0.8334504),
            (0.4555969, 0.8343862),
            (0.4616775, 0.8305558),
            (0.4603188, 0.8349758),
            (0.4645857, 0.8371987),
            (0.4675629, 0.8334504),
            (0.4717248, 0.8385189),
            (0.4555969, 0.8343862),
            (0.4553638, 0.8298644),
            (0.4616775, 0.8305558),
            (0.4645857, 0.8371987),
            (0.4717248, 0.8385189),
            (0.4677292, 0.840846),
            (0.4510008, 0.8354214),
            (0.4553638, 0.8298644),
            (0.4555969, 0.8343862),
            (0.4677292, 0.840846),
            (0.4717248, 0.8385189),
            (0.4738372, 0.844508),
            (0.4510008, 0.8354214),
            (0.4492876, 0.8312874),
            (0.4553638, 0.8298644),
            (0.4677292, 0.840846),
            (0.4738372, 0.844508),
            (0.4693809, 0.8453115),
            (0.4470388, 0.8379171),
            (0.4492876, 0.8312874),
            (0.4510008, 0.8354214),
            (0.4693809, 0.8453115),
            (0.4738372, 0.844508),
            (0.4738372, 0.85075),
            (0.4470388, 0.8379171),
            (0.4440666, 0.834603),
            (0.4492876, 0.8312874),
            (0.4693809, 0.8453115),
            (0.4738372, 0.85075),
            (0.4694205, 0.8500238),
            (0.4441355, 0.8415776),
            (0.4440666, 0.834603),
            (0.4470388, 0.8379171),
            (0.4694205, 0.8500238),
            (0.4738372, 0.85075),
            (0.4717979, 0.8565916),
            (0.4441355, 0.8415776),
            (0.4402335, 0.8394365),
            (0.4440666, 0.834603),
            (0.4694205, 0.8500238),
            (0.4717979, 0.8565916),
            (0.4678954, 0.85445),
            (0.4426109, 0.8460031),
            (0.4402335, 0.8394365),
            (0.4441355, 0.8415776),
            (0.4678954, 0.85445),
            (0.4717979, 0.8565916),
            (0.4679641, 0.8614252),
            (0.4426109, 0.8460031),
            (0.4381947, 0.8452772),
            (0.4402335, 0.8394365),
            (0.4678954, 0.85445),
            (0.4679641, 0.8614252),
            (0.4649918, 0.8581108),
            (0.4426512, 0.8507147),
            (0.4381947, 0.8452772),
            (0.4426109, 0.8460031),
            (0.4649918, 0.8581108),
            (0.4679641, 0.8614252),
            (0.4627422, 0.8647407),
            (0.4426512, 0.8507147),
            (0.4381948, 0.8515186),
            (0.4381947, 0.8452772),
            (0.4649918, 0.8581108),
            (0.4627422, 0.8647407),
            (0.4610292, 0.8606061),
            (0.4443017, 0.8551785),
            (0.4381948, 0.8515186),
            (0.4426512, 0.8507147),
            (0.4610292, 0.8606061),
            (0.4627422, 0.8647407),
            (0.4566652, 0.8661633),
            (0.4443017, 0.8551785),
            (0.4403073, 0.8575082),
            (0.4381948, 0.8515186),
            (0.4610292, 0.8606061),
            (0.4566652, 0.8661633),
            (0.4564322, 0.8616412),
            (0.4474409, 0.858827),
            (0.4403073, 0.8575082),
            (0.4443017, 0.8551785),
            (0.4564322, 0.8616412),
            (0.4566652, 0.8661633),
            (0.4503517, 0.8654723),
            (0.4474409, 0.858827),
            (0.4444662, 0.862579),
            (0.4403073, 0.8575082),
            (0.4564322, 0.8616412),
            (0.4503517, 0.8654723),
            (0.4517093, 0.8610515),
            (0.4517093, 0.8610515),
            (0.4444662, 0.862579),
            (0.4474409, 0.858827),
            (0.4517093, 0.8610515),
            (0.4503517, 0.8654723),
            (0.4444662, 0.862579),
            (0.5216265, 0.9401646),
            (0.5183343, 0.9441838),
            (0.510592, 0.9352547),
            (0.510592, 0.9352547),
            (0.5183343, 0.9441838),
            (0.5138934, 0.9468879),
            (0.5216265, 0.9401646),
            (0.510592, 0.9352547),
            (0.5112919, 0.934379),
            (0.510592, 0.9352547),
            (0.5138934, 0.9468879),
            (0.5096295, 0.9358237),
            (0.5116516, 0.9333225),
            (0.5216265, 0.9401646),
            (0.5112919, 0.934379),
            (0.5096295, 0.9358237),
            (0.5138934, 0.9468879),
            (0.508776, 0.9479457),
            (0.5116516, 0.9333225),
            (0.5233828, 0.9352559),
            (0.5216265, 0.9401646),
            (0.5096295, 0.9358237),
            (0.508776, 0.9479457),
            (0.5085381, 0.9360321),
            (0.5116305, 0.9322133),
            (0.5233828, 0.9352559),
            (0.5116516, 0.9333225),
            (0.5085381, 0.9360321),
            (0.508776, 0.9479457),
            (0.5035663, 0.9472076),
            (0.5116305, 0.9322133),
            (0.5233828, 0.9300137),
            (0.5233828, 0.9352559),
            (0.5085381, 0.9360321),
            (0.5035663, 0.9472076),
            (0.5074505, 0.9358579),
            (0.5112355, 0.9311864),
            (0.5233828, 0.9300137),
            (0.5116305, 0.9322133),
            (0.5074505, 0.9358579),
            (0.5035663, 0.9472076),
            (0.4988743, 0.9447215),
            (0.5112355, 0.9311864),
            (0.5215959, 0.925043),
            (0.5233828, 0.9300137),
            (0.5074505, 0.9358579),
            (0.4988743, 0.9447215),
            (0.5064998, 0.9353293),
            (0.5105211, 0.9303674),
            (0.5215959, 0.925043),
            (0.5112355, 0.9311864),
            (0.5064998, 0.9353293),
            (0.4988743, 0.9447215),
            (0.4954401, 0.9406575),
            (0.5105211, 0.9303674),
            (0.5181916, 0.9209353),
            (0.5215959, 0.925043),
            (0.5064998, 0.9353293),
            (0.4954401, 0.9406575),
            (0.5057856, 0.9344923),
            (0.5095729, 0.9298357),
            (0.5181916, 0.9209353),
            (0.5105211, 0.9303674),
            (0.5095729, 0.9298357),
            (0.5134773, 0.9184363),
            (0.5181916, 0.9209353),
            (0.5084871, 0.9296595),
            (0.5134773, 0.9184363),
            (0.5095729, 0.9298357),
            (0.5084871, 0.9296595),
            (0.5082436, 0.9176965),
            (0.5134773, 0.9184363),
            (0.507397, 0.9298664),
            (0.5082436, 0.9176965),
            (0.5084871, 0.9296595),
            (0.507397, 0.9298664),
            (0.5031052, 0.9187639),
            (0.5082436, 0.9176965),
            (0.5064372, 0.9304358),
            (0.5031052, 0.9187639),
            (0.507397, 0.9298664),
            (0.5064372, 0.9304358),
            (0.4986501, 0.9214865),
            (0.5031052, 0.9187639),
            (0.5057251, 0.9313004),
            (0.4986501, 0.9214865),
            (0.5064372, 0.9304358),
            (0.5057251, 0.9313004),
            (0.4953793, 0.9255369),
            (0.4986501, 0.9214865),
            (0.5057856, 0.9344923),
            (0.4954401, 0.9406575),
            (0.4936436, 0.9356908),
            (0.5057856, 0.9344923),
            (0.4936436, 0.9356908),
            (0.5053896, 0.9334671),
            (0.5053671, 0.9323584),
            (0.4953793, 0.9255369),
            (0.5057251, 0.9313004),
            (0.4936436, 0.9356908),
            (0.5053671, 0.9323584),
            (0.5053896, 0.9334671),
            (0.5053671, 0.9323584),
            (0.493633, 0.9304487),
            (0.4953793, 0.9255369),
            (0.4936436, 0.9356908),
            (0.493633, 0.9304487),
            (0.5053671, 0.9323584),
            (0.7976483, 0.8116673),
            (0.7989657, 0.8124279),
            (0.7390592, 0.9408964),
            (0.7390592, 0.9408964),
            (0.7989657, 0.8124279),
            (0.8003941, 0.8129479),
            (0.7976483, 0.8116673),
            (0.7390592, 0.9408964),
            (0.7163438, 0.9277817),
            (0.7390592, 0.9408964),
            (0.8003941, 0.8129479),
            (0.7637069, 0.9498675),
            (0.7964832, 0.8106896),
            (0.7976483, 0.8116673),
            (0.7163438, 0.9277817),
            (0.7637069, 0.9498675),
            (0.8003941, 0.8129479),
            (0.8018923, 0.813212),
            (0.7964832, 0.8106896),
            (0.7163438, 0.9277817),
            (0.696251, 0.9109218),
            (0.7637069, 0.9498675),
            (0.8018923, 0.813212),
            (0.7895378, 0.9544222),
            (0.7955057, 0.8095246),
            (0.7964832, 0.8106896),
            (0.696251, 0.9109218),
            (0.7895378, 0.9544222),
            (0.8018923, 0.813212),
            (0.8034129, 0.813212),
            (0.7955057, 0.8095246),
            (0.696251, 0.9109218),
            (0.679391, 0.8908289),
            (0.7895378, 0.9544222),
            (0.8034129, 0.813212),
            (0.8157673, 0.9544222),
            (0.7947453, 0.8082072),
            (0.7955057, 0.8095246),
            (0.679391, 0.8908289),
            (0.8157673, 0.9544222),
            (0.8034129, 0.813212),
            (0.8049111, 0.812948),
            (0.7947453, 0.8082072),
            (0.679391, 0.8908289),
            (0.6662763, 0.8681135),
            (0.8157673, 0.9544222),
            (0.8049111, 0.812948),
            (0.8415982, 0.9498675),
            (0.794225, 0.8067779),
            (0.7947453, 0.8082072),
            (0.6662763, 0.8681135),
            (0.8415982, 0.9498675),
            (0.8049111, 0.812948),
            (0.8063401, 0.8124276),
            (0.794225, 0.8067779),
            (0.6662763, 0.8681135),
            (0.6573052, 0.8434658),
            (0.8415982, 0.9498675),
            (0.8063401, 0.8124276),
            (0.8662459, 0.9408967),
            (0.8662459, 0.9408967),
            (0.8063401, 0.8124276),
            (0.8076581, 0.8116669),
            (0.8662459, 0.9408967),
            (0.8076581, 0.8116669),
            (0.8889614, 0.9277819),
            (0.8889614, 0.9277819),
            (0.8076581, 0.8116669),
            (0.8088222, 0.81069),
            (0.8889614, 0.9277819),
            (0.8088222, 0.81069),
            (0.9090543, 0.9109221),
            (0.9090543, 0.9109221),
            (0.8088222, 0.81069),
            (0.8097998, 0.809525),
            (0.9090543, 0.9109221),
            (0.8097998, 0.809525),
            (0.9259142, 0.8908293),
            (0.9259142, 0.8908293),
            (0.8097998, 0.809525),
            (0.8105602, 0.808208),
            (0.9259142, 0.8908293),
            (0.8105602, 0.808208),
            (0.9390288, 0.8681139),
            (0.9390288, 0.8681139),
            (0.8105602, 0.808208),
            (0.8110803, 0.8067787),
            (0.9390288, 0.8681139),
            (0.8110803, 0.8067787),
            (0.9479999, 0.8434663),
            (0.793961, 0.80528),
            (0.794225, 0.8067779),
            (0.6573052, 0.8434658),
            (0.793961, 0.80528),
            (0.6573052, 0.8434658),
            (0.6527502, 0.8176348),
            (0.9479999, 0.8434663),
            (0.8110803, 0.8067787),
            (0.8113447, 0.8052812),
            (0.9479999, 0.8434663),
            (0.8113447, 0.8052812),
            (0.9525547, 0.8176353),
            (0.8113447, 0.8052812),
            (0.9525547, 0.7914059),
            (0.9525547, 0.8176353),
            (0.8113447, 0.8052812),
            (0.8113447, 0.8037602),
            (0.9525547, 0.7914059),
            (0.8113447, 0.8037602),
            (0.9479999, 0.7655749),
            (0.9525547, 0.7914059),
            (0.8113447, 0.8037602),
            (0.8110803, 0.8022623),
            (0.9479999, 0.7655749),
            (0.8110803, 0.8022623),
            (0.9390288, 0.7409272),
            (0.9479999, 0.7655749),
            (0.8110803, 0.8022623),
            (0.8105602, 0.800833),
            (0.9390288, 0.7409272),
            (0.8105602, 0.800833),
            (0.9259142, 0.7182119),
            (0.9390288, 0.7409272),
            (0.8105602, 0.800833),
            (0.8097996, 0.7995158),
            (0.9259142, 0.7182119),
            (0.8097996, 0.7995158),
            (0.9090545, 0.6981189),
            (0.9259142, 0.7182119),
            (0.8097996, 0.7995158),
            (0.808822, 0.7983508),
            (0.9090545, 0.6981189),
            (0.808822, 0.7983508),
            (0.8889614, 0.681259),
            (0.9090545, 0.6981189),
            (0.808822, 0.7983508),
            (0.8076568, 0.7973731),
            (0.8889614, 0.681259),
            (0.8076568, 0.7973731),
            (0.8662464, 0.668144),
            (0.8889614, 0.681259),
            (0.8076568, 0.7973731),
            (0.8063395, 0.7966128),
            (0.8662464, 0.668144),
            (0.8063395, 0.7966128),
            (0.8415987, 0.659173),
            (0.8662464, 0.668144),
            (0.8063395, 0.7966128),
            (0.8049102, 0.7960926),
            (0.8415987, 0.659173),
            (0.8049102, 0.7960926),
            (0.8157677, 0.654618),
            (0.8415987, 0.659173),
            (0.8049102, 0.7960926),
            (0.8034124, 0.7958286),
            (0.8157677, 0.654618),
            (0.8034124, 0.7958286),
            (0.7895383, 0.6546178),
            (0.8157677, 0.654618),
            (0.8034124, 0.7958286),
            (0.8018911, 0.7958286),
            (0.7895383, 0.6546178),
            (0.8018911, 0.7958286),
            (0.763707, 0.6591722),
            (0.7895383, 0.6546178),
            (0.8018911, 0.7958286),
            (0.8003934, 0.7960929),
            (0.763707, 0.6591722),
            (0.763707, 0.6591722),
            (0.8003934, 0.7960929),
            (0.7989644, 0.7966133),
            (0.763707, 0.6591722),
            (0.7989644, 0.7966133),
            (0.7390592, 0.668143),
            (0.7390592, 0.668143),
            (0.7989644, 0.7966133),
            (0.7976477, 0.7973734),
            (0.7390592, 0.668143),
            (0.7976477, 0.7973734),
            (0.7163437, 0.6812579),
            (0.7163437, 0.6812579),
            (0.7976477, 0.7973734),
            (0.7964834, 0.7983505),
            (0.7163437, 0.6812579),
            (0.7964834, 0.7983505),
            (0.6962506, 0.698118),
            (0.6962506, 0.698118),
            (0.7964834, 0.7983505),
            (0.7955059, 0.7995154),
            (0.6962506, 0.698118),
            (0.7955059, 0.7995154),
            (0.6793906, 0.718211),
            (0.6793906, 0.718211),
            (0.7955059, 0.7995154),
            (0.7947455, 0.8008324),
            (0.6793906, 0.718211),
            (0.7947455, 0.8008324),
            (0.6662759, 0.7409264),
            (0.6662759, 0.7409264),
            (0.7947455, 0.8008324),
            (0.7942253, 0.8022615),
            (0.6662759, 0.7409264),
            (0.7942253, 0.8022615),
            (0.6573048, 0.7655742),
            (0.6527502, 0.7914053),
            (0.6573048, 0.7655742),
            (0.7942253, 0.8022615),
            (0.6527502, 0.7914053),
            (0.7942253, 0.8022615),
            (0.7939611, 0.8037591),
            (0.793961, 0.80528),
            (0.6527502, 0.7914053),
            (0.7939611, 0.8037591),
            (0.793961, 0.80528),
            (0.6527502, 0.8176348),
            (0.6527502, 0.7914053),
            (0.5272262, 0.8618405),
            (0.5186986, 0.8674554),
            (0.5182526, 0.8610359),
            (0.5186986, 0.8674554),
            (0.509681, 0.8632268),
            (0.5182526, 0.8610359),
            (0.5272262, 0.8618405),
            (0.5254291, 0.8680734),
            (0.5186986, 0.8674554),
            (0.5355124, 0.865817),
            (0.5254291, 0.8680734),
            (0.5272262, 0.8618405),
            (0.5355124, 0.865817),
            (0.5316643, 0.8707738),
            (0.5254291, 0.8680734),
            (0.5414177, 0.8728596),
            (0.5316643, 0.8707738),
            (0.5355124, 0.865817),
            (0.5414177, 0.8728596),
            (0.5358256, 0.8761446),
            (0.5316643, 0.8707738),
            (0.5444197, 0.8813525),
            (0.5358256, 0.8761446),
            (0.5414177, 0.8728596),
            (0.5444197, 0.8813525),
            (0.5380912, 0.8825104),
            (0.5358256, 0.8761446),
            (0.5444197, 0.8901971),
            (0.5380912, 0.8825104),
            (0.5444197, 0.8813525),
            (0.5316643, 0.8707738),
            (0.5358256, 0.8761446),
            (0.5248635, 0.8830754),
            (0.5380912, 0.8825104),
            (0.5248635, 0.8830754),
            (0.5358256, 0.8761446),
            (0.5444197, 0.8901971),
            (0.5381327, 0.8891881),
            (0.5380912, 0.8825104),
            (0.5415705, 0.8984629),
            (0.5381327, 0.8891881),
            (0.5444197, 0.8901971),
            (0.5254291, 0.8680734),
            (0.5316643, 0.8707738),
            (0.5234087, 0.8814087),
            (0.5316643, 0.8707738),
            (0.5248635, 0.8830754),
            (0.5234087, 0.8814087),
            (0.5381327, 0.8891881),
            (0.5256432, 0.8851758),
            (0.5380912, 0.8825104),
            (0.5380912, 0.8825104),
            (0.5256432, 0.8851758),
            (0.5248635, 0.8830754),
            (0.5415705, 0.8984629),
            (0.5359923, 0.8954628),
            (0.5381327, 0.8891881),
            (0.5362325, 0.9053428),
            (0.5359923, 0.8954628),
            (0.5415705, 0.8984629),
            (0.5362325, 0.9053428),
            (0.5319456, 0.900689),
            (0.5359923, 0.8954628),
            (0.5289335, 0.9101456),
            (0.5319456, 0.900689),
            (0.5362325, 0.9053428),
            (0.5289335, 0.9101456),
            (0.5264029, 0.9043089),
            (0.5319456, 0.900689),
            (0.5203701, 0.9123295),
            (0.5264029, 0.9043089),
            (0.5289335, 0.9101456),
            (0.5359923, 0.8954628),
            (0.5319456, 0.900689),
            (0.5235424, 0.8914078),
            (0.5235424, 0.8914078),
            (0.5319456, 0.900689),
            (0.5264029, 0.9043089),
            (0.5381327, 0.8891881),
            (0.5359923, 0.8954628),
            (0.5249252, 0.8895921),
            (0.5359923, 0.8954628),
            (0.5235424, 0.8914078),
            (0.5249252, 0.8895921),
            (0.5381327, 0.8891881),
            (0.5256635, 0.88744),
            (0.5256432, 0.8851758),
            (0.5381327, 0.8891881),
            (0.5249252, 0.8895921),
            (0.5256635, 0.88744),
            (0.5203701, 0.9123295),
            (0.5199276, 0.9059163),
            (0.5264029, 0.9043089),
            (0.5114067, 0.9115216),
            (0.5199276, 0.9059163),
            (0.5203701, 0.9123295),
            (0.5114067, 0.9115216),
            (0.5132042, 0.9052927),
            (0.5199276, 0.9059163),
            (0.5031271, 0.9075502),
            (0.5132042, 0.9052927),
            (0.5114067, 0.9115216),
            (0.5031271, 0.9075502),
            (0.5069706, 0.9025837),
            (0.5132042, 0.9052927),
            (0.497207, 0.9005318),
            (0.5069706, 0.9025837),
            (0.5031271, 0.9075502),
            (0.5199276, 0.9059163),
            (0.5132042, 0.9052927),
            (0.5172156, 0.8929849),
            (0.5069706, 0.9025837),
            (0.5172156, 0.8929849),
            (0.5132042, 0.9052927),
            (0.5264029, 0.9043089),
            (0.5199276, 0.9059163),
            (0.5194396, 0.893212),
            (0.5199276, 0.9059163),
            (0.5172156, 0.8929849),
            (0.5194396, 0.893212),
            (0.497207, 0.9005318),
            (0.5027844, 0.8972423),
            (0.5069706, 0.9025837),
            (0.4941947, 0.8920454),
            (0.5027844, 0.8972423),
            (0.497207, 0.9005318),
            (0.5264029, 0.9043089),
            (0.5194396, 0.893212),
            (0.5216377, 0.8926644),
            (0.5235424, 0.8914078),
            (0.5264029, 0.9043089),
            (0.5216377, 0.8926644),
            (0.5069706, 0.9025837),
            (0.5152463, 0.8920016),
            (0.5172156, 0.8929849),
            (0.5027844, 0.8972423),
            (0.5152463, 0.8920016),
            (0.5069706, 0.9025837),
            (0.4941947, 0.8920454),
            (0.5005202, 0.890884),
            (0.5027844, 0.8972423),
            (0.4941892, 0.883198),
            (0.5005202, 0.890884),
            (0.4941947, 0.8920454),
            (0.4941892, 0.883198),
            (0.500479, 0.8842056),
            (0.5005202, 0.890884),
            (0.4970373, 0.8749255),
            (0.500479, 0.8842056),
            (0.4941892, 0.883198),
            (0.4970373, 0.8749255),
            (0.5026203, 0.8779262),
            (0.500479, 0.8842056),
            (0.5023772, 0.8680378),
            (0.5026203, 0.8779262),
            (0.4970373, 0.8749255),
            (0.5005202, 0.890884),
            (0.500479, 0.8842056),
            (0.5129574, 0.8859596),
            (0.5026203, 0.8779262),
            (0.5129574, 0.8859596),
            (0.500479, 0.8842056),
            (0.5027844, 0.8972423),
            (0.5005202, 0.890884),
            (0.5129749, 0.8882294),
            (0.5005202, 0.890884),
            (0.5129574, 0.8859596),
            (0.5129749, 0.8882294),
            (0.5023772, 0.8680378),
            (0.5066698, 0.8726947),
            (0.5026203, 0.8779262),
            (0.509681, 0.8632268),
            (0.5066698, 0.8726947),
            (0.5023772, 0.8680378),
            (0.5027844, 0.8972423),
            (0.5137544, 0.8903358),
            (0.5152463, 0.8920016),
            (0.5027844, 0.8972423),
            (0.5129749, 0.8882294),
            (0.5137544, 0.8903358),
            (0.5026203, 0.8779262),
            (0.5136989, 0.883804),
            (0.5129574, 0.8859596),
            (0.5066698, 0.8726947),
            (0.5136989, 0.883804),
            (0.5026203, 0.8779262),
            (0.509681, 0.8632268),
            (0.5122172, 0.8690689),
            (0.5066698, 0.8726947),
            (0.5186986, 0.8674554),
            (0.5122172, 0.8690689),
            (0.509681, 0.8632268),
            (0.5122172, 0.8690689),
            (0.5186986, 0.8674554),
            (0.5191994, 0.880183),
            (0.5254291, 0.8680734),
            (0.5191994, 0.880183),
            (0.5186986, 0.8674554),
            (0.5066698, 0.8726947),
            (0.5122172, 0.8690689),
            (0.5169948, 0.8807299),
            (0.5122172, 0.8690689),
            (0.5191994, 0.880183),
            (0.5169948, 0.8807299),
            (0.5066698, 0.8726947),
            (0.5150855, 0.881987),
            (0.5136989, 0.883804),
            (0.5066698, 0.8726947),
            (0.5169948, 0.8807299),
            (0.5150855, 0.881987),
            (0.5254291, 0.8680734),
            (0.521431, 0.8804153),
            (0.5191994, 0.880183),
            (0.5254291, 0.8680734),
            (0.5234087, 0.8814087),
            (0.521431, 0.8804153),
            (0.5129749, 0.8882294),
            (0.5176052, 0.8878697),
            (0.5137544, 0.8903358),
            (0.5129749, 0.8882294),
            (0.5173794, 0.8872403),
            (0.5176052, 0.8878697),
            (0.5137544, 0.8903358),
            (0.5176052, 0.8878697),
            (0.5180361, 0.8883689),
            (0.5129574, 0.8859596),
            (0.5173794, 0.8872403),
            (0.5129749, 0.8882294),
            (0.5137544, 0.8903358),
            (0.5180361, 0.8883689),
            (0.5152463, 0.8920016),
            (0.5129574, 0.8859596),
            (0.5173957, 0.8865499),
            (0.5173794, 0.8872403),
            (0.5136989, 0.883804),
            (0.5173957, 0.8865499),
            (0.5129574, 0.8859596),
            (0.5152463, 0.8920016),
            (0.5180361, 0.8883689),
            (0.5186166, 0.8886642),
            (0.5136989, 0.883804),
            (0.5176449, 0.8858694),
            (0.5173957, 0.8865499),
            (0.5152463, 0.8920016),
            (0.5186166, 0.8886642),
            (0.5172156, 0.8929849),
            (0.5150855, 0.881987),
            (0.5176449, 0.8858694),
            (0.5136989, 0.883804),
            (0.5172156, 0.8929849),
            (0.5186166, 0.8886642),
            (0.5192806, 0.8887191),
            (0.5150855, 0.881987),
            (0.5180893, 0.8852836),
            (0.5176449, 0.8858694),
            (0.5172156, 0.8929849),
            (0.5192806, 0.8887191),
            (0.5194396, 0.893212),
            (0.5169948, 0.8807299),
            (0.5180893, 0.8852836),
            (0.5150855, 0.881987),
            (0.5194396, 0.893212),
            (0.5192806, 0.8887191),
            (0.5199494, 0.8885295),
            (0.5169948, 0.8807299),
            (0.5186823, 0.8848734),
            (0.5180893, 0.8852836),
            (0.5194396, 0.893212),
            (0.5199494, 0.8885295),
            (0.5216377, 0.8926644),
            (0.5191994, 0.880183),
            (0.5186823, 0.8848734),
            (0.5169948, 0.8807299),
            (0.5216377, 0.8926644),
            (0.5199494, 0.8885295),
            (0.5205413, 0.8881174),
            (0.5191994, 0.880183),
            (0.5193529, 0.8846855),
            (0.5186823, 0.8848734),
            (0.5216377, 0.8926644),
            (0.5205413, 0.8881174),
            (0.5235424, 0.8914078),
            (0.521431, 0.8804153),
            (0.5193529, 0.8846855),
            (0.5191994, 0.880183),
            (0.5235424, 0.8914078),
            (0.5205413, 0.8881174),
            (0.5209857, 0.8875301),
            (0.521431, 0.8804153),
            (0.5200185, 0.8847418),
            (0.5193529, 0.8846855),
            (0.5235424, 0.8914078),
            (0.5209857, 0.8875301),
            (0.5249252, 0.8895921),
            (0.5234087, 0.8814087),
            (0.5200185, 0.8847418),
            (0.521431, 0.8804153),
            (0.5249252, 0.8895921),
            (0.5209857, 0.8875301),
            (0.521239, 0.8868537),
            (0.5234087, 0.8814087),
            (0.5205982, 0.8850369),
            (0.5200185, 0.8847418),
            (0.5249252, 0.8895921),
            (0.521239, 0.8868537),
            (0.5256635, 0.88744),
            (0.5248635, 0.8830754),
            (0.5205982, 0.8850369),
            (0.5234087, 0.8814087),
            (0.5256635, 0.88744),
            (0.521239, 0.8868537),
            (0.5212515, 0.8861562),
            (0.5248635, 0.8830754),
            (0.5210296, 0.8855252),
            (0.5205982, 0.8850369),
            (0.5256635, 0.88744),
            (0.5212515, 0.8861562),
            (0.5256432, 0.8851758),
            (0.5256432, 0.8851758),
            (0.5210296, 0.8855252),
            (0.5248635, 0.8830754),
            (0.5256432, 0.8851758),
            (0.5212515, 0.8861562),
            (0.5210296, 0.8855252),
            (0.449649, 0.8910099),
            (0.4594127, 0.9002059),
            (0.4572171, 0.9020059),
            (0.449649, 0.8910099),
            (0.4572171, 0.9020059),
            (0.4547403, 0.9033895),
            (0.4503679, 0.8903019),
            (0.4594127, 0.9002059),
            (0.449649, 0.8910099),
            (0.4503679, 0.8903019),
            (0.4612467, 0.8980385),
            (0.4594127, 0.9002059),
            (0.4503679, 0.8903019),
            (0.4626693, 0.895583),
            (0.4612467, 0.8980385),
            (0.449649, 0.8910099),
            (0.4547403, 0.9033895),
            (0.4487286, 0.8914285),
            (0.4487286, 0.8914285),
            (0.4547403, 0.9033895),
            (0.4520644, 0.9043187),
            (0.4487286, 0.8914285),
            (0.4520644, 0.9043187),
            (0.4492728, 0.9047702),
            (0.4508005, 0.8893884),
            (0.4626693, 0.895583),
            (0.4503679, 0.8903019),
            (0.4508005, 0.8893884),
            (0.4636387, 0.8929207),
            (0.4626693, 0.895583),
            (0.4508005, 0.8893884),
            (0.464132, 0.8901364),
            (0.4636387, 0.8929207),
            (0.4487286, 0.8914285),
            (0.4492728, 0.9047702),
            (0.4477174, 0.8915069),
            (0.4477174, 0.8915069),
            (0.4492728, 0.9047702),
            (0.4464489, 0.9047332),
            (0.4477174, 0.8915069),
            (0.4464489, 0.9047332),
            (0.4436775, 0.904209),
            (0.4508945, 0.8883783),
            (0.464132, 0.8901364),
            (0.4508005, 0.8893884),
            (0.4508945, 0.8883783),
            (0.4641377, 0.8873127),
            (0.464132, 0.8901364),
            (0.4508945, 0.8883783),
            (0.4636571, 0.8845339),
            (0.4641377, 0.8873127),
            (0.4506377, 0.8873953),
            (0.4636571, 0.8845339),
            (0.4508945, 0.8883783),
            (0.4506377, 0.8873953),
            (0.4627083, 0.8818802),
            (0.4636571, 0.8845339),
            (0.4477174, 0.8915069),
            (0.4436775, 0.904209),
            (0.4467386, 0.8912353),
            (0.4500605, 0.886558),
            (0.4627083, 0.8818802),
            (0.4506377, 0.8873953),
            (0.4500605, 0.886558),
            (0.4613154, 0.8794309),
            (0.4627083, 0.8818802),
            (0.4500605, 0.886558),
            (0.459523, 0.8772581),
            (0.4613154, 0.8794309),
            (0.4467386, 0.8912353),
            (0.4436775, 0.904209),
            (0.4410395, 0.9032187),
            (0.4467386, 0.8912353),
            (0.4410395, 0.9032187),
            (0.4386122, 0.9017891),
            (0.4467386, 0.8912353),
            (0.4386122, 0.9017891),
            (0.436467, 0.8999639),
            (0.4492323, 0.8859677),
            (0.459523, 0.8772581),
            (0.4500605, 0.886558),
            (0.4492323, 0.8859677),
            (0.4573831, 0.8754259),
            (0.459523, 0.8772581),
            (0.4492323, 0.8859677),
            (0.4549589, 0.873988),
            (0.4573831, 0.8754259),
            (0.4467386, 0.8912353),
            (0.436467, 0.8999639),
            (0.4459104, 0.8906454),
            (0.4459104, 0.8906454),
            (0.436467, 0.8999639),
            (0.4346676, 0.8977965),
            (0.4459104, 0.8906454),
            (0.4346676, 0.8977965),
            (0.4332671, 0.8953506),
            (0.4482536, 0.8856958),
            (0.4549589, 0.873988),
            (0.4492323, 0.8859677),
            (0.4482536, 0.8856958),
            (0.4523216, 0.8729882),
            (0.4549589, 0.873988),
            (0.4482536, 0.8856958),
            (0.4495483, 0.8724564),
            (0.4523216, 0.8729882),
            (0.4459104, 0.8906454),
            (0.4332671, 0.8953506),
            (0.445333, 0.8898084),
            (0.445333, 0.8898084),
            (0.4332671, 0.8953506),
            (0.4323076, 0.8926985),
            (0.445333, 0.8898084),
            (0.4323076, 0.8926985),
            (0.4318181, 0.8899173),
            (0.4472425, 0.8857748),
            (0.4495483, 0.8724564),
            (0.4482536, 0.8856958),
            (0.4472425, 0.8857748),
            (0.446721, 0.8724108),
            (0.4495483, 0.8724564),
            (0.4472425, 0.8857748),
            (0.4439216, 0.8728524),
            (0.446721, 0.8724108),
            (0.445333, 0.8898084),
            (0.4318181, 0.8899173),
            (0.445076, 0.8888254),
            (0.445076, 0.8888254),
            (0.4318181, 0.8899173),
            (0.4318152, 0.8870891),
            (0.445076, 0.8888254),
            (0.4318152, 0.8870891),
            (0.4323014, 0.8842972),
            (0.4463223, 0.8861939),
            (0.4439216, 0.8728524),
            (0.4472425, 0.8857748),
            (0.4463223, 0.8861939),
            (0.4412342, 0.8737773),
            (0.4439216, 0.8728524),
            (0.4463223, 0.8861939),
            (0.4387429, 0.8751623),
            (0.4412342, 0.8737773),
            (0.445076, 0.8888254),
            (0.4323014, 0.8842972),
            (0.4451702, 0.8878155),
            (0.4451702, 0.8878155),
            (0.4323014, 0.8842972),
            (0.4332666, 0.8816249),
            (0.4451702, 0.8878155),
            (0.4332666, 0.8816249),
            (0.4346892, 0.8791554),
            (0.4456034, 0.8869017),
            (0.4387429, 0.8751623),
            (0.4463223, 0.8861939),
            (0.4451702, 0.8878155),
            (0.4346892, 0.8791554),
            (0.4456034, 0.8869017),
            (0.4456034, 0.8869017),
            (0.4365323, 0.8769728),
            (0.4387429, 0.8751623),
            (0.4456034, 0.8869017),
            (0.4346892, 0.8791554),
            (0.4365323, 0.8769728),
            (0.4311711, 0.8841558),
            (0.4265881, 0.8867488),
            (0.4271685, 0.8831462),
            (0.4311711, 0.8841558),
            (0.4271685, 0.8831462),
            (0.4283689, 0.8796452),
            (0.4311711, 0.8841558),
            (0.4306479, 0.8870865),
            (0.4265881, 0.8867488),
            (0.4311711, 0.8841558),
            (0.4283689, 0.8796452),
            (0.4321882, 0.8813372),
            (0.4306479, 0.8870865),
            (0.4265611, 0.8904019),
            (0.4265881, 0.8867488),
            (0.4321882, 0.8813372),
            (0.4283689, 0.8796452),
            (0.4301748, 0.8763673),
            (0.4306479, 0.8870865),
            (0.4306715, 0.8900715),
            (0.4265611, 0.8904019),
            (0.4321882, 0.8813372),
            (0.4301748, 0.8763673),
            (0.4336822, 0.8787186),
            (0.4306715, 0.8900715),
            (0.4271691, 0.8940529),
            (0.4265611, 0.8904019),
            (0.4336822, 0.8787186),
            (0.4301748, 0.8763673),
            (0.4325491, 0.8734199),
            (0.4306715, 0.8900715),
            (0.4312064, 0.8930117),
            (0.4271691, 0.8940529),
            (0.4336822, 0.8787186),
            (0.4325491, 0.8734199),
            (0.4356206, 0.8763903),
            (0.4312064, 0.8930117),
            (0.4284193, 0.8975778),
            (0.4271691, 0.8940529),
            (0.4312064, 0.8930117),
            (0.4322524, 0.8958246),
            (0.4284193, 0.8975778),
            (0.4322524, 0.8958246),
            (0.4302914, 0.900865),
            (0.4284193, 0.8975778),
            (0.4322524, 0.8958246),
            (0.4337892, 0.8984219),
            (0.4302914, 0.900865),
            (0.4356206, 0.8763903),
            (0.4325491, 0.8734199),
            (0.4354517, 0.8708989),
            (0.4356206, 0.8763903),
            (0.4354517, 0.8708989),
            (0.4379568, 0.8744443),
            (0.4405733, 0.8728832),
            (0.4379568, 0.8744443),
            (0.4354517, 0.8708989),
            (0.4405733, 0.8728832),
            (0.4354517, 0.8708989),
            (0.4388002, 0.8690097),
            (0.4434107, 0.8718247),
            (0.4405733, 0.8728832),
            (0.4388002, 0.8690097),
            (0.4434107, 0.8718247),
            (0.4388002, 0.8690097),
            (0.4423605, 0.8677689),
            (0.4337892, 0.8984219),
            (0.432761, 0.9038123),
            (0.4302914, 0.900865),
            (0.4337892, 0.8984219),
            (0.4357741, 0.9007149),
            (0.432761, 0.9038123),
            (0.4381109, 0.9026244),
            (0.432761, 0.9038123),
            (0.4357741, 0.9007149),
            (0.4381109, 0.9026244),
            (0.4357723, 0.9061826),
            (0.432761, 0.9038123),
            (0.4407429, 0.9040874),
            (0.4357723, 0.9061826),
            (0.4381109, 0.9026244),
            (0.4407429, 0.9040874),
            (0.4390914, 0.9079553),
            (0.4357723, 0.9061826),
            (0.4435754, 0.9050623),
            (0.4390914, 0.9079553),
            (0.4407429, 0.9040874),
            (0.4435754, 0.9050623),
            (0.4426228, 0.9091193),
            (0.4390914, 0.9079553),
            (0.4465261, 0.9055294),
            (0.4426228, 0.9091193),
            (0.4435754, 0.9050623),
            (0.4465261, 0.9055294),
            (0.4462633, 0.9096686),
            (0.4426228, 0.9091193),
            (0.4495081, 0.9054872),
            (0.4462633, 0.9096686),
            (0.4465261, 0.9055294),
            (0.4495081, 0.9054872),
            (0.4499092, 0.9096134),
            (0.4462633, 0.9096686),
            (0.452444, 0.9050249),
            (0.4499092, 0.9096134),
            (0.4495081, 0.9054872),
            (0.452444, 0.9050249),
            (0.4535007, 0.9089905),
            (0.4499092, 0.9096134),
            (0.455247, 0.9040489),
            (0.4535007, 0.9089905),
            (0.452444, 0.9050249),
            (0.455247, 0.9040489),
            (0.4569268, 0.9077885),
            (0.4535007, 0.9089905),
            (0.4578275, 0.9025875),
            (0.4569268, 0.9077885),
            (0.455247, 0.9040489),
            (0.4578275, 0.9025875),
            (0.4602066, 0.906048),
            (0.4569268, 0.9077885),
            (0.4601248, 0.9006838),
            (0.4602066, 0.906048),
            (0.4578275, 0.9025875),
            (0.4601248, 0.9006838),
            (0.4631016, 0.9036506),
            (0.4602066, 0.906048),
            (0.4620695, 0.8983967),
            (0.4631016, 0.9036506),
            (0.4601248, 0.9006838),
            (0.4620695, 0.8983967),
            (0.4655203, 0.9007892),
            (0.4631016, 0.9036506),
            (0.4635845, 0.8958015),
            (0.4655203, 0.9007892),
            (0.4620695, 0.8983967),
            (0.4635845, 0.8958015),
            (0.4674004, 0.8975525),
            (0.4655203, 0.9007892),
            (0.4646225, 0.8929789),
            (0.4674004, 0.8975525),
            (0.4635845, 0.8958015),
            (0.4646225, 0.8929789),
            (0.4686875, 0.8940367),
            (0.4674004, 0.8975525),
            (0.4651512, 0.8900155),
            (0.4686875, 0.8940367),
            (0.4646225, 0.8929789),
            (0.4651512, 0.8900155),
            (0.4693419, 0.8903474),
            (0.4686875, 0.8940367),
            (0.4651537, 0.8870023),
            (0.4693419, 0.8903474),
            (0.4651512, 0.8900155),
            (0.4651537, 0.8870023),
            (0.4693419, 0.8865967),
            (0.4693419, 0.8903474),
            (0.4646294, 0.8840321),
            (0.4693419, 0.8865967),
            (0.4651537, 0.8870023),
            (0.4646294, 0.8840321),
            (0.4686859, 0.8829002),
            (0.4693419, 0.8865967),
            (0.4635935, 0.8811967),
            (0.4686859, 0.8829002),
            (0.4646294, 0.8840321),
            (0.4635935, 0.8811967),
            (0.4673924, 0.8793722),
            (0.4686859, 0.8829002),
            (0.4620776, 0.878584),
            (0.4673924, 0.8793722),
            (0.4635935, 0.8811967),
            (0.4620776, 0.878584),
            (0.4655008, 0.8761228),
            (0.4673924, 0.8793722),
            (0.4601284, 0.8762748),
            (0.4655008, 0.8761228),
            (0.4620776, 0.878584),
            (0.4601284, 0.8762748),
            (0.4630689, 0.8732539),
            (0.4655008, 0.8761228),
            (0.4630689, 0.8732539),
            (0.4601284, 0.8762748),
            (0.4578064, 0.8743404),
            (0.4630689, 0.8732539),
            (0.4578064, 0.8743404),
            (0.460173, 0.8708559),
            (0.4551845, 0.8728393),
            (0.460173, 0.8708559),
            (0.4578064, 0.8743404),
            (0.4551845, 0.8728393),
            (0.4569058, 0.8690047),
            (0.460173, 0.8708559),
            (0.4523453, 0.8718148),
            (0.4569058, 0.8690047),
            (0.4551845, 0.8728393),
            (0.4523453, 0.8718148),
            (0.4533755, 0.867757),
            (0.4569058, 0.8690047),
            (0.4493774, 0.8712912),
            (0.4533755, 0.867757),
            (0.4523453, 0.8718148),
            (0.4493774, 0.8712912),
            (0.4497025, 0.8671457),
            (0.4533755, 0.867757),
            (0.4463704, 0.8712719),
            (0.4497025, 0.8671457),
            (0.4493774, 0.8712912),
            (0.4463704, 0.8712719),
            (0.446015, 0.8671721),
            (0.4497025, 0.8671457),
            (0.4463704, 0.8712719),
            (0.4423605, 0.8677689),
            (0.446015, 0.8671721),
            (0.4463704, 0.8712719),
            (0.4434107, 0.8718247),
            (0.4423605, 0.8677689),
            (0.6032786, 0.796369),
            (0.6068923, 0.7994303),
            (0.6032786, 0.7994303),
            (0.6032786, 0.796369),
            (0.6068923, 0.796369),
            (0.6068923, 0.7994303),
            (0.6032786, 0.7994303),
            (0.6068923, 0.7994303),
            (0.6068926, 0.809784),
            (0.6032788, 0.7698923),
            (0.6068923, 0.796369),
            (0.6032786, 0.796369),
            (0.6032786, 0.7994303),
            (0.6068926, 0.809784),
            (0.6032788, 0.8061712),
            (0.6032788, 0.7698923),
            (0.6068926, 0.7662788),
            (0.6068923, 0.796369),
            (0.6032788, 0.8061712),
            (0.6068926, 0.809784),
            (0.5870312, 0.809788),
            (0.5906458, 0.7698919),
            (0.6068926, 0.7662788),
            (0.6032788, 0.7698923),
            (0.6032788, 0.8061712),
            (0.5870312, 0.809788),
            (0.5906447, 0.8061737),
            (0.5906458, 0.7698919),
            (0.5870323, 0.7662785),
            (0.6068926, 0.7662788),
            (0.5906447, 0.8061737),
            (0.5870312, 0.809788),
            (0.5870309, 0.7994343),
            (0.5906447, 0.7963727),
            (0.5870323, 0.7662785),
            (0.5906458, 0.7698919),
            (0.5906447, 0.8061737),
            (0.5870309, 0.7994343),
            (0.5906444, 0.7994344),
            (0.5906447, 0.7963727),
            (0.5870309, 0.7963727),
            (0.5870323, 0.7662785),
            (0.5906444, 0.7994344),
            (0.5870309, 0.7963727),
            (0.5906447, 0.7963727),
            (0.5906444, 0.7994344),
            (0.5870309, 0.7994343),
            (0.5870309, 0.7963727),
            (0.47477, 0.2274581),
            (0.4698434, 0.1942833),
            (0.4747688, 0.1942831),
            (0.47477, 0.2274581),
            (0.4698449, 0.2323837),
            (0.4698434, 0.1942833),
            (0.4747688, 0.1942831),
            (0.4698434, 0.1942833),
            (0.469843, 0.1849846),
            (0.4919902, 0.2274577),
            (0.4698449, 0.2323837),
            (0.47477, 0.2274581),
            (0.4747688, 0.1942831),
            (0.469843, 0.1849846),
            (0.4747684, 0.1849846),
            (0.4919902, 0.2274577),
            (0.4969155, 0.2323832),
            (0.4698449, 0.2323837),
            (0.4747684, 0.1849846),
            (0.469843, 0.1849846),
            (0.469843, 0.1707731),
            (0.4919898, 0.1942877),
            (0.4969155, 0.2323832),
            (0.4919902, 0.2274577),
            (0.4747684, 0.1849846),
            (0.469843, 0.1707731),
            (0.4747684, 0.1756993),
            (0.4919898, 0.1942877),
            (0.4969153, 0.1942877),
            (0.4969155, 0.2323832),
            (0.4747684, 0.1756993),
            (0.469843, 0.1707731),
            (0.4969155, 0.1707784),
            (0.4919902, 0.1849901),
            (0.4969153, 0.1942877),
            (0.4919898, 0.1942877),
            (0.4747684, 0.1756993),
            (0.4969155, 0.1707784),
            (0.4919902, 0.1757031),
            (0.4919902, 0.1849901),
            (0.4969155, 0.1849901),
            (0.4969153, 0.1942877),
            (0.4919902, 0.1757031),
            (0.4969155, 0.1849901),
            (0.4919902, 0.1849901),
            (0.4919902, 0.1757031),
            (0.4969155, 0.1707784),
            (0.4969155, 0.1849901),
            (0.3239638, 0.1613274),
            (0.3341249, 0.1548937),
            (0.334125, 0.1613273),
            (0.3239638, 0.1613274),
            (0.3175302, 0.1548939),
            (0.3341249, 0.1548937),
            (0.334125, 0.1613273),
            (0.3341249, 0.1548937),
            (0.5222989, 0.1548934),
            (0.3239644, 0.3062698),
            (0.3175302, 0.1548939),
            (0.3239638, 0.1613274),
            (0.334125, 0.1613273),
            (0.5222989, 0.1548934),
            (0.5158653, 0.1613269),
            (0.3239644, 0.3062698),
            (0.3175309, 0.3062699),
            (0.3175302, 0.1548939),
            (0.5158653, 0.1613269),
            (0.5222989, 0.1548934),
            (0.5222988, 0.3062693),
            (0.3239648, 0.4490244),
            (0.3175309, 0.3062699),
            (0.3239644, 0.3062698),
            (0.5158653, 0.1613269),
            (0.5222988, 0.3062693),
            (0.5158652, 0.3062693),
            (0.3239648, 0.4490244),
            (0.3175312, 0.455458),
            (0.3175309, 0.3062699),
            (0.5158652, 0.3062693),
            (0.5222988, 0.3062693),
            (0.5222989, 0.4554581),
            (0.3341259, 0.4490244),
            (0.3175312, 0.455458),
            (0.3239648, 0.4490244),
            (0.5158652, 0.3062693),
            (0.5222989, 0.4554581),
            (0.5158653, 0.4490244),
            (0.3341259, 0.4490244),
            (0.3341259, 0.4554579),
            (0.3175312, 0.455458),
            (0.5158653, 0.4490244),
            (0.3341259, 0.4554579),
            (0.3341259, 0.4490244),
            (0.5158653, 0.4490244),
            (0.5222989, 0.4554581),
            (0.3341259, 0.4554579),
            (0.5729305, 0.7993326),
            (0.5459585, 0.8025551),
            (0.5574456, 0.7862845),
            (0.5729305, 0.7993326),
            (0.5587981, 0.8133668),
            (0.5459585, 0.8025551),
            (0.5574456, 0.7862845),
            (0.5459585, 0.8025551),
            (0.5314396, 0.7941315),
            (0.5859205, 0.8148662),
            (0.5587981, 0.8133668),
            (0.5729305, 0.7993326),
            (0.5574456, 0.7862845),
            (0.5314396, 0.7941315),
            (0.5399344, 0.7761166),
            (0.5859205, 0.8148662),
            (0.5695701, 0.8262395),
            (0.5587981, 0.8133668),
            (0.5399344, 0.7761166),
            (0.5314396, 0.7941315),
            (0.5156806, 0.7883505),
            (0.5960222, 0.8324157),
            (0.5695701, 0.8262395),
            (0.5859205, 0.8148662),
            (0.5399344, 0.7761166),
            (0.5156806, 0.7883505),
            (0.5209266, 0.7691359),
            (0.5960222, 0.8324157),
            (0.5779486, 0.8407842),
            (0.5695701, 0.8262395),
            (0.5209266, 0.7691359),
            (0.5156806, 0.7883505),
            (0.4991575, 0.785387),
            (0.6029308, 0.8514499),
            (0.5779486, 0.8407842),
            (0.5960222, 0.8324157),
            (0.5209266, 0.7691359),
            (0.4991575, 0.785387),
            (0.5009966, 0.7655525),
            (0.6029308, 0.8514499),
            (0.5836803, 0.8565607),
            (0.5779486, 0.8407842),
            (0.5009966, 0.7655525),
            (0.4991575, 0.785387),
            (0.4823694, 0.785331),
            (0.6064376, 0.8713934),
            (0.5836803, 0.8565607),
            (0.6029308, 0.8514499),
            (0.5009966, 0.7655525),
            (0.4823694, 0.785331),
            (0.4807455, 0.7654738),
            (0.6064376, 0.8713934),
            (0.5865915, 0.8730924),
            (0.5836803, 0.8565607),
            (0.4807455, 0.7654738),
            (0.4823694, 0.785331),
            (0.465823, 0.7881855),
            (0.6064376, 0.8916441),
            (0.5865915, 0.8730924),
            (0.6064376, 0.8713934),
            (0.4807455, 0.7654738),
            (0.465823, 0.7881855),
            (0.4607819, 0.7689021),
            (0.6064376, 0.8916441),
            (0.5865937, 0.8898794),
            (0.5865915, 0.8730924),
            (0.4607819, 0.7689021),
            (0.465823, 0.7881855),
            (0.4500184, 0.7938681),
            (0.6029314, 0.9115927),
            (0.5865937, 0.8898794),
            (0.6064376, 0.8916441),
            (0.4607819, 0.7689021),
            (0.4500184, 0.7938681),
            (0.4417024, 0.7757367),
            (0.6029314, 0.9115927),
            (0.5836864, 0.906415),
            (0.5865937, 0.8898794),
            (0.4417024, 0.7757367),
            (0.4500184, 0.7938681),
            (0.4354365, 0.8022136),
            (0.5960226, 0.9306425),
            (0.5836864, 0.906415),
            (0.6029314, 0.9115927),
            (0.4417024, 0.7757367),
            (0.4354365, 0.8022136),
            (0.4240742, 0.7857842),
            (0.5960226, 0.9306425),
            (0.5779536, 0.922199),
            (0.5836864, 0.906415),
            (0.4240742, 0.7857842),
            (0.4354365, 0.8022136),
            (0.4225311, 0.8129805),
            (0.5859087, 0.9482273),
            (0.5779536, 0.922199),
            (0.5960226, 0.9306425),
            (0.4240742, 0.7857842),
            (0.4225311, 0.8129805),
            (0.4084252, 0.7987733),
            (0.5859087, 0.9482273),
            (0.5695629, 0.9367515),
            (0.5779536, 0.922199),
            (0.4084252, 0.7987733),
            (0.4225311, 0.8129805),
            (0.4117258, 0.8258511),
            (0.5728652, 0.963822),
            (0.5695629, 0.9367515),
            (0.5859087, 0.9482273),
            (0.4084252, 0.7987733),
            (0.4117258, 0.8258511),
            (0.3953764, 0.8143732),
            (0.5728652, 0.963822),
            (0.5587587, 0.9496211),
            (0.5695629, 0.9367515),
            (0.3953764, 0.8143732),
            (0.4117258, 0.8258511),
            (0.403336, 0.8404068),
            (0.5572273, 0.9768119),
            (0.5587587, 0.9496211),
            (0.5728652, 0.963822),
            (0.3953764, 0.8143732),
            (0.403336, 0.8404068),
            (0.3852626, 0.8319647),
            (0.5572273, 0.9768119),
            (0.545857, 0.9603912),
            (0.5587587, 0.9496211),
            (0.3852626, 0.8319647),
            (0.403336, 0.8404068),
            (0.3976066, 0.8561937),
            (0.5396135, 0.9868701),
            (0.545857, 0.9603912),
            (0.5572273, 0.9768119),
            (0.3852626, 0.8319647),
            (0.3976066, 0.8561937),
            (0.3783581, 0.8510196),
            (0.5396135, 0.9868701),
            (0.5312763, 0.968744),
            (0.545857, 0.9603912),
            (0.3783581, 0.8510196),
            (0.3976066, 0.8561937),
            (0.3947026, 0.8727304),
            (0.5205266, 0.9936745),
            (0.5312763, 0.968744),
            (0.5396135, 0.9868701),
            (0.3783581, 0.8510196),
            (0.3947026, 0.8727304),
            (0.3748575, 0.8709702),
            (0.5205266, 0.9936745),
            (0.5154676, 0.9744059),
            (0.5312763, 0.968744),
            (0.3748575, 0.8709702),
            (0.3947026, 0.8727304),
            (0.3947083, 0.8895177),
            (0.5005634, 0.997117),
            (0.5154676, 0.9744059),
            (0.5205266, 0.9936745),
            (0.3748575, 0.8709702),
            (0.3947083, 0.8895177),
            (0.3748625, 0.8912205),
            (0.5005634, 0.997117),
            (0.4989295, 0.977263),
            (0.5154676, 0.9744059),
            (0.3748625, 0.8912205),
            (0.3947083, 0.8895177),
            (0.3976217, 0.9060485),
            (0.4803104, 0.997044),
            (0.4989295, 0.977263),
            (0.5005634, 0.997117),
            (0.3748625, 0.8912205),
            (0.3976217, 0.9060485),
            (0.3783728, 0.911162),
            (0.4803104, 0.997044),
            (0.4821447, 0.9772096),
            (0.4989295, 0.977263),
            (0.3783728, 0.911162),
            (0.3976217, 0.9060485),
            (0.403355, 0.9218234),
            (0.4603795, 0.9934628),
            (0.4821447, 0.9772096),
            (0.4803104, 0.997044),
            (0.3783728, 0.911162),
            (0.403355, 0.9218234),
            (0.3852836, 0.9301937),
            (0.4603795, 0.9934628),
            (0.465623, 0.9742481),
            (0.4821447, 0.9772096),
            (0.3852836, 0.9301937),
            (0.403355, 0.9218234),
            (0.4117346, 0.9363663),
            (0.4413719, 0.9864835),
            (0.465623, 0.9742481),
            (0.4603795, 0.9934628),
            (0.3852836, 0.9301937),
            (0.4117346, 0.9363663),
            (0.3953867, 0.9477404),
            (0.4413719, 0.9864835),
            (0.4498648, 0.9684688),
            (0.465623, 0.9742481),
            (0.3953867, 0.9477404),
            (0.4117346, 0.9363663),
            (0.422507, 0.9492371),
            (0.4238614, 0.9763173),
            (0.4498648, 0.9684688),
            (0.4413719, 0.9864835),
            (0.3953867, 0.9477404),
            (0.422507, 0.9492371),
            (0.4083769, 0.9632716),
            (0.4238614, 0.9763173),
            (0.4353465, 0.9600469),
            (0.4498648, 0.9684688),
            (0.4083769, 0.9632716),
            (0.4353465, 0.9600469),
            (0.4238614, 0.9763173),
            (0.4083769, 0.9632716),
            (0.422507, 0.9492371),
            (0.4353465, 0.9600469),
            (0.9625936, 0.8044308),
            (0.9556761, 0.7774642),
            (0.9601678, 0.776673),
            (0.9625936, 0.8044308),
            (0.9580324, 0.8044305),
            (0.9556761, 0.7774642),
            (0.9601678, 0.776673),
            (0.9556761, 0.7774642),
            (0.9486752, 0.7513149),
            (0.9601631, 0.8321888),
            (0.9580324, 0.8044305),
            (0.9625936, 0.8044308),
            (0.9601631, 0.8321888),
            (0.9556714, 0.8313968),
            (0.9580324, 0.8044305),
            (0.9601678, 0.776673),
            (0.9486752, 0.7513149),
            (0.9529616, 0.7497555),
            (0.9529616, 0.7497555),
            (0.9486752, 0.7513149),
            (0.9372376, 0.7267789),
            (0.9529523, 0.8591053),
            (0.9556714, 0.8313968),
            (0.9601631, 0.8321888),
            (0.9529523, 0.8591053),
            (0.9486662, 0.8575453),
            (0.9556714, 0.8313968),
            (0.9529616, 0.7497555),
            (0.9372376, 0.7267789),
            (0.9411882, 0.7244986),
            (0.9411882, 0.7244986),
            (0.9372376, 0.7267789),
            (0.9217122, 0.704602),
            (0.9411744, 0.8843607),
            (0.9486662, 0.8575453),
            (0.9529523, 0.8591053),
            (0.9411744, 0.8843607),
            (0.9372242, 0.8820797),
            (0.9486662, 0.8575453),
            (0.9411882, 0.7244986),
            (0.9217122, 0.704602),
            (0.9252067, 0.7016704),
            (0.9252067, 0.7016704),
            (0.9217122, 0.704602),
            (0.9025714, 0.6854581),
            (0.9251893, 0.9071862),
            (0.9372242, 0.8820797),
            (0.9411744, 0.8843607),
            (0.9251893, 0.9071862),
            (0.9216954, 0.904254),
            (0.9372242, 0.8820797),
            (0.9252067, 0.7016704),
            (0.9025714, 0.6854581),
            (0.9055037, 0.681964),
            (0.9055037, 0.681964),
            (0.9025714, 0.6854581),
            (0.8803967, 0.6699287),
            (0.9054834, 0.9268889),
            (0.9216954, 0.904254),
            (0.9251893, 0.9071862),
            (0.9054834, 0.9268889),
            (0.9025518, 0.9233946),
            (0.9216954, 0.904254),
            (0.9055037, 0.681964),
            (0.8803967, 0.6699287),
            (0.8826778, 0.6659784),
            (0.8826778, 0.6659784),
            (0.8803967, 0.6699287),
            (0.8558617, 0.658486),
            (0.8826553, 0.9428704),
            (0.9025518, 0.9233946),
            (0.9054834, 0.9268889),
            (0.8826553, 0.9428704),
            (0.880375, 0.9389198),
            (0.9025518, 0.9233946),
            (0.8826778, 0.6659784),
            (0.8558617, 0.658486),
            (0.8574221, 0.6541995),
            (0.8574221, 0.6541995),
            (0.8558617, 0.658486),
            (0.8297129, 0.6514785),
            (0.857398, 0.9546441),
            (0.880375, 0.9389198),
            (0.8826553, 0.9428704),
            (0.857398, 0.9546441),
            (0.8558385, 0.9503573),
            (0.880375, 0.9389198),
            (0.8574221, 0.6541995),
            (0.8297129, 0.6514785),
            (0.8305051, 0.6469868),
            (0.8305051, 0.6469868),
            (0.8297129, 0.6514785),
            (0.8027471, 0.6491169),
            (0.8304797, 0.9618505),
            (0.8558385, 0.9503573),
            (0.857398, 0.9546441),
            (0.8304797, 0.9618505),
            (0.8296883, 0.9573586),
            (0.8558385, 0.9503573),
            (0.8305051, 0.6469868),
            (0.8027471, 0.6491169),
            (0.8027475, 0.644556),
            (0.8027475, 0.644556),
            (0.8027471, 0.6491169),
            (0.7757815, 0.6514732),
            (0.8027214, 0.9642768),
            (0.8296883, 0.9573586),
            (0.8304797, 0.9618505),
            (0.8027214, 0.9642768),
            (0.8027217, 0.9597157),
            (0.8296883, 0.9573586),
            (0.8027475, 0.644556),
            (0.7757815, 0.6514732),
            (0.7749901, 0.6469817),
            (0.7749901, 0.6469817),
            (0.7757815, 0.6514732),
            (0.7496327, 0.6584766),
            (0.7749639, 0.9618469),
            (0.8027217, 0.9597157),
            (0.8027214, 0.9642768),
            (0.7749639, 0.9618469),
            (0.7757558, 0.9573554),
            (0.8027217, 0.9597157),
            (0.7749901, 0.6469817),
            (0.7496327, 0.6584766),
            (0.748073, 0.6541901),
            (0.748073, 0.6541901),
            (0.7496327, 0.6584766),
            (0.7250956, 0.6699153),
            (0.7480482, 0.9546365),
            (0.7757558, 0.9573554),
            (0.7749639, 0.9618469),
            (0.7480482, 0.9546365),
            (0.7496083, 0.9503502),
            (0.7757558, 0.9573554),
            (0.748073, 0.6541901),
            (0.7250956, 0.6699153),
            (0.7228152, 0.6659646),
            (0.7228152, 0.6659646),
            (0.7250956, 0.6699153),
            (0.7029179, 0.685441),
            (0.7227932, 0.9428585),
            (0.7496083, 0.9503502),
            (0.7480482, 0.9546365),
            (0.7227932, 0.9428585),
            (0.7250741, 0.9389085),
            (0.7496083, 0.9503502),
            (0.7228152, 0.6659646),
            (0.7029179, 0.685441),
            (0.6999862, 0.6819465),
            (0.6999862, 0.6819465),
            (0.7029179, 0.685441),
            (0.6837736, 0.7045819),
            (0.6999674, 0.9268733),
            (0.7250741, 0.9389085),
            (0.7227932, 0.9428585),
            (0.6999674, 0.9268733),
            (0.7028996, 0.9233793),
            (0.7250741, 0.9389085),
            (0.6999862, 0.6819465),
            (0.6837736, 0.7045819),
            (0.6802795, 0.7016494),
            (0.6802795, 0.7016494),
            (0.6837736, 0.7045819),
            (0.6682442, 0.7267569),
            (0.6802642, 0.9071673),
            (0.7028996, 0.9233793),
            (0.6999674, 0.9268733),
            (0.6802642, 0.9071673),
            (0.6837588, 0.9042355),
            (0.7028996, 0.9233793),
            (0.6802795, 0.7016494),
            (0.6682442, 0.7267569),
            (0.664294, 0.724476),
            (0.664294, 0.724476),
            (0.6682442, 0.7267569),
            (0.6568015, 0.7512921),
            (0.6642822, 0.8843386),
            (0.6837588, 0.9042355),
            (0.6802642, 0.9071673),
            (0.6642822, 0.8843386),
            (0.6682329, 0.8820583),
            (0.6837588, 0.9042355),
            (0.664294, 0.724476),
            (0.6568015, 0.7512921),
            (0.6525151, 0.7497318),
            (0.6525151, 0.7497318),
            (0.6568015, 0.7512921),
            (0.6497939, 0.7774397),
            (0.6525073, 0.8590807),
            (0.6682329, 0.8820583),
            (0.6642822, 0.8843386),
            (0.6525073, 0.8590807),
            (0.6567941, 0.8575209),
            (0.6682329, 0.8820583),
            (0.6525151, 0.7497318),
            (0.6497939, 0.7774397),
            (0.6453023, 0.7766476),
            (0.6453023, 0.7766476),
            (0.6497939, 0.7774397),
            (0.6474332, 0.8044052),
            (0.645299, 0.8321625),
            (0.6567941, 0.8575209),
            (0.6525073, 0.8590807),
            (0.645299, 0.8321625),
            (0.6497907, 0.8313709),
            (0.6567941, 0.8575209),
            (0.6428722, 0.804405),
            (0.6474332, 0.8044052),
            (0.6497907, 0.8313709),
            (0.6453023, 0.7766476),
            (0.6474332, 0.8044052),
            (0.6428722, 0.804405),
            (0.6428722, 0.804405),
            (0.6497907, 0.8313709),
            (0.645299, 0.8321625),
            (0.653613, 0.8904973),
            (0.6642822, 0.8843386),
            (0.6802642, 0.9071673),
            (0.6409295, 0.8632926),
            (0.6525073, 0.8590807),
            (0.6642822, 0.8843386),
            (0.6409295, 0.8632926),
            (0.6642822, 0.8843386),
            (0.653613, 0.8904973),
            (0.6331692, 0.8342997),
            (0.645299, 0.8321625),
            (0.6525073, 0.8590807),
            (0.6331692, 0.8342997),
            (0.6525073, 0.8590807),
            (0.6409295, 0.8632926),
            (0.6305546, 0.8044043),
            (0.6428722, 0.804405),
            (0.645299, 0.8321625),
            (0.6305546, 0.8044043),
            (0.645299, 0.8321625),
            (0.6331692, 0.8342997),
            (0.6331731, 0.7745091),
            (0.6453023, 0.7766476),
            (0.6428722, 0.804405),
            (0.6331731, 0.7745091),
            (0.6428722, 0.804405),
            (0.6305546, 0.8044043),
            (0.6113976, 0.8029988),
            (0.6305546, 0.8044043),
            (0.6331692, 0.8342997),
            (0.6113976, 0.8029988),
            (0.6331692, 0.8342997),
            (0.6409295, 0.8632926),
            (0.6331731, 0.7745091),
            (0.6305546, 0.8044043),
            (0.6113976, 0.8029988),
            (0.6409384, 0.7455177),
            (0.6453023, 0.7766476),
            (0.6331731, 0.7745091),
            (0.6331731, 0.7745091),
            (0.6113976, 0.8029988),
            (0.6409384, 0.7455177),
            (0.6409384, 0.7455177),
            (0.6525151, 0.7497318),
            (0.6453023, 0.7766476),
            (0.6147985, 0.9923199),
            (0.6113976, 0.8029988),
            (0.6409295, 0.8632926),
            (0.6147985, 0.9923199),
            (0.6409295, 0.8632926),
            (0.653613, 0.8904973),
            (0.6113976, 0.8029988),
            (0.6148261, 0.6164707),
            (0.6409384, 0.7455177),
            (0.653613, 0.8904973),
            (0.6802642, 0.9071673),
            (0.670827, 0.9150848),
            (0.6147985, 0.9923199),
            (0.653613, 0.8904973),
            (0.670827, 0.9150848),
            (0.670827, 0.9150848),
            (0.6802642, 0.9071673),
            (0.6999674, 0.9268733),
            (0.6536257, 0.7183156),
            (0.6525151, 0.7497318),
            (0.6409384, 0.7455177),
            (0.6536257, 0.7183156),
            (0.6409384, 0.7455177),
            (0.6148261, 0.6164707),
            (0.6536257, 0.7183156),
            (0.664294, 0.724476),
            (0.6525151, 0.7497318),
            (0.670827, 0.9150848),
            (0.6999674, 0.9268733),
            (0.6920485, 0.9363095),
            (0.6147985, 0.9923199),
            (0.670827, 0.9150848),
            (0.6920485, 0.9363095),
            (0.6920485, 0.9363095),
            (0.6999674, 0.9268733),
            (0.7227932, 0.9428585),
            (0.6708434, 0.6937304),
            (0.664294, 0.724476),
            (0.6536257, 0.7183156),
            (0.6708434, 0.6937304),
            (0.6536257, 0.7183156),
            (0.6148261, 0.6164707),
            (0.6708434, 0.6937304),
            (0.6802795, 0.7016494),
            (0.664294, 0.724476),
            (0.6920485, 0.9363095),
            (0.7227932, 0.9428585),
            (0.7166332, 0.9535265),
            (0.6920485, 0.9363095),
            (0.7166332, 0.9535265),
            (0.6147985, 0.9923199),
            (0.7166332, 0.9535265),
            (0.7227932, 0.9428585),
            (0.7480482, 0.9546365),
            (0.6920686, 0.672509),
            (0.6802795, 0.7016494),
            (0.6708434, 0.6937304),
            (0.6920686, 0.672509),
            (0.6708434, 0.6937304),
            (0.6148261, 0.6164707),
            (0.6920686, 0.672509),
            (0.6999862, 0.6819465),
            (0.6802795, 0.7016494),
            (0.7166332, 0.9535265),
            (0.7438349, 0.9662127),
            (0.6147985, 0.9923199),
            (0.7166332, 0.9535265),
            (0.7480482, 0.9546365),
            (0.7438349, 0.9662127),
            (0.7438349, 0.9662127),
            (0.7480482, 0.9546365),
            (0.7749639, 0.9618469),
            (0.8027192, 0.9957424),
            (0.6147985, 0.9923199),
            (0.7438349, 0.9662127),
            (0.7166567, 0.6552954),
            (0.6999862, 0.6819465),
            (0.6920686, 0.672509),
            (0.6148261, 0.6164707),
            (0.7166567, 0.6552954),
            (0.6920686, 0.672509),
            (0.7166567, 0.6552954),
            (0.7228152, 0.6659646),
            (0.6999862, 0.6819465),
            (0.7438349, 0.9662127),
            (0.7749639, 0.9618469),
            (0.7728258, 0.9739764),
            (0.7728258, 0.9739764),
            (0.8027192, 0.9957424),
            (0.7438349, 0.9662127),
            (0.7728258, 0.9739764),
            (0.7749639, 0.9618469),
            (0.8027214, 0.9642768),
            (0.6148261, 0.6164707),
            (0.7438612, 0.6426122),
            (0.7166567, 0.6552954),
            (0.7438612, 0.6426122),
            (0.7228152, 0.6659646),
            (0.7166567, 0.6552954),
            (0.7438612, 0.6426122),
            (0.748073, 0.6541901),
            (0.7228152, 0.6659646),
            (0.6148261, 0.6164707),
            (0.8027501, 0.6130729),
            (0.7438612, 0.6426122),
            (0.7728258, 0.9739764),
            (0.8027214, 0.9642768),
            (0.8027206, 0.9765944),
            (0.8027206, 0.9765944),
            (0.8027192, 0.9957424),
            (0.7728258, 0.9739764),
            (0.8027206, 0.9765944),
            (0.8027214, 0.9642768),
            (0.8304797, 0.9618505),
            (0.7728531, 0.6348521),
            (0.748073, 0.6541901),
            (0.7438612, 0.6426122),
            (0.8027501, 0.6130729),
            (0.7728531, 0.6348521),
            (0.7438612, 0.6426122),
            (0.7728531, 0.6348521),
            (0.7749901, 0.6469817),
            (0.748073, 0.6541901),
            (0.8027206, 0.9765944),
            (0.8304797, 0.9618505),
            (0.8326165, 0.9739809),
            (0.8027192, 0.9957424),
            (0.8027206, 0.9765944),
            (0.8326165, 0.9739809),
            (0.8326165, 0.9739809),
            (0.8304797, 0.9618505),
            (0.857398, 0.9546441),
            (0.8027485, 0.6322381),
            (0.7749901, 0.6469817),
            (0.7728531, 0.6348521),
            (0.8027501, 0.6130729),
            (0.8027485, 0.6322381),
            (0.7728531, 0.6348521),
            (0.8027485, 0.6322381),
            (0.8027475, 0.644556),
            (0.7749901, 0.6469817),
            (0.8027192, 0.9957424),
            (0.8326165, 0.9739809),
            (0.8616093, 0.9662216),
            (0.8326165, 0.9739809),
            (0.857398, 0.9546441),
            (0.8616093, 0.9662216),
            (0.8616093, 0.9662216),
            (0.857398, 0.9546441),
            (0.8826553, 0.9428704),
            (0.9906428, 0.9923477),
            (0.8027192, 0.9957424),
            (0.8616093, 0.9662216),
            (0.8326439, 0.6348573),
            (0.8027475, 0.644556),
            (0.8027485, 0.6322381),
            (0.8326439, 0.6348573),
            (0.8027485, 0.6322381),
            (0.8027501, 0.6130729),
            (0.8326439, 0.6348573),
            (0.8305051, 0.6469868),
            (0.8027475, 0.644556),
            (0.8616093, 0.9662216),
            (0.8826553, 0.9428704),
            (0.8888136, 0.9535393),
            (0.9906428, 0.9923477),
            (0.8616093, 0.9662216),
            (0.8888136, 0.9535393),
            (0.8888136, 0.9535393),
            (0.8826553, 0.9428704),
            (0.9054834, 0.9268889),
            (0.8326439, 0.6348573),
            (0.8027501, 0.6130729),
            (0.8616359, 0.6426227),
            (0.8616359, 0.6426227),
            (0.8305051, 0.6469868),
            (0.8326439, 0.6348573),
            (0.8616359, 0.6426227),
            (0.8574221, 0.6541995),
            (0.8305051, 0.6469868),
            (0.8027501, 0.6130729),
            (0.990675, 0.6165035),
            (0.8616359, 0.6426227),
            (0.8888136, 0.9535393),
            (0.9054834, 0.9268889),
            (0.9134009, 0.936326),
            (0.9906428, 0.9923477),
            (0.8888136, 0.9535393),
            (0.9134009, 0.936326),
            (0.9134009, 0.936326),
            (0.9054834, 0.9268889),
            (0.9251893, 0.9071862),
            (0.8888381, 0.6553103),
            (0.8574221, 0.6541995),
            (0.8616359, 0.6426227),
            (0.8888381, 0.6553103),
            (0.8616359, 0.6426227),
            (0.990675, 0.6165035),
            (0.8888381, 0.6553103),
            (0.8826778, 0.6659784),
            (0.8574221, 0.6541995),
            (0.9134009, 0.936326),
            (0.9251893, 0.9071862),
            (0.9346253, 0.9151052),
            (0.9906428, 0.9923477),
            (0.9134009, 0.936326),
            (0.9346253, 0.9151052),
            (0.9346253, 0.9151052),
            (0.9251893, 0.9071862),
            (0.9411744, 0.8843607),
            (0.9134229, 0.672528),
            (0.8826778, 0.6659784),
            (0.8888381, 0.6553103),
            (0.9134229, 0.672528),
            (0.8888381, 0.6553103),
            (0.990675, 0.6165035),
            (0.9134229, 0.672528),
            (0.9055037, 0.681964),
            (0.8826778, 0.6659784),
            (0.9346253, 0.9151052),
            (0.9411744, 0.8843607),
            (0.9518424, 0.8905207),
            (0.9346253, 0.9151052),
            (0.9518424, 0.8905207),
            (0.9906428, 0.9923477),
            (0.9518424, 0.8905207),
            (0.9411744, 0.8843607),
            (0.9529523, 0.8591053),
            (0.934644, 0.6937529),
            (0.9055037, 0.681964),
            (0.9134229, 0.672528),
            (0.934644, 0.6937529),
            (0.9134229, 0.672528),
            (0.990675, 0.6165035),
            (0.934644, 0.6937529),
            (0.9252067, 0.7016704),
            (0.9055037, 0.681964),
            (0.9518424, 0.8905207),
            (0.9645287, 0.8633188),
            (0.9906428, 0.9923477),
            (0.9518424, 0.8905207),
            (0.9529523, 0.8591053),
            (0.9645287, 0.8633188),
            (0.9645287, 0.8633188),
            (0.9529523, 0.8591053),
            (0.9601631, 0.8321888),
            (0.9940675, 0.8044254),
            (0.9906428, 0.9923477),
            (0.9645287, 0.8633188),
            (0.951857, 0.7183404),
            (0.9252067, 0.7016704),
            (0.934644, 0.6937529),
            (0.990675, 0.6165035),
            (0.951857, 0.7183404),
            (0.934644, 0.6937529),
            (0.951857, 0.7183404),
            (0.9411882, 0.7244986),
            (0.9252067, 0.7016704),
            (0.9645287, 0.8633188),
            (0.9601631, 0.8321888),
            (0.9722928, 0.8343272),
            (0.9722928, 0.8343272),
            (0.9940675, 0.8044254),
            (0.9645287, 0.8633188),
            (0.9722928, 0.8343272),
            (0.9601631, 0.8321888),
            (0.9625936, 0.8044308),
            (0.990675, 0.6165035),
            (0.9645389, 0.7455443),
            (0.951857, 0.7183404),
            (0.9645389, 0.7455443),
            (0.9411882, 0.7244986),
            (0.951857, 0.7183404),
            (0.990675, 0.6165035),
            (0.9940675, 0.8044254),
            (0.9645389, 0.7455443),
            (0.9645389, 0.7455443),
            (0.9529616, 0.7497555),
            (0.9411882, 0.7244986),
            (0.9722928, 0.8343272),
            (0.9625936, 0.8044308),
            (0.9749112, 0.8044319),
            (0.9749112, 0.8044319),
            (0.9940675, 0.8044254),
            (0.9722928, 0.8343272),
            (0.9749112, 0.8044319),
            (0.9625936, 0.8044308),
            (0.9601678, 0.776673),
            (0.9722979, 0.7745363),
            (0.9529616, 0.7497555),
            (0.9645389, 0.7455443),
            (0.9940675, 0.8044254),
            (0.9722979, 0.7745363),
            (0.9645389, 0.7455443),
            (0.9940675, 0.8044254),
            (0.9749112, 0.8044319),
            (0.9722979, 0.7745363),
            (0.9749112, 0.8044319),
            (0.9601678, 0.776673),
            (0.9722979, 0.7745363),
            (0.9722979, 0.7745363),
            (0.9601678, 0.776673),
            (0.9529616, 0.7497555),
            (0.5294049, 0.9253065),
            (0.5241197, 0.926167),
            (0.528136, 0.9238086),
            (0.5294049, 0.9253065),
            (0.5264731, 0.928891),
            (0.5241197, 0.926167),
            (0.528136, 0.9238086),
            (0.5241197, 0.926167),
            (0.5228898, 0.9227855),
            (0.5311328, 0.9262477),
            (0.5264731, 0.928891),
            (0.5294049, 0.9253065),
            (0.5311328, 0.9262477),
            (0.5296116, 0.9305902),
            (0.5264731, 0.928891),
            (0.533074, 0.9265468),
            (0.5311328, 0.9262477),
            (0.5294049, 0.9253065),
            (0.533074, 0.9265468),
            (0.5296116, 0.9305902),
            (0.5311328, 0.9262477),
            (0.5294049, 0.9253065),
            (0.528136, 0.9238086),
            (0.533074, 0.9265468),
            (0.533074, 0.9265468),
            (0.5331194, 0.9311258),
            (0.5296116, 0.9305902),
            (0.528136, 0.9238086),
            (0.5274419, 0.9219727),
            (0.533074, 0.9265468),
            (0.528136, 0.9238086),
            (0.5228898, 0.9227855),
            (0.5274419, 0.9219727),
            (0.5274419, 0.9219727),
            (0.5280905, 0.91817),
            (0.533074, 0.9265468),
            (0.5274419, 0.9219727),
            (0.5274169, 0.9200109),
            (0.5280905, 0.91817),
            (0.5274419, 0.9219727),
            (0.5228898, 0.9227855),
            (0.5228847, 0.9192203),
            (0.5274419, 0.9219727),
            (0.5228847, 0.9192203),
            (0.5274169, 0.9200109),
            (0.5274169, 0.9200109),
            (0.5228847, 0.9192203),
            (0.5241225, 0.9159024),
            (0.5274169, 0.9200109),
            (0.5241225, 0.9159024),
            (0.5280905, 0.91817),
            (0.5280905, 0.91817),
            (0.5241225, 0.9159024),
            (0.5263625, 0.9131719),
            (0.5349944, 0.9261632),
            (0.5331194, 0.9311258),
            (0.533074, 0.9265468),
            (0.5349944, 0.9261632),
            (0.5365909, 0.930446),
            (0.5331194, 0.9311258),
            (0.5366703, 0.9251531),
            (0.5365909, 0.930446),
            (0.5349944, 0.9261632),
            (0.5366703, 0.9251531),
            (0.5349944, 0.9261632),
            (0.533074, 0.9265468),
            (0.5366703, 0.9251531),
            (0.5396254, 0.928636),
            (0.5365909, 0.930446),
            (0.5379326, 0.9236526),
            (0.5396254, 0.928636),
            (0.5366703, 0.9251531),
            (0.5379326, 0.9236526),
            (0.5366703, 0.9251531),
            (0.533074, 0.9265468),
            (0.5379326, 0.9236526),
            (0.5419098, 0.9259357),
            (0.5396254, 0.928636),
            (0.5385802, 0.9217985),
            (0.5419098, 0.9259357),
            (0.5379326, 0.9236526),
            (0.5385802, 0.9217985),
            (0.5379326, 0.9236526),
            (0.533074, 0.9265468),
            (0.5385802, 0.9217985),
            (0.5431113, 0.9225969),
            (0.5419098, 0.9259357),
            (0.5385593, 0.9198316),
            (0.5431113, 0.9225969),
            (0.5385802, 0.9217985),
            (0.5385593, 0.9198316),
            (0.5431113, 0.9190253),
            (0.5431113, 0.9225969),
            (0.5378611, 0.9180021),
            (0.5385593, 0.9198316),
            (0.5385802, 0.9217985),
            (0.5378611, 0.9180021),
            (0.5431113, 0.9190253),
            (0.5385593, 0.9198316),
            (0.5378611, 0.9180021),
            (0.5385802, 0.9217985),
            (0.533074, 0.9265468),
            (0.5378611, 0.9180021),
            (0.5418774, 0.9156398),
            (0.5431113, 0.9190253),
            (0.5348644, 0.9155707),
            (0.5378611, 0.9180021),
            (0.533074, 0.9265468),
            (0.5280905, 0.91817),
            (0.5348644, 0.9155707),
            (0.533074, 0.9265468),
            (0.5365922, 0.9165056),
            (0.5418774, 0.9156398),
            (0.5378611, 0.9180021),
            (0.5348644, 0.9155707),
            (0.5365922, 0.9165056),
            (0.5378611, 0.9180021),
            (0.5365922, 0.9165056),
            (0.5395163, 0.9129171),
            (0.5418774, 0.9156398),
            (0.5348644, 0.9155707),
            (0.5395163, 0.9129171),
            (0.5365922, 0.9165056),
            (0.5348644, 0.9155707),
            (0.5363698, 0.911227),
            (0.5395163, 0.9129171),
            (0.5329309, 0.9152809),
            (0.5363698, 0.911227),
            (0.5348644, 0.9155707),
            (0.5329309, 0.9152809),
            (0.5348644, 0.9155707),
            (0.5280905, 0.91817),
            (0.5329309, 0.9152809),
            (0.5328621, 0.9107081),
            (0.5363698, 0.911227),
            (0.5310029, 0.9156358),
            (0.5328621, 0.9107081),
            (0.5329309, 0.9152809),
            (0.5310029, 0.9156358),
            (0.5329309, 0.9152809),
            (0.5280905, 0.91817),
            (0.5310029, 0.9156358),
            (0.5293894, 0.9113556),
            (0.5328621, 0.9107081),
            (0.5280905, 0.91817),
            (0.5293244, 0.9166513),
            (0.5310029, 0.9156358),
            (0.5293244, 0.9166513),
            (0.5293894, 0.9113556),
            (0.5310029, 0.9156358),
            (0.5280905, 0.91817),
            (0.5263625, 0.9131719),
            (0.5293244, 0.9166513),
            (0.5293244, 0.9166513),
            (0.5263625, 0.9131719),
            (0.5293894, 0.9113556),
            (0.4403134, 0.279795),
            (0.4590386, 0.2708223),
            (0.4526547, 0.2843402),
            (0.4403134, 0.279795),
            (0.4442642, 0.2653762),
            (0.4590386, 0.2708223),
            (0.4526547, 0.2843402),
            (0.4590386, 0.2708223),
            (0.4726503, 0.2787376),
            (0.4273748, 0.2774181),
            (0.4442642, 0.2653762),
            (0.4403134, 0.279795),
            (0.4273748, 0.2774181),
            (0.4287743, 0.2625262),
            (0.4442642, 0.2653762),
            (0.4526547, 0.2843402),
            (0.4726503, 0.2787376),
            (0.4640257, 0.2909513),
            (0.4640257, 0.2909513),
            (0.4726503, 0.2787376),
            (0.4846947, 0.2888865),
            (0.4142156, 0.2773459),
            (0.4287743, 0.2625262),
            (0.4273748, 0.2774181),
            (0.4142156, 0.2773459),
            (0.4130167, 0.2624316),
            (0.4287743, 0.2625262),
            (0.4640257, 0.2909513),
            (0.4846947, 0.2888865),
            (0.4740853, 0.2994306),
            (0.4740853, 0.2994306),
            (0.4846947, 0.2888865),
            (0.4948112, 0.3009685),
            (0.4130167, 0.2624316),
            (0.4142156, 0.2773459),
            (0.4012267, 0.2795355),
            (0.4130167, 0.2624316),
            (0.4012267, 0.2795355),
            (0.3974624, 0.2650313),
            (0.4740853, 0.2994306),
            (0.4948112, 0.3009685),
            (0.4825319, 0.3095263),
            (0.4825319, 0.3095263),
            (0.4948112, 0.3009685),
            (0.5026961, 0.3146265),
            (0.3974624, 0.2650313),
            (0.4012267, 0.2795355),
            (0.3888016, 0.2839639),
            (0.3974624, 0.2650313),
            (0.3888016, 0.2839639),
            (0.3825839, 0.270314),
            (0.4825319, 0.3095263),
            (0.5026961, 0.3146265),
            (0.4891101, 0.320939),
            (0.4891101, 0.320939),
            (0.5026961, 0.3146265),
            (0.5081089, 0.3294566),
            (0.3825839, 0.270314),
            (0.3888016, 0.2839639),
            (0.3773203, 0.2904856),
            (0.3825839, 0.270314),
            (0.3773203, 0.2904856),
            (0.368822, 0.2780988),
            (0.4891101, 0.320939),
            (0.5081089, 0.3294566),
            (0.4936192, 0.3333306),
            (0.4936192, 0.3333306),
            (0.5081089, 0.3294566),
            (0.5108449, 0.3450281),
            (0.368822, 0.2780988),
            (0.3773203, 0.2904856),
            (0.3671276, 0.2988971),
            (0.368822, 0.2780988),
            (0.3671276, 0.2988971),
            (0.3565931, 0.2881629),
            (0.4936192, 0.3333306),
            (0.5108449, 0.3450281),
            (0.4958819, 0.3463381),
            (0.4958819, 0.3463381),
            (0.5108449, 0.3450281),
            (0.5108449, 0.3608653),
            (0.3565931, 0.2881629),
            (0.3671276, 0.2988971),
            (0.3585587, 0.3089748),
            (0.3565931, 0.2881629),
            (0.3585587, 0.3089748),
            (0.346283, 0.3002309),
            (0.4958819, 0.3463381),
            (0.5108449, 0.3608653),
            (0.4958659, 0.359549),
            (0.4958659, 0.359549),
            (0.5108449, 0.3608653),
            (0.5081132, 0.3764994),
            (0.346283, 0.3002309),
            (0.3585587, 0.3089748),
            (0.3518798, 0.3204115),
            (0.346283, 0.3002309),
            (0.3518798, 0.3204115),
            (0.3382226, 0.3139555),
            (0.4958659, 0.359549),
            (0.5081132, 0.3764994),
            (0.4935637, 0.3725695),
            (0.4935637, 0.3725695),
            (0.5081132, 0.3764994),
            (0.5026698, 0.3914548),
            (0.3382226, 0.3139555),
            (0.3518798, 0.3204115),
            (0.3473245, 0.3328467),
            (0.3382226, 0.3139555),
            (0.3473245, 0.3328467),
            (0.3327742, 0.3289102),
            (0.4935637, 0.3725695),
            (0.5026698, 0.3914548),
            (0.4890113, 0.3850036),
            (0.4890113, 0.3850036),
            (0.5026698, 0.3914548),
            (0.4946148, 0.4051811),
            (0.3327742, 0.3289102),
            (0.3473245, 0.3328467),
            (0.3450187, 0.3458735),
            (0.3327742, 0.3289102),
            (0.3450187, 0.3458735),
            (0.3300344, 0.3445446),
            (0.4890113, 0.3850036),
            (0.4946148, 0.4051811),
            (0.4823338, 0.3964424),
            (0.4823338, 0.3964424),
            (0.4946148, 0.4051811),
            (0.484312, 0.417255),
            (0.3300344, 0.3445446),
            (0.3450187, 0.3458735),
            (0.3450185, 0.3590848),
            (0.3300344, 0.3445446),
            (0.3450185, 0.3590848),
            (0.3300579, 0.3603823),
            (0.4823338, 0.3964424),
            (0.484312, 0.417255),
            (0.4737652, 0.4065272),
            (0.4737652, 0.4065272),
            (0.484312, 0.417255),
            (0.4720698, 0.4273008),
            (0.3300579, 0.3603823),
            (0.3450185, 0.3590848),
            (0.3473123, 0.3720776),
            (0.3300579, 0.3603823),
            (0.3473123, 0.3720776),
            (0.3328255, 0.3759481),
            (0.4737652, 0.4065272),
            (0.4720698, 0.4273008),
            (0.4635658, 0.4149258),
            (0.4635658, 0.4149258),
            (0.4720698, 0.4273008),
            (0.4583124, 0.4350902),
            (0.3328255, 0.3759481),
            (0.3473123, 0.3720776),
            (0.3517909, 0.3844774),
            (0.3328255, 0.3759481),
            (0.3517909, 0.3844774),
            (0.3382046, 0.3907917),
            (0.4635658, 0.4149258),
            (0.4583124, 0.4350902),
            (0.452093, 0.4214449),
            (0.452093, 0.4214449),
            (0.4583124, 0.4350902),
            (0.4434352, 0.4403733),
            (0.3382046, 0.3907917),
            (0.3517909, 0.3844774),
            (0.3583738, 0.3958923),
            (0.3382046, 0.3907917),
            (0.3583738, 0.3958923),
            (0.3460896, 0.40445),
            (0.452093, 0.4214449),
            (0.4434352, 0.4403733),
            (0.4396721, 0.4258711),
            (0.4396721, 0.4258711),
            (0.4434352, 0.4403733),
            (0.4278813, 0.4429709),
            (0.3460896, 0.40445),
            (0.3583738, 0.3958923),
            (0.3668121, 0.4059967),
            (0.3460896, 0.40445),
            (0.3668121, 0.4059967),
            (0.3562012, 0.4165362),
            (0.4396721, 0.4258711),
            (0.4278813, 0.4429709),
            (0.4266853, 0.4280573),
            (0.4121237, 0.442873),
            (0.4266853, 0.4280573),
            (0.4278813, 0.4429709),
            (0.3562012, 0.4165362),
            (0.3668121, 0.4059967),
            (0.376871, 0.4144748),
            (0.3562012, 0.4165362),
            (0.376871, 0.4144748),
            (0.368244, 0.4266871),
            (0.4121237, 0.442873),
            (0.4135284, 0.4279833),
            (0.4266853, 0.4280573),
            (0.3966277, 0.4400546),
            (0.4135284, 0.4279833),
            (0.4121237, 0.442873),
            (0.368244, 0.4266871),
            (0.376871, 0.4144748),
            (0.3882419, 0.4210874),
            (0.368244, 0.4266871),
            (0.3882419, 0.4210874),
            (0.381855, 0.4346047),
            (0.381855, 0.4346047),
            (0.4005842, 0.4256361),
            (0.3966277, 0.4400546),
            (0.3966277, 0.4400546),
            (0.4005842, 0.4256361),
            (0.4135284, 0.4279833),
            (0.381855, 0.4346047),
            (0.3882419, 0.4210874),
            (0.4005842, 0.4256361),
            (0.3583738, 0.3958923),
            (0.3784112, 0.394461),
            (0.3668121, 0.4059967),
            (0.3668121, 0.4059967),
            (0.386302, 0.4011153),
            (0.376871, 0.4144748),
            (0.3668121, 0.4059967),
            (0.3784112, 0.394461),
            (0.386302, 0.4011153),
            (0.376871, 0.4144748),
            (0.3952214, 0.4063016),
            (0.3882419, 0.4210874),
            (0.376871, 0.4144748),
            (0.386302, 0.4011153),
            (0.3952214, 0.4063016),
            (0.3882419, 0.4210874),
            (0.4049023, 0.4098658),
            (0.4005842, 0.4256361),
            (0.3882419, 0.4210874),
            (0.3952214, 0.4063016),
            (0.4049023, 0.4098658),
            (0.4005842, 0.4256361),
            (0.415055, 0.4117011),
            (0.4135284, 0.4279833),
            (0.4005842, 0.4256361),
            (0.4049023, 0.4098658),
            (0.415055, 0.4117011),
            (0.4135284, 0.4279833),
            (0.4253758, 0.411751),
            (0.4266853, 0.4280573),
            (0.4135284, 0.4279833),
            (0.415055, 0.4117011),
            (0.4253758, 0.411751),
            (0.3583738, 0.3958923),
            (0.3718003, 0.3865323),
            (0.3784112, 0.394461),
            (0.3517909, 0.3844774),
            (0.3718003, 0.3865323),
            (0.3583738, 0.3958923),
            (0.435554, 0.4100221),
            (0.4266853, 0.4280573),
            (0.4253758, 0.411751),
            (0.435554, 0.4100221),
            (0.4396721, 0.4258711),
            (0.4266853, 0.4280573),
            (0.3517909, 0.3844774),
            (0.3666504, 0.377582),
            (0.3718003, 0.3865323),
            (0.3473123, 0.3720776),
            (0.3666504, 0.377582),
            (0.3517909, 0.3844774),
            (0.445278, 0.4065432),
            (0.4396721, 0.4258711),
            (0.435554, 0.4100221),
            (0.445278, 0.4065432),
            (0.452093, 0.4214449),
            (0.4396721, 0.4258711),
            (0.3473123, 0.3720776),
            (0.3631435, 0.3678653),
            (0.3666504, 0.377582),
            (0.3450185, 0.3590848),
            (0.3631435, 0.3678653),
            (0.3473123, 0.3720776),
            (0.4542558, 0.4014265),
            (0.452093, 0.4214449),
            (0.445278, 0.4065432),
            (0.4542558, 0.4014265),
            (0.4635658, 0.4149258),
            (0.452093, 0.4214449),
            (0.3450185, 0.3590848),
            (0.361361, 0.3576876),
            (0.3631435, 0.3678653),
            (0.3450187, 0.3458735),
            (0.361361, 0.3576876),
            (0.3450185, 0.3590848),
            (0.4622257, 0.394832),
            (0.4635658, 0.4149258),
            (0.4542558, 0.4014265),
            (0.4622257, 0.394832),
            (0.4737652, 0.4065272),
            (0.4635658, 0.4149258),
            (0.3450187, 0.3458735),
            (0.3613741, 0.3473451),
            (0.361361, 0.3576876),
            (0.3473245, 0.3328467),
            (0.3613741, 0.3473451),
            (0.3450187, 0.3458735),
            (0.4689212, 0.3869313),
            (0.4737652, 0.4065272),
            (0.4622257, 0.394832),
            (0.4689212, 0.3869313),
            (0.4823338, 0.3964424),
            (0.4737652, 0.4065272),
            (0.3473245, 0.3328467),
            (0.3631893, 0.3371551),
            (0.3613741, 0.3473451),
            (0.3518798, 0.3204115),
            (0.3631893, 0.3371551),
            (0.3473245, 0.3328467),
            (0.4741347, 0.377982),
            (0.4823338, 0.3964424),
            (0.4689212, 0.3869313),
            (0.4741347, 0.377982),
            (0.4890113, 0.3850036),
            (0.4823338, 0.3964424),
            (0.3518798, 0.3204115),
            (0.3667559, 0.3274337),
            (0.3631893, 0.3371551),
            (0.3585587, 0.3089748),
            (0.3667559, 0.3274337),
            (0.3518798, 0.3204115),
            (0.4777021, 0.3682616),
            (0.4890113, 0.3850036),
            (0.4741347, 0.377982),
            (0.4777021, 0.3682616),
            (0.4935637, 0.3725695),
            (0.4890113, 0.3850036),
            (0.3585587, 0.3089748),
            (0.3719665, 0.3184847),
            (0.3667559, 0.3274337),
            (0.3671276, 0.2988971),
            (0.3719665, 0.3184847),
            (0.3585587, 0.3089748),
            (0.4795179, 0.3580734),
            (0.4935637, 0.3725695),
            (0.4777021, 0.3682616),
            (0.4795179, 0.3580734),
            (0.4958659, 0.359549),
            (0.4935637, 0.3725695),
            (0.3671276, 0.2988971),
            (0.3786651, 0.3105883),
            (0.3719665, 0.3184847),
            (0.3773203, 0.2904856),
            (0.3786651, 0.3105883),
            (0.3671276, 0.2988971),
            (0.4795339, 0.3477308),
            (0.4958659, 0.359549),
            (0.4795179, 0.3580734),
            (0.4795339, 0.3477308),
            (0.4958819, 0.3463381),
            (0.4958659, 0.359549),
            (0.3773203, 0.2904856),
            (0.3866401, 0.3039936),
            (0.3786651, 0.3105883),
            (0.3888016, 0.2839639),
            (0.3866401, 0.3039936),
            (0.3773203, 0.2904856),
            (0.4777738, 0.3375424),
            (0.4958819, 0.3463381),
            (0.4795339, 0.3477308),
            (0.4777738, 0.3375424),
            (0.4936192, 0.3333306),
            (0.4958819, 0.3463381),
            (0.3888016, 0.2839639),
            (0.3956216, 0.2988712),
            (0.3866401, 0.3039936),
            (0.4012267, 0.2795355),
            (0.3956216, 0.2988712),
            (0.3888016, 0.2839639),
            (0.4742508, 0.3278275),
            (0.4936192, 0.3333306),
            (0.4777738, 0.3375424),
            (0.4742508, 0.3278275),
            (0.4891101, 0.320939),
            (0.4936192, 0.3333306),
            (0.4012267, 0.2795355),
            (0.4053499, 0.2953894),
            (0.3956216, 0.2988712),
            (0.4142156, 0.2773459),
            (0.4053499, 0.2953894),
            (0.4012267, 0.2795355),
            (0.469101, 0.3188768),
            (0.4891101, 0.320939),
            (0.4742508, 0.3278275),
            (0.469101, 0.3188768),
            (0.4825319, 0.3095263),
            (0.4891101, 0.320939),
            (0.4142156, 0.2773459),
            (0.4155277, 0.2936504),
            (0.4053499, 0.2953894),
            (0.4155277, 0.2936504),
            (0.4142156, 0.2773459),
            (0.4273748, 0.2774181),
            (0.462482, 0.3109581),
            (0.4825319, 0.3095263),
            (0.469101, 0.3188768),
            (0.462482, 0.3109581),
            (0.4740853, 0.2994306),
            (0.4825319, 0.3095263),
            (0.4155277, 0.2936504),
            (0.4273748, 0.2774181),
            (0.4258494, 0.2937069),
            (0.4258494, 0.2937069),
            (0.4273748, 0.2774181),
            (0.4403134, 0.279795),
            (0.454595, 0.3043077),
            (0.4740853, 0.2994306),
            (0.462482, 0.3109581),
            (0.454595, 0.3043077),
            (0.4640257, 0.2909513),
            (0.4740853, 0.2994306),
            (0.4258494, 0.2937069),
            (0.4403134, 0.279795),
            (0.4359991, 0.2955624),
            (0.4359991, 0.2955624),
            (0.4403134, 0.279795),
            (0.4526547, 0.2843402),
            (0.4456778, 0.2991241),
            (0.4526547, 0.2843402),
            (0.4640257, 0.2909513),
            (0.4456778, 0.2991241),
            (0.4640257, 0.2909513),
            (0.454595, 0.3043077),
            (0.4359991, 0.2955624),
            (0.4526547, 0.2843402),
            (0.4456778, 0.2991241),
            (0.4155277, 0.2936504),
            (0.4095502, 0.3114153),
            (0.4053499, 0.2953894),
            (0.4168871, 0.310153),
            (0.4155277, 0.2936504),
            (0.4258494, 0.2937069),
            (0.4155277, 0.2936504),
            (0.4168871, 0.310153),
            (0.4095502, 0.3114153),
            (0.424329, 0.310194),
            (0.4258494, 0.2937069),
            (0.4359991, 0.2955624),
            (0.4168871, 0.310153),
            (0.4258494, 0.2937069),
            (0.424329, 0.310194),
            (0.431646, 0.3115207),
            (0.4359991, 0.2955624),
            (0.4456778, 0.2991241),
            (0.424329, 0.310194),
            (0.4359991, 0.2955624),
            (0.431646, 0.3115207),
            (0.4386232, 0.3140894),
            (0.4456778, 0.2991241),
            (0.454595, 0.3043077),
            (0.431646, 0.3115207),
            (0.4456778, 0.2991241),
            (0.4386232, 0.3140894),
            (0.4450532, 0.3178264),
            (0.454595, 0.3043077),
            (0.462482, 0.3109581),
            (0.4386232, 0.3140894),
            (0.454595, 0.3043077),
            (0.4450532, 0.3178264),
            (0.4053499, 0.2953894),
            (0.4095502, 0.3114153),
            (0.4025433, 0.3139319),
            (0.4053499, 0.2953894),
            (0.4025433, 0.3139319),
            (0.3956216, 0.2988712),
            (0.4450532, 0.3178264),
            (0.462482, 0.3109581),
            (0.4507388, 0.3226219),
            (0.4507388, 0.3226219),
            (0.462482, 0.3109581),
            (0.469101, 0.3188768),
            (0.3956216, 0.2988712),
            (0.4025433, 0.3139319),
            (0.3960792, 0.3176277),
            (0.3956216, 0.2988712),
            (0.3960792, 0.3176277),
            (0.3866401, 0.3039936),
            (0.4507388, 0.3226219),
            (0.469101, 0.3188768),
            (0.4555082, 0.3283315),
            (0.4555082, 0.3283315),
            (0.469101, 0.3188768),
            (0.4742508, 0.3278275),
            (0.3866401, 0.3039936),
            (0.3960792, 0.3176277),
            (0.3903464, 0.3223816),
            (0.3866401, 0.3039936),
            (0.3903464, 0.3223816),
            (0.3786651, 0.3105883),
            (0.4555082, 0.3283315),
            (0.4742508, 0.3278275),
            (0.4592135, 0.3347863),
            (0.4592135, 0.3347863),
            (0.4742508, 0.3278275),
            (0.4777738, 0.3375424),
            (0.3786651, 0.3105883),
            (0.3903464, 0.3223816),
            (0.3855279, 0.3280679),
            (0.3786651, 0.3105883),
            (0.3855279, 0.3280679),
            (0.3719665, 0.3184847),
            (0.4592135, 0.3347863),
            (0.4777738, 0.3375424),
            (0.4617472, 0.341788),
            (0.4617472, 0.341788),
            (0.4777738, 0.3375424),
            (0.4795339, 0.3477308),
            (0.3719665, 0.3184847),
            (0.3855279, 0.3280679),
            (0.381779, 0.3345125),
            (0.3719665, 0.3184847),
            (0.381779, 0.3345125),
            (0.3667559, 0.3274337),
            (0.4617472, 0.341788),
            (0.4795339, 0.3477308),
            (0.4630128, 0.3491264),
            (0.4630128, 0.3491264),
            (0.4795339, 0.3477308),
            (0.4795179, 0.3580734),
            (0.3667559, 0.3274337),
            (0.381779, 0.3345125),
            (0.3792102, 0.3415093),
            (0.3667559, 0.3274337),
            (0.3792102, 0.3415093),
            (0.3631893, 0.3371551),
            (0.4630128, 0.3491264),
            (0.4795179, 0.3580734),
            (0.462997, 0.3565731),
            (0.462997, 0.3565731),
            (0.4795179, 0.3580734),
            (0.4777021, 0.3682616),
            (0.3631893, 0.3371551),
            (0.3792102, 0.3415093),
            (0.3778989, 0.3488442),
            (0.3631893, 0.3371551),
            (0.3778989, 0.3488442),
            (0.3613741, 0.3473451),
            (0.462997, 0.3565731),
            (0.4777021, 0.3682616),
            (0.4616858, 0.3639055),
            (0.4616858, 0.3639055),
            (0.4777021, 0.3682616),
            (0.4741347, 0.377982),
            (0.3613741, 0.3473451),
            (0.3778989, 0.3488442),
            (0.3778828, 0.3562928),
            (0.3613741, 0.3473451),
            (0.3778828, 0.3562928),
            (0.361361, 0.3576876),
            (0.4616858, 0.3639055),
            (0.4741347, 0.377982),
            (0.4591174, 0.3708992),
            (0.4591174, 0.3708992),
            (0.4741347, 0.377982),
            (0.4689212, 0.3869313),
            (0.361361, 0.3576876),
            (0.3778828, 0.3562928),
            (0.3791604, 0.3636287),
            (0.361361, 0.3576876),
            (0.3791604, 0.3636287),
            (0.3631435, 0.3678653),
            (0.4591174, 0.3708992),
            (0.4689212, 0.3869313),
            (0.4553694, 0.3773392),
            (0.4553694, 0.3773392),
            (0.4689212, 0.3869313),
            (0.4622257, 0.394832),
            (0.3631435, 0.3678653),
            (0.3791604, 0.3636287),
            (0.3816904, 0.3706301),
            (0.3631435, 0.3678653),
            (0.3816904, 0.3706301),
            (0.3666504, 0.377582),
            (0.4553694, 0.3773392),
            (0.4622257, 0.394832),
            (0.4505574, 0.3830275),
            (0.4505574, 0.3830275),
            (0.4622257, 0.394832),
            (0.4542558, 0.4014265),
            (0.3666504, 0.377582),
            (0.3816904, 0.3706301),
            (0.3853964, 0.377084),
            (0.3666504, 0.377582),
            (0.3853964, 0.377084),
            (0.3718003, 0.3865323),
            (0.4505574, 0.3830275),
            (0.4542558, 0.4014265),
            (0.4448292, 0.38779),
            (0.4448292, 0.38779),
            (0.4542558, 0.4014265),
            (0.445278, 0.4065432),
            (0.3718003, 0.3865323),
            (0.3853964, 0.377084),
            (0.3901643, 0.3827968),
            (0.3718003, 0.3865323),
            (0.3901643, 0.3827968),
            (0.3784112, 0.394461),
            (0.4448292, 0.38779),
            (0.445278, 0.4065432),
            (0.4383628, 0.3914841),
            (0.4383628, 0.3914841),
            (0.445278, 0.4065432),
            (0.435554, 0.4100221),
            (0.3784112, 0.394461),
            (0.3901643, 0.3827968),
            (0.3958499, 0.3875948),
            (0.3784112, 0.394461),
            (0.3958499, 0.3875948),
            (0.386302, 0.4011153),
            (0.4383628, 0.3914841),
            (0.435554, 0.4100221),
            (0.4313545, 0.3939992),
            (0.4313545, 0.3939992),
            (0.435554, 0.4100221),
            (0.4253758, 0.411751),
            (0.386302, 0.4011153),
            (0.3958499, 0.3875948),
            (0.4022803, 0.3913341),
            (0.386302, 0.4011153),
            (0.4022803, 0.3913341),
            (0.3952214, 0.4063016),
            (0.4313545, 0.3939992),
            (0.4253758, 0.411751),
            (0.4240192, 0.3952516),
            (0.415055, 0.4117011),
            (0.4240192, 0.3952516),
            (0.4253758, 0.411751),
            (0.3952214, 0.4063016),
            (0.4022803, 0.3913341),
            (0.4092612, 0.3939022),
            (0.3952214, 0.4063016),
            (0.4092612, 0.3939022),
            (0.4049023, 0.4098658),
            (0.4049023, 0.4098658),
            (0.4165812, 0.3952214),
            (0.415055, 0.4117011),
            (0.415055, 0.4117011),
            (0.4165812, 0.3952214),
            (0.4240192, 0.3952516),
            (0.4049023, 0.4098658),
            (0.4092612, 0.3939022),
            (0.4165812, 0.3952214),
            (0.3901643, 0.3827968),
            (0.4048264, 0.3748751),
            (0.3958499, 0.3875948),
            (0.3958499, 0.3875948),
            (0.4089138, 0.3772514),
            (0.4022803, 0.3913341),
            (0.3958499, 0.3875948),
            (0.4048264, 0.3748751),
            (0.4089138, 0.3772514),
            (0.4022803, 0.3913341),
            (0.4133514, 0.3788828),
            (0.4092612, 0.3939022),
            (0.4022803, 0.3913341),
            (0.4089138, 0.3772514),
            (0.4133514, 0.3788828),
            (0.4092612, 0.3939022),
            (0.4180049, 0.3797196),
            (0.4165812, 0.3952214),
            (0.4092612, 0.3939022),
            (0.4133514, 0.3788828),
            (0.4180049, 0.3797196),
            (0.4165812, 0.3952214),
            (0.4227333, 0.3797366),
            (0.4240192, 0.3952516),
            (0.4165812, 0.3952214),
            (0.4180049, 0.3797196),
            (0.4227333, 0.3797366),
            (0.4273934, 0.3789335),
            (0.4313545, 0.3939992),
            (0.4240192, 0.3952516),
            (0.4273934, 0.3789335),
            (0.4240192, 0.3952516),
            (0.4227333, 0.3797366),
            (0.3901643, 0.3827968),
            (0.4012129, 0.3718256),
            (0.4048264, 0.3748751),
            (0.3853964, 0.377084),
            (0.4012129, 0.3718256),
            (0.3901643, 0.3827968),
            (0.4318432, 0.3773327),
            (0.4313545, 0.3939992),
            (0.4273934, 0.3789335),
            (0.4318432, 0.3773327),
            (0.4383628, 0.3914841),
            (0.4313545, 0.3939992),
            (0.3853964, 0.377084),
            (0.3981834, 0.3681951),
            (0.4012129, 0.3718256),
            (0.3816904, 0.3706301),
            (0.3981834, 0.3681951),
            (0.3853964, 0.377084),
            (0.4359476, 0.3749833),
            (0.4383628, 0.3914841),
            (0.4318432, 0.3773327),
            (0.4359476, 0.3749833),
            (0.4448292, 0.38779),
            (0.4383628, 0.3914841),
            (0.3816904, 0.3706301),
            (0.3958294, 0.3640937),
            (0.3981834, 0.3681951),
            (0.3791604, 0.3636287),
            (0.3958294, 0.3640937),
            (0.3816904, 0.3706301),
            (0.4395819, 0.3719566),
            (0.4448292, 0.38779),
            (0.4359476, 0.3749833),
            (0.4395819, 0.3719566),
            (0.4505574, 0.3830275),
            (0.4448292, 0.38779),
            (0.3791604, 0.3636287),
            (0.3942231, 0.3596456),
            (0.3958294, 0.3640937),
            (0.3778828, 0.3562928),
            (0.3942231, 0.3596456),
            (0.3791604, 0.3636287),
            (0.4426342, 0.368344),
            (0.4505574, 0.3830275),
            (0.4395819, 0.3719566),
            (0.4426342, 0.368344),
            (0.4553694, 0.3773392),
            (0.4505574, 0.3830275),
            (0.3778828, 0.3562928),
            (0.3934135, 0.3549858),
            (0.3942231, 0.3596456),
            (0.3778989, 0.3488442),
            (0.3934135, 0.3549858),
            (0.3778828, 0.3562928),
            (0.4450117, 0.3642559),
            (0.4553694, 0.3773392),
            (0.4426342, 0.368344),
            (0.4450117, 0.3642559),
            (0.4591174, 0.3708992),
            (0.4553694, 0.3773392),
            (0.3778989, 0.3488442),
            (0.3934255, 0.3502558),
            (0.3934135, 0.3549858),
            (0.3792102, 0.3415093),
            (0.3934255, 0.3502558),
            (0.3778989, 0.3488442),
            (0.446642, 0.3598168),
            (0.4591174, 0.3708992),
            (0.4450117, 0.3642559),
            (0.446642, 0.3598168),
            (0.4616858, 0.3639055),
            (0.4591174, 0.3708992),
            (0.3792102, 0.3415093),
            (0.3942596, 0.3455994),
            (0.3934255, 0.3502558),
            (0.381779, 0.3345125),
            (0.3942596, 0.3455994),
            (0.3792102, 0.3415093),
            (0.4474757, 0.3551624),
            (0.4616858, 0.3639055),
            (0.446642, 0.3598168),
            (0.4474757, 0.3551624),
            (0.462997, 0.3565731),
            (0.4616858, 0.3639055),
            (0.381779, 0.3345125),
            (0.3958906, 0.3411587),
            (0.3942596, 0.3455994),
            (0.3855279, 0.3280679),
            (0.3958906, 0.3411587),
            (0.381779, 0.3345125),
            (0.4474877, 0.3504345),
            (0.462997, 0.3565731),
            (0.4474757, 0.3551624),
            (0.4474877, 0.3504345),
            (0.4630128, 0.3491264),
            (0.462997, 0.3565731),
            (0.3855279, 0.3280679),
            (0.3982693, 0.3370691),
            (0.3958906, 0.3411587),
            (0.3903464, 0.3223816),
            (0.3982693, 0.3370691),
            (0.3855279, 0.3280679),
            (0.4466827, 0.345775),
            (0.4630128, 0.3491264),
            (0.4474877, 0.3504345),
            (0.4466827, 0.345775),
            (0.4617472, 0.341788),
            (0.4630128, 0.3491264),
            (0.3903464, 0.3223816),
            (0.4013233, 0.3334552),
            (0.3982693, 0.3370691),
            (0.3960792, 0.3176277),
            (0.4013233, 0.3334552),
            (0.3903464, 0.3223816),
            (0.4450763, 0.341328),
            (0.4617472, 0.341788),
            (0.4466827, 0.345775),
            (0.4450763, 0.341328),
            (0.4592135, 0.3347863),
            (0.4617472, 0.341788),
            (0.3960792, 0.3176277),
            (0.4049608, 0.3304315),
            (0.4013233, 0.3334552),
            (0.4025433, 0.3139319),
            (0.4049608, 0.3304315),
            (0.3960792, 0.3176277),
            (0.4427255, 0.3372249),
            (0.4592135, 0.3347863),
            (0.4450763, 0.341328),
            (0.4427255, 0.3372249),
            (0.4555082, 0.3283315),
            (0.4592135, 0.3347863),
            (0.4025433, 0.3139319),
            (0.4090655, 0.328082),
            (0.4049608, 0.3304315),
            (0.4095502, 0.3114153),
            (0.4090655, 0.328082),
            (0.4025433, 0.3139319),
            (0.4396953, 0.3335949),
            (0.4555082, 0.3283315),
            (0.4427255, 0.3372249),
            (0.4396953, 0.3335949),
            (0.4507388, 0.3226219),
            (0.4555082, 0.3283315),
            (0.4095502, 0.3114153),
            (0.4135161, 0.3264812),
            (0.4090655, 0.328082),
            (0.4168871, 0.310153),
            (0.4135161, 0.3264812),
            (0.4095502, 0.3114153),
            (0.4360819, 0.330546),
            (0.4507388, 0.3226219),
            (0.4396953, 0.3335949),
            (0.4360819, 0.330546),
            (0.4450532, 0.3178264),
            (0.4507388, 0.3226219),
            (0.4168871, 0.310153),
            (0.4181771, 0.3256769),
            (0.4135161, 0.3264812),
            (0.4181771, 0.3256769),
            (0.4168871, 0.310153),
            (0.424329, 0.310194),
            (0.4319953, 0.3281705),
            (0.4450532, 0.3178264),
            (0.4360819, 0.330546),
            (0.4319953, 0.3281705),
            (0.4386232, 0.3140894),
            (0.4450532, 0.3178264),
            (0.4181771, 0.3256769),
            (0.424329, 0.310194),
            (0.4229055, 0.3256979),
            (0.4229055, 0.3256979),
            (0.424329, 0.310194),
            (0.431646, 0.3115207),
            (0.4275591, 0.3265356),
            (0.431646, 0.3115207),
            (0.4386232, 0.3140894),
            (0.4275591, 0.3265356),
            (0.4386232, 0.3140894),
            (0.4319953, 0.3281705),
            (0.4229055, 0.3256979),
            (0.431646, 0.3115207),
            (0.4275591, 0.3265356),
            (0.4135161, 0.3264812),
            (0.4147668, 0.3404187),
            (0.4090655, 0.328082),
            (0.4181771, 0.3256769),
            (0.416988, 0.3396196),
            (0.4135161, 0.3264812),
            (0.4135161, 0.3264812),
            (0.416988, 0.3396196),
            (0.4147668, 0.3404187),
            (0.4193141, 0.3392178),
            (0.4181771, 0.3256769),
            (0.4229055, 0.3256979),
            (0.4181771, 0.3256769),
            (0.4193141, 0.3392178),
            (0.416988, 0.3396196),
            (0.421675, 0.3392259),
            (0.4229055, 0.3256979),
            (0.4275591, 0.3265356),
            (0.4193141, 0.3392178),
            (0.4229055, 0.3256979),
            (0.421675, 0.3392259),
            (0.4239985, 0.3396443),
            (0.4275591, 0.3265356),
            (0.4319953, 0.3281705),
            (0.421675, 0.3392259),
            (0.4275591, 0.3265356),
            (0.4239985, 0.3396443),
            (0.4262139, 0.3404595),
            (0.4319953, 0.3281705),
            (0.4360819, 0.330546),
            (0.4239985, 0.3396443),
            (0.4319953, 0.3281705),
            (0.4262139, 0.3404595),
            (0.4090655, 0.328082),
            (0.4147668, 0.3404187),
            (0.4127183, 0.341592),
            (0.4090655, 0.328082),
            (0.4127183, 0.341592),
            (0.4049608, 0.3304315),
            (0.4262139, 0.3404595),
            (0.4360819, 0.330546),
            (0.4282546, 0.3416461),
            (0.4282546, 0.3416461),
            (0.4360819, 0.330546),
            (0.4396953, 0.3335949),
            (0.4049608, 0.3304315),
            (0.4127183, 0.341592),
            (0.4109047, 0.3431024),
            (0.4049608, 0.3304315),
            (0.4109047, 0.3431024),
            (0.4013233, 0.3334552),
            (0.4282546, 0.3416461),
            (0.4396953, 0.3335949),
            (0.4300583, 0.3431688),
            (0.4300583, 0.3431688),
            (0.4396953, 0.3335949),
            (0.4427255, 0.3372249),
            (0.4013233, 0.3334552),
            (0.4109047, 0.3431024),
            (0.4093815, 0.3449055),
            (0.4013233, 0.3334552),
            (0.4093815, 0.3449055),
            (0.3982693, 0.3370691),
            (0.4300583, 0.3431688),
            (0.4427255, 0.3372249),
            (0.4315704, 0.3449813),
            (0.4315704, 0.3449813),
            (0.4427255, 0.3372249),
            (0.4450763, 0.341328),
            (0.3982693, 0.3370691),
            (0.4093815, 0.3449055),
            (0.408195, 0.3469456),
            (0.3982693, 0.3370691),
            (0.408195, 0.3469456),
            (0.3958906, 0.3411587),
            (0.4315704, 0.3449813),
            (0.4450763, 0.341328),
            (0.4327443, 0.3470291),
            (0.4327443, 0.3470291),
            (0.4450763, 0.341328),
            (0.4466827, 0.345775),
            (0.3958906, 0.3411587),
            (0.408195, 0.3469456),
            (0.407381, 0.349161),
            (0.3958906, 0.3411587),
            (0.407381, 0.349161),
            (0.3942596, 0.3455994),
            (0.4327443, 0.3470291),
            (0.4466827, 0.345775),
            (0.4335451, 0.349249),
            (0.4335451, 0.349249),
            (0.4466827, 0.345775),
            (0.4474877, 0.3504345),
            (0.3942596, 0.3455994),
            (0.407381, 0.349161),
            (0.4069645, 0.3514841),
            (0.3942596, 0.3455994),
            (0.4069645, 0.3514841),
            (0.3934255, 0.3502558),
            (0.4335451, 0.349249),
            (0.4474877, 0.3504345),
            (0.4339478, 0.3515744),
            (0.4339478, 0.3515744),
            (0.4474877, 0.3504345),
            (0.4474757, 0.3551624),
            (0.3934255, 0.3502558),
            (0.4069645, 0.3514841),
            (0.4069578, 0.3538443),
            (0.3934255, 0.3502558),
            (0.4069578, 0.3538443),
            (0.3934135, 0.3549858),
            (0.4339478, 0.3515744),
            (0.4474757, 0.3551624),
            (0.4339412, 0.3539341),
            (0.4339412, 0.3539341),
            (0.4474757, 0.3551624),
            (0.446642, 0.3598168),
            (0.3934135, 0.3549858),
            (0.4069578, 0.3538443),
            (0.4073614, 0.3561698),
            (0.3934135, 0.3549858),
            (0.4073614, 0.3561698),
            (0.3942231, 0.3596456),
            (0.4339412, 0.3539341),
            (0.446642, 0.3598168),
            (0.4335244, 0.3562567),
            (0.4335244, 0.3562567),
            (0.446642, 0.3598168),
            (0.4450117, 0.3642559),
            (0.3942231, 0.3596456),
            (0.4073614, 0.3561698),
            (0.4081626, 0.3583901),
            (0.3942231, 0.3596456),
            (0.4081626, 0.3583901),
            (0.3958294, 0.3640937),
            (0.4335244, 0.3562567),
            (0.4450117, 0.3642559),
            (0.4327109, 0.3584716),
            (0.4327109, 0.3584716),
            (0.4450117, 0.3642559),
            (0.4426342, 0.368344),
            (0.3958294, 0.3640937),
            (0.4081626, 0.3583901),
            (0.4093371, 0.3604376),
            (0.3958294, 0.3640937),
            (0.4093371, 0.3604376),
            (0.3981834, 0.3681951),
            (0.4327109, 0.3584716),
            (0.4426342, 0.368344),
            (0.4315245, 0.3605114),
            (0.4315245, 0.3605114),
            (0.4426342, 0.368344),
            (0.4395819, 0.3719566),
            (0.3981834, 0.3681951),
            (0.4093371, 0.3604376),
            (0.4108494, 0.3622503),
            (0.3981834, 0.3681951),
            (0.4108494, 0.3622503),
            (0.4012129, 0.3718256),
            (0.4315245, 0.3605114),
            (0.4395819, 0.3719566),
            (0.4300017, 0.3623143),
            (0.4300017, 0.3623143),
            (0.4395819, 0.3719566),
            (0.4359476, 0.3749833),
            (0.4012129, 0.3718256),
            (0.4108494, 0.3622503),
            (0.4126533, 0.3637729),
            (0.4012129, 0.3718256),
            (0.4126533, 0.3637729),
            (0.4048264, 0.3748751),
            (0.4300017, 0.3623143),
            (0.4359476, 0.3749833),
            (0.4281887, 0.3638248),
            (0.4281887, 0.3638248),
            (0.4359476, 0.3749833),
            (0.4318432, 0.3773327),
            (0.4048264, 0.3748751),
            (0.4126533, 0.3637729),
            (0.4146942, 0.3649595),
            (0.4048264, 0.3748751),
            (0.4146942, 0.3649595),
            (0.4089138, 0.3772514),
            (0.4281887, 0.3638248),
            (0.4318432, 0.3773327),
            (0.4261407, 0.3649979),
            (0.4261407, 0.3649979),
            (0.4318432, 0.3773327),
            (0.4273934, 0.3789335),
            (0.4089138, 0.3772514),
            (0.4146942, 0.3649595),
            (0.41691, 0.3657738),
            (0.4089138, 0.3772514),
            (0.41691, 0.3657738),
            (0.4133514, 0.3788828),
            (0.4261407, 0.3649979),
            (0.4273934, 0.3789335),
            (0.4239198, 0.3657976),
            (0.4239198, 0.3657976),
            (0.4273934, 0.3789335),
            (0.4227333, 0.3797366),
            (0.4133514, 0.3788828),
            (0.41691, 0.3657738),
            (0.4192335, 0.3661912),
            (0.4133514, 0.3788828),
            (0.4192335, 0.3661912),
            (0.4180049, 0.3797196),
            (0.4180049, 0.3797196),
            (0.421594, 0.366199),
            (0.4227333, 0.3797366),
            (0.4239198, 0.3657976),
            (0.4227333, 0.3797366),
            (0.421594, 0.366199),
            (0.4180049, 0.3797196),
            (0.4192335, 0.3661912),
            (0.421594, 0.366199),
            (0.41788, 0.3581825),
            (0.4146942, 0.3649595),
            (0.4126533, 0.3637729),
            (0.4188703, 0.3585466),
            (0.41691, 0.3657738),
            (0.4146942, 0.3649595),
            (0.4188703, 0.3585466),
            (0.4146942, 0.3649595),
            (0.41788, 0.3581825),
            (0.4199088, 0.3587333),
            (0.4192335, 0.3661912),
            (0.41691, 0.3657738),
            (0.4199088, 0.3587333),
            (0.41691, 0.3657738),
            (0.4188703, 0.3585466),
            (0.4209636, 0.3587368),
            (0.421594, 0.366199),
            (0.4192335, 0.3661912),
            (0.4209636, 0.3587368),
            (0.4192335, 0.3661912),
            (0.4199088, 0.3587333),
            (0.4220031, 0.3585573),
            (0.4239198, 0.3657976),
            (0.421594, 0.366199),
            (0.4220031, 0.3585573),
            (0.421594, 0.366199),
            (0.4209636, 0.3587368),
            (0.4229955, 0.3582),
            (0.4261407, 0.3649979),
            (0.4239198, 0.3657976),
            (0.4229955, 0.3582),
            (0.4239198, 0.3657976),
            (0.4220031, 0.3585573),
            (0.41788, 0.3581825),
            (0.4126533, 0.3637729),
            (0.416968, 0.3576524),
            (0.416968, 0.3576524),
            (0.4126533, 0.3637729),
            (0.4108494, 0.3622503),
            (0.4239106, 0.357676),
            (0.4261407, 0.3649979),
            (0.4229955, 0.3582),
            (0.4239106, 0.357676),
            (0.4281887, 0.3638248),
            (0.4261407, 0.3649979),
            (0.416968, 0.3576524),
            (0.4108494, 0.3622503),
            (0.4161618, 0.3569719),
            (0.4161618, 0.3569719),
            (0.4108494, 0.3622503),
            (0.4093371, 0.3604376),
            (0.4247206, 0.357001),
            (0.4281887, 0.3638248),
            (0.4239106, 0.357676),
            (0.4247206, 0.357001),
            (0.4300017, 0.3623143),
            (0.4281887, 0.3638248),
            (0.4217304, 0.3539932),
            (0.4247206, 0.357001),
            (0.4239106, 0.357676),
            (0.4217304, 0.3539932),
            (0.4239106, 0.357676),
            (0.4214881, 0.3541951),
            (0.4214881, 0.3541951),
            (0.4239106, 0.357676),
            (0.4229955, 0.3582),
            (0.4214881, 0.3541951),
            (0.4229955, 0.3582),
            (0.4212143, 0.3543518),
            (0.4217304, 0.3539932),
            (0.4214881, 0.3541951),
            (0.4212143, 0.3543518),
            (0.4212143, 0.3543518),
            (0.4229955, 0.3582),
            (0.4220031, 0.3585573),
            (0.4254011, 0.3561955),
            (0.4300017, 0.3623143),
            (0.4247206, 0.357001),
            (0.4254011, 0.3561955),
            (0.4315245, 0.3605114),
            (0.4300017, 0.3623143),
            (0.4212143, 0.3543518),
            (0.4220031, 0.3585573),
            (0.4209174, 0.3544586),
            (0.4209174, 0.3544586),
            (0.4220031, 0.3585573),
            (0.4209636, 0.3587368),
            (0.4212143, 0.3543518),
            (0.4209174, 0.3544586),
            (0.4206065, 0.3545124),
            (0.4209174, 0.3544586),
            (0.4209636, 0.3587368),
            (0.4206065, 0.3545124),
            (0.4217304, 0.3539932),
            (0.4212143, 0.3543518),
            (0.4206065, 0.3545124),
            (0.4206065, 0.3545124),
            (0.4209636, 0.3587368),
            (0.4199088, 0.3587333),
            (0.4206065, 0.3545124),
            (0.4199088, 0.3587333),
            (0.4202907, 0.3545112),
            (0.4202907, 0.3545112),
            (0.4199088, 0.3587333),
            (0.4188703, 0.3585466),
            (0.4206065, 0.3545124),
            (0.4202907, 0.3545112),
            (0.4199799, 0.3544554),
            (0.4202907, 0.3545112),
            (0.4188703, 0.3585466),
            (0.4199799, 0.3544554),
            (0.4206065, 0.3545124),
            (0.4199799, 0.3544554),
            (0.4217304, 0.3539932),
            (0.4199799, 0.3544554),
            (0.4188703, 0.3585466),
            (0.41788, 0.3581825),
            (0.4199799, 0.3544554),
            (0.41788, 0.3581825),
            (0.4196835, 0.3543465),
            (0.4196835, 0.3543465),
            (0.41788, 0.3581825),
            (0.416968, 0.3576524),
            (0.4199799, 0.3544554),
            (0.4196835, 0.3543465),
            (0.4194106, 0.3541879),
            (0.4196835, 0.3543465),
            (0.416968, 0.3576524),
            (0.4194106, 0.3541879),
            (0.4199799, 0.3544554),
            (0.4194106, 0.3541879),
            (0.4217304, 0.3539932),
            (0.4194106, 0.3541879),
            (0.416968, 0.3576524),
            (0.4161618, 0.3569719),
            (0.422257, 0.352873),
            (0.4217304, 0.3539932),
            (0.4194106, 0.3541879),
            (0.4219398, 0.351676),
            (0.422257, 0.352873),
            (0.4194106, 0.3541879),
            (0.4219342, 0.3537523),
            (0.4217304, 0.3539932),
            (0.422257, 0.352873),
            (0.4219398, 0.351676),
            (0.4220969, 0.3519499),
            (0.422257, 0.352873),
            (0.4219342, 0.3537523),
            (0.4247206, 0.357001),
            (0.4217304, 0.3539932),
            (0.4219342, 0.3537523),
            (0.4254011, 0.3561955),
            (0.4247206, 0.357001),
            (0.4220926, 0.3534796),
            (0.4254011, 0.3561955),
            (0.4219342, 0.3537523),
            (0.4220926, 0.3534796),
            (0.4219342, 0.3537523),
            (0.422257, 0.352873),
            (0.4220926, 0.3534796),
            (0.4259311, 0.3552843),
            (0.4254011, 0.3561955),
            (0.4259311, 0.3552843),
            (0.4315245, 0.3605114),
            (0.4254011, 0.3561955),
            (0.4259311, 0.3552843),
            (0.4327109, 0.3584716),
            (0.4315245, 0.3605114),
            (0.4222015, 0.3531836),
            (0.4259311, 0.3552843),
            (0.4220926, 0.3534796),
            (0.422257, 0.352873),
            (0.4222015, 0.3531836),
            (0.4220926, 0.3534796),
            (0.4262947, 0.3542947),
            (0.4327109, 0.3584716),
            (0.4259311, 0.3552843),
            (0.4222015, 0.3531836),
            (0.4262947, 0.3542947),
            (0.4259311, 0.3552843),
            (0.422257, 0.352873),
            (0.4262947, 0.3542947),
            (0.4222015, 0.3531836),
            (0.4262947, 0.3542947),
            (0.4335244, 0.3562567),
            (0.4327109, 0.3584716),
            (0.4264809, 0.3532568),
            (0.4335244, 0.3562567),
            (0.4262947, 0.3542947),
            (0.422257, 0.352873),
            (0.4264809, 0.3532568),
            (0.4262947, 0.3542947),
            (0.4264809, 0.3532568),
            (0.4339412, 0.3539341),
            (0.4335244, 0.3562567),
            (0.4264839, 0.3522025),
            (0.4339412, 0.3539341),
            (0.4264809, 0.3532568),
            (0.4264839, 0.3522025),
            (0.4339478, 0.3515744),
            (0.4339412, 0.3539341),
            (0.422258, 0.3525577),
            (0.4264809, 0.3532568),
            (0.422257, 0.352873),
            (0.422258, 0.3525577),
            (0.4264839, 0.3522025),
            (0.4264809, 0.3532568),
            (0.422204, 0.3522467),
            (0.422258, 0.3525577),
            (0.422257, 0.352873),
            (0.422204, 0.3522467),
            (0.4264839, 0.3522025),
            (0.422258, 0.3525577),
            (0.4220969, 0.3519499),
            (0.422204, 0.3522467),
            (0.422257, 0.352873),
            (0.4263037, 0.3511634),
            (0.4339478, 0.3515744),
            (0.4264839, 0.3522025),
            (0.422204, 0.3522467),
            (0.4263037, 0.3511634),
            (0.4264839, 0.3522025),
            (0.4220969, 0.3519499),
            (0.4263037, 0.3511634),
            (0.422204, 0.3522467),
            (0.4263037, 0.3511634),
            (0.4335451, 0.349249),
            (0.4339478, 0.3515744),
            (0.4220969, 0.3519499),
            (0.4259458, 0.3501714),
            (0.4263037, 0.3511634),
            (0.4259458, 0.3501714),
            (0.4335451, 0.349249),
            (0.4263037, 0.3511634),
            (0.4259458, 0.3501714),
            (0.4327443, 0.3470291),
            (0.4335451, 0.349249),
            (0.4219398, 0.351676),
            (0.4259458, 0.3501714),
            (0.4220969, 0.3519499),
            (0.4254211, 0.3492564),
            (0.4327443, 0.3470291),
            (0.4259458, 0.3501714),
            (0.4219398, 0.351676),
            (0.4254211, 0.3492564),
            (0.4259458, 0.3501714),
            (0.4254211, 0.3492564),
            (0.4315704, 0.3449813),
            (0.4327443, 0.3470291),
            (0.4247454, 0.3484464),
            (0.4315704, 0.3449813),
            (0.4254211, 0.3492564),
            (0.4247454, 0.3484464),
            (0.4300583, 0.3431688),
            (0.4315704, 0.3449813),
            (0.4217376, 0.3514337),
            (0.4254211, 0.3492564),
            (0.4219398, 0.351676),
            (0.4217376, 0.3514337),
            (0.4247454, 0.3484464),
            (0.4254211, 0.3492564),
            (0.4239393, 0.3477658),
            (0.4300583, 0.3431688),
            (0.4247454, 0.3484464),
            (0.4239393, 0.3477658),
            (0.4282546, 0.3416461),
            (0.4300583, 0.3431688),
            (0.4217376, 0.3514337),
            (0.4219398, 0.351676),
            (0.4209274, 0.3509624),
            (0.4209274, 0.3509624),
            (0.4219398, 0.351676),
            (0.4194106, 0.3541879),
            (0.4194106, 0.3541879),
            (0.4188147, 0.3519383),
            (0.4209274, 0.3509624),
            (0.4194106, 0.3541879),
            (0.418703, 0.3531712),
            (0.4188147, 0.3519383),
            (0.4214965, 0.3512301),
            (0.4247454, 0.3484464),
            (0.4217376, 0.3514337),
            (0.4214965, 0.3512301),
            (0.4217376, 0.3514337),
            (0.4209274, 0.3509624),
            (0.4214965, 0.3512301),
            (0.4239393, 0.3477658),
            (0.4247454, 0.3484464),
            (0.4209274, 0.3509624),
            (0.4212235, 0.3510714),
            (0.4214965, 0.3512301),
            (0.4212235, 0.3510714),
            (0.4239393, 0.3477658),
            (0.4214965, 0.3512301),
            (0.4209274, 0.3509624),
            (0.4230272, 0.3472354),
            (0.4212235, 0.3510714),
            (0.4212235, 0.3510714),
            (0.4230272, 0.3472354),
            (0.4239393, 0.3477658),
            (0.4230272, 0.3472354),
            (0.4282546, 0.3416461),
            (0.4239393, 0.3477658),
            (0.4230272, 0.3472354),
            (0.4262139, 0.3404595),
            (0.4282546, 0.3416461),
            (0.4220369, 0.3468713),
            (0.4262139, 0.3404595),
            (0.4230272, 0.3472354),
            (0.4209274, 0.3509624),
            (0.4220369, 0.3468713),
            (0.4230272, 0.3472354),
            (0.4220369, 0.3468713),
            (0.4239985, 0.3396443),
            (0.4262139, 0.3404595),
            (0.4209985, 0.3466846),
            (0.4239985, 0.3396443),
            (0.4220369, 0.3468713),
            (0.4209985, 0.3466846),
            (0.421675, 0.3392259),
            (0.4239985, 0.3396443),
            (0.4206165, 0.3509066),
            (0.4220369, 0.3468713),
            (0.4209274, 0.3509624),
            (0.4206165, 0.3509066),
            (0.4209985, 0.3466846),
            (0.4220369, 0.3468713),
            (0.4199436, 0.346681),
            (0.421675, 0.3392259),
            (0.4209985, 0.3466846),
            (0.4199436, 0.346681),
            (0.4193141, 0.3392178),
            (0.421675, 0.3392259),
            (0.4203007, 0.3509054),
            (0.4209985, 0.3466846),
            (0.4206165, 0.3509066),
            (0.4203007, 0.3509054),
            (0.4206165, 0.3509066),
            (0.4209274, 0.3509624),
            (0.4203007, 0.3509054),
            (0.4199436, 0.346681),
            (0.4209985, 0.3466846),
            (0.4189042, 0.3468605),
            (0.4193141, 0.3392178),
            (0.4199436, 0.346681),
            (0.4189042, 0.3468605),
            (0.416988, 0.3396196),
            (0.4193141, 0.3392178),
            (0.4199896, 0.3509592),
            (0.4199436, 0.346681),
            (0.4203007, 0.3509054),
            (0.4199896, 0.3509592),
            (0.4203007, 0.3509054),
            (0.4209274, 0.3509624),
            (0.4199896, 0.3509592),
            (0.4189042, 0.3468605),
            (0.4199436, 0.346681),
            (0.4179117, 0.3472177),
            (0.416988, 0.3396196),
            (0.4189042, 0.3468605),
            (0.4179117, 0.3472177),
            (0.4147668, 0.3404187),
            (0.416988, 0.3396196),
            (0.4196928, 0.3510661),
            (0.4189042, 0.3468605),
            (0.4199896, 0.3509592),
            (0.4196928, 0.3510661),
            (0.4199896, 0.3509592),
            (0.4209274, 0.3509624),
            (0.4196928, 0.3510661),
            (0.4179117, 0.3472177),
            (0.4189042, 0.3468605),
            (0.4169965, 0.3477417),
            (0.4147668, 0.3404187),
            (0.4179117, 0.3472177),
            (0.4169965, 0.3477417),
            (0.4127183, 0.341592),
            (0.4147668, 0.3404187),
            (0.4191767, 0.3514248),
            (0.4196928, 0.3510661),
            (0.4209274, 0.3509624),
            (0.4188147, 0.3519383),
            (0.4191767, 0.3514248),
            (0.4209274, 0.3509624),
            (0.419419, 0.3512228),
            (0.4179117, 0.3472177),
            (0.4196928, 0.3510661),
            (0.419419, 0.3512228),
            (0.4169965, 0.3477417),
            (0.4179117, 0.3472177),
            (0.4191767, 0.3514248),
            (0.419419, 0.3512228),
            (0.4196928, 0.3510661),
            (0.4191767, 0.3514248),
            (0.4169965, 0.3477417),
            (0.419419, 0.3512228),
            (0.4161864, 0.3484168),
            (0.4127183, 0.341592),
            (0.4169965, 0.3477417),
            (0.4191767, 0.3514248),
            (0.4161864, 0.3484168),
            (0.4169965, 0.3477417),
            (0.4161864, 0.3484168),
            (0.4109047, 0.3431024),
            (0.4127183, 0.341592),
            (0.4189731, 0.3516658),
            (0.4161864, 0.3484168),
            (0.4191767, 0.3514248),
            (0.4188147, 0.3519383),
            (0.4189731, 0.3516658),
            (0.4191767, 0.3514248),
            (0.4155059, 0.3492222),
            (0.4109047, 0.3431024),
            (0.4161864, 0.3484168),
            (0.4189731, 0.3516658),
            (0.4155059, 0.3492222),
            (0.4161864, 0.3484168),
            (0.4188147, 0.3519383),
            (0.4155059, 0.3492222),
            (0.4189731, 0.3516658),
            (0.4155059, 0.3492222),
            (0.4093815, 0.3449055),
            (0.4109047, 0.3431024),
            (0.4149758, 0.3501336),
            (0.4093815, 0.3449055),
            (0.4155059, 0.3492222),
            (0.4188147, 0.3519383),
            (0.4149758, 0.3501336),
            (0.4155059, 0.3492222),
            (0.4149758, 0.3501336),
            (0.408195, 0.3469456),
            (0.4093815, 0.3449055),
            (0.4187058, 0.3522345),
            (0.4149758, 0.3501336),
            (0.4188147, 0.3519383),
            (0.4187058, 0.3522345),
            (0.4188147, 0.3519383),
            (0.418703, 0.3531712),
            (0.4146121, 0.3511233),
            (0.408195, 0.3469456),
            (0.4149758, 0.3501336),
            (0.4187058, 0.3522345),
            (0.4146121, 0.3511233),
            (0.4149758, 0.3501336),
            (0.4146121, 0.3511233),
            (0.407381, 0.349161),
            (0.408195, 0.3469456),
            (0.4186499, 0.3525448),
            (0.4146121, 0.3511233),
            (0.4187058, 0.3522345),
            (0.4186499, 0.3525448),
            (0.4187058, 0.3522345),
            (0.418703, 0.3531712),
            (0.4144259, 0.3521611),
            (0.407381, 0.349161),
            (0.4146121, 0.3511233),
            (0.4186499, 0.3525448),
            (0.4144259, 0.3521611),
            (0.4146121, 0.3511233),
            (0.4144259, 0.3521611),
            (0.4069645, 0.3514841),
            (0.407381, 0.349161),
            (0.418649, 0.3528603),
            (0.4144259, 0.3521611),
            (0.4186499, 0.3525448),
            (0.418703, 0.3531712),
            (0.418649, 0.3528603),
            (0.4186499, 0.3525448),
            (0.4144229, 0.3532155),
            (0.4069645, 0.3514841),
            (0.4144259, 0.3521611),
            (0.418649, 0.3528603),
            (0.4144229, 0.3532155),
            (0.4144259, 0.3521611),
            (0.418703, 0.3531712),
            (0.4144229, 0.3532155),
            (0.418649, 0.3528603),
            (0.4144229, 0.3532155),
            (0.4069578, 0.3538443),
            (0.4069645, 0.3514841),
            (0.4146031, 0.3542546),
            (0.4069578, 0.3538443),
            (0.4144229, 0.3532155),
            (0.418703, 0.3531712),
            (0.4146031, 0.3542546),
            (0.4144229, 0.3532155),
            (0.4146031, 0.3542546),
            (0.4073614, 0.3561698),
            (0.4069578, 0.3538443),
            (0.4188101, 0.353468),
            (0.4146031, 0.3542546),
            (0.418703, 0.3531712),
            (0.4188101, 0.353468),
            (0.418703, 0.3531712),
            (0.4194106, 0.3541879),
            (0.4149612, 0.3552468),
            (0.4073614, 0.3561698),
            (0.4146031, 0.3542546),
            (0.4188101, 0.353468),
            (0.4149612, 0.3552468),
            (0.4146031, 0.3542546),
            (0.4149612, 0.3552468),
            (0.4081626, 0.3583901),
            (0.4073614, 0.3561698),
            (0.418967, 0.3537417),
            (0.4188101, 0.353468),
            (0.4194106, 0.3541879),
            (0.418967, 0.3537417),
            (0.4149612, 0.3552468),
            (0.4188101, 0.353468),
            (0.415486, 0.3561617),
            (0.4081626, 0.3583901),
            (0.4149612, 0.3552468),
            (0.418967, 0.3537417),
            (0.415486, 0.3561617),
            (0.4149612, 0.3552468),
            (0.415486, 0.3561617),
            (0.4093371, 0.3604376),
            (0.4081626, 0.3583901),
            (0.4161618, 0.3569719),
            (0.4093371, 0.3604376),
            (0.415486, 0.3561617),
            (0.4194106, 0.3541879),
            (0.4161618, 0.3569719),
            (0.4191692, 0.3539842),
            (0.4194106, 0.3541879),
            (0.4191692, 0.3539842),
            (0.418967, 0.3537417),
            (0.4191692, 0.3539842),
            (0.415486, 0.3561617),
            (0.418967, 0.3537417),
            (0.4191692, 0.3539842),
            (0.4161618, 0.3569719),
            (0.415486, 0.3561617)
        ]
        uniform token primvars:st:interpolation = "faceVarying"
        rel material:binding = </World/Looks/Antique_Rustic_Mantel_Clock>
        bool physics:collisionEnabled = 1
        uniform token physics:approximation = "none"
        uniform token subdivisionScheme = "none"
        uniform bool doubleSided = 1
    }
}
