#usda 1.0
(
    defaultPrim = "root"
    doc = "Blender v4.5.3 LTS"
    metersPerUnit = 1
    upAxis = "Z"
)

def Xform "root" (
    customData = {
        dictionary Blender = {
            bool generated = 1
        }
    }
)
{
    def Xform "Antique_Rustic_Mantel_Clock"
    {
        custom string userProperties:blender:object_name = "Antique Rustic Mantel Clock"
        float3 xformOp:rotateXYZ = (0, -0, 179.99998)
        float3 xformOp:scale = (5.428233, 5.848372, 7.3472314)
        double3 xformOp:translate = (0.34889841079711914, -0.33727145195007324, 1)
        uniform token[] xformOpOrder = ["xformOp:translate", "xformOp:rotateXYZ", "xformOp:scale"]

        def Xform "Antique_Rustic_Mantel_Clock_001"
        {
            custom string userProperties:blender:object_name = "Antique Rustic Mantel Clock.001"
            float3 xformOp:rotateXYZ = (0, -0, 3.2837556e-13)
            float3 xformOp:scale = (2.7090752, 4.9590898, 2.709075)
            double3 xformOp:translate = (0, 3.725290298461914e-9, 0)
            uniform token[] xformOpOrder = ["xformOp:translate", "xformOp:rotateXYZ", "xformOp:scale"]

            def Mesh "Antique_Rustic_Mantel_Clock_Body" (
                active = true
                prepend apiSchemas = ["MaterialBindingAPI"]
            )
            {
                uniform bool doubleSided = 1
                float3[] extent = [(-0.10599462, -0.07124902, 0.00011217262), (0.107617386, 0.06441331, 0.24344967)]
                int[] faceVertexCounts = [3, 3, 3, 3, 3, 3, 3, 3, 3, 3, 3, 3, 3, 3, 3, 3, 3, 3, 3, 3, 3, 3, 3, 3, 3, 3, 3, 3, 3, 3, 3, 3, 3, 3, 3, 3, 3, 3, 3, 3, 3, 3, 3, 3, 3, 3, 3, 3, 3, 3, 3, 3, 3, 3, 3, 3, 3, 3, 3, 3, 3, 3, 3, 3, 3, 3, 3, 3, 3, 3, 3, 3, 3, 3, 3, 3, 3, 3, 3, 3, 3, 3, 3, 3, 3, 3, 3, 3, 3, 3, 3, 3, 3, 3, 3, 3, 3, 3, 3, 3, 3, 3, 3, 3, 3, 3, 3, 3, 3, 3, 3, 3, 3, 3, 3, 3, 3, 3, 3, 3, 3, 3, 3, 3, 3, 3, 3, 3, 3, 3, 3, 3, 3, 3, 3, 3, 3, 3, 3, 3, 3, 3, 3, 3, 3, 3, 3, 3, 3, 3, 3, 3, 3, 3, 3, 3, 3, 3, 3, 3, 3, 3, 3, 3, 3, 3, 3, 3, 3, 3, 3, 3, 3, 3, 3, 3, 3, 3, 3, 3, 3, 3, 3, 3, 3, 3, 3, 3, 3, 3, 3, 3, 3, 3, 3, 3, 3, 3, 3, 3, 3, 3, 3, 3, 3, 3, 3, 3, 3, 3, 3, 3, 3, 3, 3, 3, 3, 3, 3, 3, 3, 3, 3, 3, 3, 3, 3, 3, 3, 3, 3, 3, 3, 3, 3, 3, 3, 3, 3, 3, 3, 3, 3, 3, 3, 3, 3, 3, 3, 3, 3, 3, 3, 3, 3, 3, 3, 3, 3, 3, 3, 3, 3, 3, 3, 3, 3, 3, 3, 3, 3, 3, 3, 3, 3, 3, 3, 3, 3, 3, 3, 3, 3, 3, 3, 3, 3, 3, 3, 3, 3, 3, 3, 3, 3, 3, 3, 3, 3, 3, 3, 3, 3, 3, 3, 3, 3, 3, 3, 3, 3, 3, 3, 3, 3, 3, 3, 3, 3, 3, 3, 3, 3, 3, 3, 3, 3, 3, 3, 3, 3, 3, 3, 3, 3, 3, 3, 3, 3, 3, 3, 3, 3, 3, 3, 3, 3, 3, 3, 3, 3, 3, 3, 3, 3, 3, 3, 3, 3, 3, 3, 3, 3, 3, 3, 3, 3, 3, 3, 3, 3, 3, 3, 3, 3, 3, 3, 3, 3, 3, 3, 3, 3, 3, 3, 3, 3, 3, 3, 3, 3, 3, 3, 3, 3, 3, 3, 3, 3, 3, 3, 3, 3, 3, 3, 3, 3, 3, 3, 3, 3, 3, 3, 3, 3, 3, 3, 3, 3, 3, 3, 3, 3, 3, 3, 3, 3, 3, 3, 3, 3, 3, 3, 3, 3, 3, 3, 3, 3, 3, 3, 3, 3, 3, 3, 3, 3, 3, 3, 3, 3, 3, 3, 3, 3, 3, 3, 3, 3, 3, 3, 3, 3, 3, 3, 3, 3, 3, 3, 3, 3, 3, 3, 3, 3, 3, 3, 3, 3, 3, 3, 3, 3, 3, 3, 3, 3, 3, 3, 3, 3, 3, 3, 3, 3, 3, 3, 3, 3, 3, 3, 3, 3, 3, 3, 3, 3, 3, 3, 3, 3, 3, 3, 3, 3, 3, 3, 3, 3, 3, 3, 3, 3, 3, 3, 3, 3, 3, 3, 3, 3, 3, 3, 3, 3, 3, 3, 3, 3, 3, 3, 3, 3, 3, 3, 3, 3, 3, 3, 3, 3, 3, 3, 3, 3, 3, 3, 3, 3, 3, 3, 3, 3, 3, 3, 3, 3, 3, 3, 3, 3, 3, 3, 3, 3, 3, 3, 3, 3, 3, 3, 3, 3, 3, 3, 3, 3, 3, 3, 3, 3, 3, 3, 3, 3, 3, 3, 3, 3, 3, 3, 3, 3, 3, 3, 3, 3, 3, 3, 3, 3, 3, 3, 3, 3, 3, 3, 3, 3, 3, 3, 3, 3, 3, 3, 3, 3, 3, 3, 3, 3, 3, 3, 3, 3, 3, 3, 3, 3, 3, 3, 3, 3, 3, 3, 3, 3, 3, 3, 3, 3, 3, 3, 3, 3, 3, 3, 3, 3, 3, 3, 3, 3, 3, 3, 3, 3, 3, 3, 3, 3, 3, 3, 3, 3, 3, 3, 3, 3, 3, 3, 3, 3, 3, 3, 3, 3, 3, 3, 3, 3, 3, 3, 3, 3, 3, 3, 3, 3, 3, 3, 3, 3, 3, 3, 3, 3, 3, 3, 3, 3, 3, 3, 3, 3, 3, 3, 3, 3, 3, 3, 3, 3, 3, 3, 3, 3, 3, 3, 3, 3, 3, 3, 3, 3, 3, 3, 3, 3, 3, 3, 3, 3, 3, 3, 3, 3, 3, 3, 3, 3, 3, 3, 3, 3, 3, 3, 3, 3, 3, 3, 3, 3, 3, 3, 3, 3, 3, 3, 3, 3, 3, 3, 3, 3, 3, 3, 3, 3, 3, 3, 3, 3, 3, 3, 3, 3, 3, 3, 3, 3, 3, 3, 3, 3, 3, 3, 3, 3, 3, 3, 3, 3, 3, 3, 3, 3, 3, 3, 3, 3, 3, 3, 3, 3, 3, 3, 3, 3, 3, 3, 3, 3, 3, 3, 3, 3, 3, 3, 3, 3, 3, 3, 3, 3, 3, 3, 3, 3, 3, 3, 3, 3, 3, 3, 3, 3, 3, 3, 3, 3, 3, 3, 3, 3, 3, 3, 3, 3, 3, 3, 3, 3, 3, 3, 3, 3, 3, 3, 3, 3, 3, 3, 3, 3, 3, 3, 3, 3, 3, 3, 3, 3, 3, 3, 3, 3, 3, 3, 3, 3, 3, 3, 3, 3, 3, 3, 3, 3, 3, 3, 3, 3, 3, 3, 3, 3, 3, 3, 3, 3, 3, 3, 3, 3, 3, 3, 3, 3, 3, 3, 3, 3, 3, 3, 3, 3, 3, 3, 3, 3, 3, 3, 3, 3, 3, 3, 3, 3, 3, 3, 3, 3, 3, 3, 3, 3, 3, 3, 3, 3, 3, 3, 3, 3, 3, 3, 3, 3, 3, 3, 3, 3, 3, 3, 3, 3, 3, 3, 3, 3, 3, 3, 3, 3, 3, 3, 3, 3, 3, 3, 3, 3, 3, 3, 3, 3, 3, 3, 3, 3, 3, 3, 3, 3, 3, 3, 3, 3, 3, 3, 3, 3, 3, 3, 3, 3, 3, 3, 3, 3, 3, 3, 3, 3, 3, 3, 3, 3, 3, 3, 3, 3, 3, 3, 3, 3, 3, 3, 3, 3, 3, 3, 3, 3, 3, 3, 3, 3, 3, 3, 3, 3, 3, 3, 3, 3, 3, 3, 3, 3, 3, 3, 3, 3, 3, 3, 3, 3, 3, 3, 3, 3, 3, 3, 3, 3, 3, 3, 3, 3, 3, 3, 3, 3, 3, 3, 3, 3, 3, 3, 3, 3, 3, 3, 3, 3, 3, 3, 3, 3, 3, 3, 3, 3, 3, 3, 3, 3, 3, 3, 3, 3, 3, 3, 3, 3, 3, 3, 3, 3, 3, 3, 3, 3, 3, 3, 3, 3, 3, 3, 3, 3, 3, 3, 3, 3, 3, 3, 3, 3, 3, 3, 3, 3, 3, 3, 3, 3, 3, 3, 3, 3, 3, 3, 3, 3, 3, 3, 3, 3, 3, 3, 3, 3, 3, 3, 3, 3, 3, 3, 3, 3, 3, 3, 3, 3, 3, 3, 3, 3, 3, 3, 3, 3, 3, 3, 3, 3, 3, 3, 3, 3, 3, 3, 3, 3, 3, 3, 3, 3, 3, 3, 3, 3, 3, 3, 3, 3, 3, 3, 3, 3, 3, 3, 3, 3, 3, 3, 3, 3, 3, 3, 3, 3, 3, 3, 3, 3, 3, 3, 3, 3, 3, 3, 3, 3, 3, 3, 3, 3, 3, 3, 3, 3, 3, 3, 3, 3, 3, 3, 3, 3, 3, 3, 3, 3, 3, 3, 3, 3, 3, 3, 3, 3, 3, 3, 3, 3, 3, 3, 3, 3, 3, 3, 3, 3, 3, 3, 3, 3, 3, 3, 3, 3, 3, 3, 3, 3, 3, 3, 3, 3, 3, 3, 3, 3, 3, 3, 3, 3, 3, 3, 3, 3, 3, 3, 3, 3, 3, 3, 3, 3, 3, 3, 3, 3, 3, 3, 3, 3, 3, 3, 3, 3, 3, 3, 3, 3, 3, 3, 3, 3, 3, 3, 3, 3, 3, 3, 3, 3, 3, 3, 3, 3, 3, 3, 3, 3, 3, 3, 3, 3, 3, 3, 3, 3, 3, 3, 3, 3, 3, 3, 3, 3, 3, 3, 3, 3, 3, 3, 3, 3, 3, 3, 3, 3, 3, 3, 3, 3, 3, 3, 3, 3, 3, 3, 3, 3, 3, 3, 3, 3, 3, 3, 3, 3, 3, 3, 3, 3, 3, 3, 3, 3, 3, 3, 3, 3, 3, 3, 3, 3, 3, 3, 3, 3, 3, 3, 3, 3, 3, 3, 3, 3, 3, 3, 3, 3, 3, 3, 3, 3, 3, 3, 3, 3, 3, 3, 3, 3, 3, 3, 3, 3, 3, 3, 3, 3, 3, 3, 3, 3, 3, 3, 3, 3, 3, 3, 3, 3, 3, 3, 3, 3, 3, 3, 3, 3, 3, 3, 3, 3, 3, 3, 3, 3, 3, 3, 3, 3, 3, 3, 3, 3, 3, 3, 3, 3, 3, 3, 3, 3, 3, 3, 3, 3, 3, 3, 3, 3, 3, 3, 3, 3, 3, 3, 3, 3, 3, 3, 3, 3, 3, 3, 3, 3, 3, 3, 3, 3, 3, 3, 3, 3, 3, 3, 3, 3, 3, 3, 3, 3, 3, 3, 3, 3, 3, 3, 3, 3, 3, 3, 3, 3, 3, 3, 3, 3, 3, 3, 3, 3, 3, 3, 3, 3, 3, 3, 3, 3, 3, 3, 3, 3, 3, 3, 3, 3, 3, 3, 3, 3, 3, 3, 3, 3, 3, 3, 3, 3, 3, 3, 3, 3, 3, 3, 3, 3, 3, 3, 3, 3, 3, 3, 3, 3, 3, 3, 3, 3, 3, 3, 3, 3, 3, 3, 3, 3, 3, 3, 3, 3, 3, 3, 3, 3, 3, 3, 3, 3, 3, 3, 3, 3, 3, 3, 3, 3, 3, 3, 3, 3, 3, 3, 3, 3, 3, 3, 3, 3, 3, 3, 3, 3, 3, 3, 3, 3, 3, 3, 3, 3, 3, 3, 3, 3, 3, 3, 3, 3, 3, 3, 3, 3, 3, 3, 3, 3, 3, 3, 3, 3, 3, 3, 3, 3, 3, 3, 3, 3, 3, 3, 3, 3, 3, 3, 3, 3, 3, 3, 3, 3, 3, 3, 3, 3, 3, 3, 3, 3, 3, 3, 3, 3, 3, 3, 3, 3, 3, 3, 3, 3, 3, 3, 3, 3, 3, 3, 3, 3, 3, 3, 3, 3, 3, 3, 3, 3, 3, 3, 3, 3, 3, 3, 3, 3, 3, 3, 3, 3, 3, 3, 3, 3, 3, 3, 3, 3, 3, 3, 3, 3, 3, 3, 3, 3, 3, 3, 3, 3, 3, 3, 3, 3, 3, 3, 3, 3, 3, 3, 3, 3, 3, 3, 3, 3, 3, 3, 3, 3, 3, 3, 3, 3, 3, 3, 3, 3, 3, 3, 3, 3, 3, 3, 3, 3, 3, 3, 3, 3, 3, 3, 3, 3, 3, 3, 3, 3, 3, 3, 3, 3, 3, 3, 3, 3, 3, 3, 3, 3, 3, 3, 3, 3, 3, 3, 3, 3, 3, 3, 3, 3, 3, 3, 3, 3, 3, 3, 3, 3, 3, 3, 3, 3, 3, 3, 3, 3, 3, 3, 3, 3, 3, 3, 3, 3, 3, 3, 3, 3, 3, 3, 3, 3, 3, 3, 3, 3, 3, 3, 3, 3, 3, 3, 3, 3, 3, 3, 3, 3, 3, 3, 3, 3, 3, 3, 3, 3, 3, 3, 3, 3, 3, 3, 3, 3, 3, 3, 3, 3, 3, 3, 3, 3, 3, 3, 3, 3, 3, 3, 3, 3, 3, 3, 3, 3, 3, 3, 3, 3, 3, 3, 3, 3, 3, 3, 3, 3, 3, 3, 3, 3, 3, 3, 3, 3, 3, 3, 3, 3, 3, 3, 3, 3, 3, 3, 3, 3, 3, 3, 3, 3, 3, 3, 3, 3, 3, 3, 3, 3, 3, 3, 3, 3, 3, 3, 3, 3, 3, 3, 3, 3, 3, 3, 3, 3, 3, 3, 3, 3, 3, 3, 3, 3, 3, 3, 3, 3, 3, 3, 3, 3, 3, 3, 3, 3, 3, 3, 3, 3, 3, 3, 3, 3, 3, 3, 3, 3, 3, 3, 3, 3, 3, 3, 3, 3, 3, 3, 3, 3, 3, 3, 3, 3, 3, 3, 3, 3, 3, 3, 3, 3, 3, 3, 3, 3, 3, 3, 3, 3, 3, 3, 3, 3, 3, 3, 3, 3, 3, 3, 3, 3, 3, 3, 3, 3, 3, 3, 3, 3, 3, 3, 3, 3, 3, 3, 3, 3, 3, 3, 3, 3, 3, 3, 3, 3, 3, 3, 3, 3, 3, 3, 3, 3, 3, 3, 3, 3, 3, 3, 3, 3, 3, 3, 3, 3, 3, 3, 3, 3, 3, 3, 3, 3, 3, 3, 3, 3, 3, 3, 3, 3, 3, 3, 3, 3, 3, 3, 3, 3, 3, 3, 3, 3, 3, 3, 3, 3, 3, 3, 3, 3, 3, 3, 3, 3, 3, 3, 3, 3, 3, 3, 3, 3, 3, 3, 3, 3, 3, 3, 3, 3, 3, 3, 3, 3, 3]
                int[] faceVertexIndices = [15, 818, 819, 4, 11, 13, 16, 14, 1, 820, 18, 5, 10, 18, 19, 13, 6, 10, 0, 17, 15, 14, 818, 1, 113, 810, 809, 818, 16, 1, 743, 710, 734, 739, 708, 729, 3, 13, 12, 710, 739, 734, 16, 4, 3, 735, 715, 743, 7, 817, 14, 737, 711, 735, 20, 820, 7, 12, 10, 9, 708, 741, 729, 741, 709, 732, 10, 20, 9, 709, 737, 732, 723, 18, 6, 706, 381, 705, 701, 380, 704, 700, 377, 701, 699, 376, 700, 698, 375, 699, 697, 374, 698, 696, 373, 697, 695, 372, 696, 694, 371, 695, 693, 370, 694, 691, 369, 693, 38, 367, 691, 680, 365, 38, 679, 356, 680, 681, 355, 679, 682, 357, 681, 683, 358, 682, 684, 354, 678, 678, 352, 676, 676, 350, 674, 674, 348, 672, 369, 778, 370, 675, 353, 677, 677, 359, 683, 370, 108, 371, 686, 361, 685, 687, 362, 686, 688, 363, 687, 690, 364, 688, 349, 771, 351, 352, 58, 350, 351, 776, 353, 707, 382, 706, 374, 761, 375, 704, 379, 703, 702, 383, 707, 378, 748, 383, 90, 788, 787, 784, 80, 786, 91, 787, 789, 92, 789, 800, 785, 82, 783, 93, 800, 805, 782, 77, 76, 94, 805, 807, 84, 785, 799, 813, 78, 811, 786, 79, 813, 85, 799, 804, 86, 804, 812, 87, 812, 814, 88, 814, 790, 89, 790, 788, 783, 81, 784, 153, 81, 154, 811, 77, 781, 795, 126, 796, 116, 791, 793, 796, 127, 798, 798, 128, 802, 118, 794, 792, 802, 129, 803, 113, 782, 76, 803, 94, 807, 794, 120, 801, 114, 815, 810, 115, 793, 815, 801, 121, 806, 806, 122, 808, 808, 123, 816, 816, 124, 797, 797, 125, 795, 117, 792, 791, 269, 198, 270, 160, 88, 161, 178, 122, 177, 171, 115, 170, 173, 119, 118, 77, 150, 76, 171, 117, 116, 164, 92, 165, 155, 83, 156, 183, 129, 128, 162, 90, 163, 159, 87, 160, 151, 79, 152, 175, 119, 174, 166, 94, 167, 152, 80, 153, 181, 127, 126, 161, 89, 162, 177, 121, 176, 275, 204, 276, 179, 125, 124, 167, 129, 184, 169, 113, 168, 178, 124, 123, 176, 120, 175, 154, 82, 155, 165, 93, 166, 180, 126, 125, 168, 76, 150, 156, 84, 157, 172, 118, 117, 182, 128, 127, 158, 86, 159, 263, 190, 136, 157, 85, 158, 170, 114, 169, 149, 78, 151, 258, 149, 257, 257, 149, 151, 257, 152, 259, 259, 152, 153, 259, 154, 133, 133, 154, 155, 133, 156, 134, 134, 156, 157, 134, 158, 135, 135, 158, 159, 135, 160, 136, 136, 161, 263, 263, 161, 162, 263, 163, 264, 264, 163, 164, 264, 165, 139, 139, 165, 166, 139, 167, 148, 258, 168, 150, 141, 168, 258, 141, 170, 169, 142, 170, 141, 142, 172, 171, 269, 172, 142, 269, 174, 173, 270, 174, 269, 270, 176, 175, 271, 176, 270, 271, 178, 177, 271, 179, 178, 273, 179, 271, 273, 181, 180, 274, 181, 273, 274, 183, 182, 148, 183, 274, 148, 167, 184, 218, 201, 200, 188, 205, 187, 264, 191, 263, 257, 194, 258, 270, 199, 271, 259, 185, 257, 139, 192, 264, 271, 200, 273, 133, 186, 259, 148, 193, 139, 273, 201, 274, 134, 187, 133, 258, 195, 141, 274, 202, 148, 135, 188, 134, 141, 196, 142, 136, 189, 135, 203, 194, 185, 194, 213, 195, 201, 220, 202, 189, 206, 188, 195, 214, 196, 202, 211, 193, 190, 207, 189, 196, 215, 197, 191, 208, 190, 197, 216, 198, 192, 209, 191, 198, 217, 199, 186, 203, 185, 193, 210, 192, 199, 218, 200, 187, 204, 186, 292, 229, 283, 275, 230, 284, 290, 237, 291, 278, 223, 277, 284, 231, 285, 291, 238, 292, 284, 203, 275, 279, 224, 278, 285, 232, 286, 280, 225, 279, 232, 287, 286, 281, 226, 280, 287, 234, 288, 282, 227, 281, 288, 235, 289, 283, 228, 282, 289, 236, 290, 283, 220, 292, 291, 218, 290, 285, 212, 284, 292, 219, 291, 286, 213, 285, 277, 222, 276, 277, 206, 278, 288, 215, 287, 287, 214, 286, 278, 207, 279, 280, 209, 281, 279, 208, 280, 281, 210, 282, 289, 216, 288, 276, 205, 277, 282, 211, 283, 290, 217, 289, 301, 246, 300, 298, 243, 297, 307, 254, 308, 242, 266, 241, 310, 247, 301, 309, 254, 255, 294, 241, 240, 303, 250, 304, 310, 255, 256, 304, 251, 305, 303, 248, 249, 239, 294, 240, 222, 293, 221, 306, 251, 252, 307, 252, 253, 297, 242, 296, 299, 246, 245, 298, 245, 244, 234, 307, 235, 228, 299, 227, 221, 302, 230, 229, 300, 228, 235, 308, 236, 223, 294, 222, 238, 301, 229, 308, 237, 236, 224, 295, 223, 230, 303, 231, 237, 310, 238, 225, 296, 224, 231, 304, 232, 226, 297, 225, 232, 305, 233, 227, 298, 226, 233, 306, 234, 196, 269, 142, 276, 221, 275, 302, 239, 248, 256, 146, 247, 249, 143, 250, 243, 265, 242, 250, 140, 251, 244, 262, 243, 251, 138, 252, 245, 261, 244, 252, 137, 253, 246, 260, 245, 253, 132, 254, 247, 147, 246, 240, 268, 239, 254, 131, 255, 239, 145, 248, 241, 267, 240, 255, 272, 256, 248, 144, 249, 267, 342, 268, 261, 326, 262, 262, 328, 265, 131, 340, 272, 268, 316, 145, 265, 345, 266, 146, 320, 147, 138, 334, 137, 140, 332, 138, 132, 338, 131, 272, 317, 146, 144, 312, 143, 137, 336, 132, 145, 314, 144, 266, 344, 267, 147, 322, 260, 260, 323, 261, 143, 330, 140, 319, 317, 318, 315, 342, 341, 313, 316, 315, 311, 314, 313, 329, 312, 311, 331, 330, 329, 333, 332, 331, 335, 334, 333, 337, 336, 335, 339, 338, 337, 318, 340, 339, 343, 345, 346, 325, 323, 324, 346, 328, 327, 324, 322, 321, 321, 320, 319, 341, 344, 343, 327, 326, 325, 319, 335, 343, 725, 740, 720, 354, 768, 352, 673, 351, 675, 355, 760, 356, 366, 65, 364, 357, 755, 355, 353, 777, 359, 360, 60, 354, 361, 779, 360, 362, 62, 361, 685, 360, 684, 364, 64, 363, 365, 772, 367, 356, 762, 365, 358, 101, 357, 359, 749, 358, 367, 775, 369, 372, 756, 373, 375, 75, 376, 692, 366, 690, 373, 757, 374, 705, 368, 692, 363, 745, 362, 381, 67, 368, 376, 767, 377, 368, 766, 366, 350, 763, 348, 380, 72, 379, 371, 752, 372, 382, 68, 381, 383, 69, 382, 379, 71, 378, 703, 378, 702, 377, 759, 380, 347, 7, 14, 347, 9, 20, 16, 12, 347, 672, 349, 673, 724, 744, 717, 720, 730, 728, 742, 726, 719, 601, 395, 600, 386, 394, 395, 387, 393, 394, 388, 392, 393, 389, 390, 392, 408, 401, 397, 410, 400, 401, 411, 399, 400, 412, 398, 399, 413, 603, 398, 420, 419, 415, 422, 418, 419, 423, 417, 418, 424, 416, 417, 425, 605, 416, 456, 455, 451, 458, 454, 455, 459, 453, 454, 460, 452, 453, 461, 607, 452, 609, 509, 608, 512, 508, 509, 513, 507, 508, 514, 506, 507, 515, 504, 506, 534, 545, 541, 536, 544, 545, 537, 543, 544, 538, 542, 543, 539, 611, 542, 468, 458, 456, 470, 459, 458, 471, 460, 459, 472, 461, 460, 473, 606, 461, 614, 575, 613, 590, 574, 575, 591, 573, 574, 592, 572, 573, 593, 570, 572, 528, 527, 523, 530, 526, 527, 531, 525, 526, 532, 524, 525, 533, 616, 524, 564, 557, 553, 566, 556, 557, 567, 555, 556, 568, 554, 555, 569, 618, 554, 608, 503, 619, 509, 502, 503, 508, 501, 502, 507, 500, 501, 506, 498, 500, 516, 536, 534, 518, 537, 536, 519, 538, 537, 520, 539, 538, 521, 610, 539, 451, 449, 445, 455, 448, 449, 454, 447, 448, 453, 446, 447, 452, 621, 446, 415, 410, 408, 419, 411, 410, 418, 412, 411, 417, 413, 412, 416, 602, 413, 623, 467, 622, 476, 466, 467, 477, 465, 466, 478, 464, 465, 479, 462, 464, 600, 407, 624, 395, 406, 407, 394, 405, 406, 393, 404, 405, 392, 402, 404, 438, 437, 433, 440, 436, 437, 441, 435, 436, 442, 434, 435, 443, 626, 434, 523, 485, 481, 527, 484, 485, 526, 483, 484, 525, 482, 483, 524, 627, 482, 628, 590, 614, 596, 591, 590, 597, 592, 591, 598, 593, 592, 599, 589, 593, 617, 581, 629, 569, 580, 581, 568, 579, 580, 567, 578, 579, 566, 576, 578, 541, 530, 528, 545, 531, 530, 544, 532, 531, 543, 533, 532, 542, 615, 533, 631, 551, 630, 560, 550, 551, 561, 549, 550, 562, 548, 549, 563, 546, 548, 633, 491, 632, 494, 490, 491, 495, 489, 490, 496, 488, 489, 497, 486, 488, 433, 431, 427, 437, 430, 431, 436, 429, 430, 435, 428, 429, 434, 634, 428, 635, 596, 628, 584, 597, 596, 585, 598, 597, 586, 599, 598, 587, 595, 599, 481, 470, 468, 485, 471, 470, 484, 472, 471, 483, 473, 472, 482, 612, 473, 629, 584, 635, 581, 585, 584, 580, 586, 585, 579, 587, 586, 578, 583, 587, 613, 560, 631, 575, 561, 560, 574, 562, 561, 573, 563, 562, 572, 559, 563, 553, 518, 516, 557, 519, 518, 556, 520, 519, 555, 521, 520, 554, 620, 521, 630, 512, 609, 551, 513, 512, 550, 514, 513, 549, 515, 514, 548, 511, 515, 619, 494, 633, 503, 495, 494, 502, 496, 495, 501, 497, 496, 500, 493, 497, 632, 476, 623, 491, 477, 476, 490, 478, 477, 489, 479, 478, 488, 475, 479, 445, 440, 438, 449, 441, 440, 448, 442, 441, 447, 443, 442, 446, 625, 443, 427, 422, 420, 431, 423, 422, 430, 424, 423, 429, 425, 424, 428, 604, 425, 624, 398, 603, 407, 399, 398, 406, 400, 399, 405, 401, 400, 404, 397, 401, 622, 386, 601, 467, 387, 386, 466, 388, 387, 465, 389, 388, 464, 385, 389, 426, 522, 582, 637, 600, 636, 639, 602, 638, 641, 604, 640, 643, 606, 642, 645, 608, 644, 647, 610, 646, 642, 612, 648, 650, 613, 649, 652, 615, 651, 654, 617, 653, 644, 619, 655, 646, 620, 656, 657, 607, 643, 638, 605, 641, 659, 622, 658, 636, 624, 660, 662, 625, 661, 663, 616, 652, 664, 614, 650, 653, 629, 665, 651, 611, 647, 667, 630, 666, 669, 632, 668, 670, 626, 662, 671, 628, 664, 648, 627, 663, 665, 635, 671, 649, 631, 667, 656, 618, 654, 666, 609, 645, 655, 633, 669, 668, 623, 659, 661, 621, 657, 640, 634, 670, 660, 603, 639, 658, 601, 637, 384, 636, 391, 396, 638, 409, 414, 640, 421, 450, 642, 457, 510, 644, 505, 540, 646, 535, 457, 648, 469, 588, 649, 571, 522, 651, 529, 552, 653, 565, 505, 655, 499, 535, 656, 517, 444, 643, 450, 409, 641, 414, 474, 658, 463, 391, 660, 403, 432, 661, 439, 480, 652, 522, 594, 650, 588, 565, 665, 577, 529, 647, 540, 558, 666, 547, 492, 668, 487, 426, 662, 432, 582, 664, 594, 469, 663, 480, 577, 671, 582, 571, 667, 558, 517, 654, 552, 547, 645, 510, 499, 669, 492, 487, 659, 474, 439, 657, 444, 421, 670, 426, 403, 639, 396, 463, 637, 384, 823, 15, 819, 744, 725, 717, 738, 724, 722, 11, 723, 6, 0, 721, 11, 18, 822, 5, 15, 727, 0, 22, 673, 21, 23, 672, 22, 21, 675, 24, 25, 674, 23, 24, 677, 26, 27, 676, 25, 28, 680, 29, 30, 679, 28, 31, 681, 30, 32, 682, 31, 26, 683, 32, 33, 678, 27, 34, 684, 33, 35, 685, 34, 36, 686, 35, 37, 687, 36, 29, 38, 689, 39, 688, 37, 689, 691, 40, 41, 690, 39, 40, 693, 42, 42, 694, 43, 43, 695, 44, 44, 696, 45, 45, 697, 46, 46, 698, 47, 47, 699, 48, 48, 700, 49, 49, 701, 50, 52, 702, 51, 53, 703, 52, 50, 704, 53, 54, 692, 41, 55, 705, 54, 56, 706, 55, 51, 707, 56, 728, 742, 719, 726, 738, 722, 723, 717, 716, 721, 724, 723, 717, 822, 716, 822, 720, 821, 719, 727, 718, 727, 722, 721, 823, 719, 718, 821, 728, 823, 740, 729, 730, 729, 742, 730, 731, 737, 738, 742, 732, 731, 733, 739, 740, 744, 734, 733, 738, 735, 736, 735, 744, 736, 709, 34, 33, 708, 51, 56, 44, 45, 710, 32, 31, 711, 766, 758, 65, 758, 64, 65, 64, 63, 745, 745, 746, 62, 62, 61, 779, 779, 773, 60, 60, 59, 768, 768, 765, 58, 763, 765, 57, 763, 96, 764, 764, 97, 771, 771, 98, 776, 776, 99, 777, 777, 100, 749, 749, 750, 101, 101, 102, 755, 102, 760, 755, 760, 104, 762, 762, 105, 772, 772, 106, 775, 775, 107, 778, 778, 751, 108, 108, 109, 752, 752, 110, 756, 756, 111, 757, 757, 112, 761, 761, 770, 75, 75, 74, 767, 767, 73, 759, 759, 754, 72, 72, 747, 71, 71, 70, 748, 748, 780, 69, 69, 774, 68, 68, 769, 67, 67, 66, 766, 348, 764, 349, 2, 817, 1129, 1091, 818, 2, 8, 5, 1130, 1129, 820, 8, 825, 821, 824, 824, 823, 1131, 1130, 822, 825, 1131, 819, 1091, 163, 91, 164, 295, 242, 241, 855, 1135, 827, 935, 1078, 1085, 936, 830, 935, 856, 826, 854, 857, 932, 987, 1133, 840, 938, 835, 853, 841, 841, 847, 833, 832, 865, 862, 827, 888, 855, 832, 1075, 846, 925, 1090, 1083, 839, 851, 838, 831, 944, 942, 843, 848, 842, 847, 849, 843, 844, 851, 845, 845, 852, 846, 836, 844, 829, 827, 1071, 842, 832, 852, 839, 833, 1066, 826, 883, 849, 835, 845, 1073, 844, 827, 848, 883, 838, 850, 836, 856, 841, 833, 855, 911, 906, 838, 985, 839, 908, 854, 907, 1079, 855, 906, 860, 836, 829, 862, 916, 918, 839, 996, 865, 885, 886, 883, 832, 861, 828, 828, 1134, 829, 1137, 875, 863, 882, 987, 889, 870, 986, 877, 881, 877, 836, 877, 872, 870, 881, 873, 872, 880, 874, 873, 879, 875, 874, 878, 863, 875, 889, 884, 882, 893, 885, 884, 892, 886, 885, 891, 887, 886, 890, 883, 887, 871, 938, 936, 896, 999, 897, 918, 876, 919, 919, 1082, 1089, 940, 1080, 1077, 942, 894, 940, 896, 944, 943, 894, 1079, 1080, 895, 910, 908, 912, 1002, 898, 899, 1011, 867, 898, 1012, 899, 866, 1005, 913, 837, 993, 858, 865, 997, 916, 841, 988, 835, 859, 991, 841, 897, 992, 910, 928, 857, 909, 857, 1000, 909, 917, 926, 995, 910, 990, 859, 869, 1010, 868, 908, 859, 856, 895, 907, 894, 917, 989, 864, 916, 994, 837, 901, 1016, 902, 1134, 914, 860, 862, 919, 861, 914, 863, 860, 918, 837, 871, 925, 926, 924, 928, 923, 922, 995, 927, 993, 998, 929, 1000, 963, 943, 834, 924, 864, 931, 934, 1132, 954, 1000, 928, 909, 915, 1137, 863, 928, 1088, 1087, 922, 1086, 1088, 888, 1087, 911, 930, 1084, 1081, 962, 923, 998, 941, 923, 971, 953, 955, 1132, 939, 1083, 1084, 947, 946, 927, 936, 840, 831, 914, 1090, 915, 937, 837, 858, 871, 935, 876, 876, 1085, 1082, 934, 970, 961, 941, 1081, 1086, 963, 998, 943, 911, 1079, 906, 943, 840, 834, 831, 940, 830, 830, 1077, 1078, 942, 897, 895, 954, 933, 934, 993, 946, 953, 970, 933, 930, 945, 948, 947, 948, 949, 947, 949, 950, 947, 950, 951, 947, 951, 952, 947, 952, 946, 947, 953, 956, 955, 956, 957, 955, 957, 958, 955, 958, 959, 955, 959, 960, 955, 960, 954, 955, 961, 964, 963, 964, 965, 963, 965, 966, 963, 966, 967, 963, 967, 968, 963, 968, 962, 963, 969, 972, 971, 972, 973, 971, 973, 974, 971, 974, 975, 971, 975, 976, 971, 976, 970, 971, 946, 956, 953, 952, 957, 956, 951, 958, 957, 950, 959, 958, 949, 960, 959, 948, 954, 960, 970, 964, 961, 976, 965, 964, 975, 966, 965, 974, 967, 966, 973, 968, 967, 972, 962, 968, 939, 930, 933, 978, 979, 977, 980, 983, 979, 984, 981, 983, 982, 977, 981, 980, 982, 984, 900, 986, 868, 866, 988, 867, 868, 989, 869, 899, 990, 898, 898, 992, 912, 903, 994, 904, 920, 993, 903, 905, 985, 900, 904, 997, 921, 902, 998, 901, 913, 987, 866, 867, 991, 899, 912, 999, 902, 901, 1000, 913, 869, 995, 920, 921, 996, 905, 1016, 1022, 1006, 1006, 1018, 1002, 1050, 1027, 1011, 1002, 1028, 1012, 1001, 1021, 1005, 902, 1006, 912, 904, 1013, 903, 913, 1015, 901, 903, 1007, 920, 920, 1003, 869, 900, 1004, 905, 868, 1009, 900, 905, 1008, 921, 921, 1014, 904, 867, 1001, 866, 1021, 1047, 1031, 1014, 1061, 1013, 1032, 1038, 1022, 1022, 1034, 1018, 1018, 1044, 1028, 1005, 1031, 1015, 1013, 1023, 1007, 1007, 1019, 1003, 1009, 1020, 1004, 1010, 1025, 1009, 1004, 1024, 1008, 1008, 1030, 1014, 1011, 1017, 1001, 1003, 1026, 1010, 1043, 1034, 1033, 1033, 1038, 1037, 1035, 1041, 1042, 1045, 1040, 1039, 1037, 1048, 1047, 1039, 1036, 1035, 1029, 1039, 1023, 1023, 1035, 1019, 1025, 1036, 1020, 1041, 1060, 1042, 1020, 1040, 1024, 1024, 1046, 1030, 1027, 1033, 1017, 1016, 1015, 1053, 1019, 1042, 1026, 1017, 1037, 1021, 1052, 1049, 1050, 1044, 1052, 1028, 1043, 1051, 1044, 1027, 1049, 1043, 1053, 1056, 1054, 1048, 1055, 1047, 1047, 1053, 1031, 1032, 1056, 1048, 1058, 1059, 1057, 1042, 1058, 1026, 1058, 1025, 1026, 1025, 1059, 1041, 1062, 1063, 1061, 1046, 1062, 1030, 1029, 1063, 1045, 1045, 1064, 1046, 1066, 1071, 1065, 1067, 1074, 1068, 1068, 1075, 1069, 1070, 1072, 1066, 846, 1074, 845, 826, 1065, 827, 844, 1067, 829, 843, 1076, 847, 847, 1070, 833, 842, 1072, 843, 829, 1068, 828, 828, 1069, 832, 1078, 1084, 1085, 1082, 1090, 1089, 1080, 1086, 1077, 1079, 1088, 1080, 1085, 1083, 1082, 1077, 1081, 1078, 1131, 1097, 824, 1091, 1101, 1131, 1129, 1098, 2, 1130, 1099, 8, 1095, 1109, 1101, 1096, 1106, 1098, 1094, 1107, 1099, 1097, 1108, 1100, 8, 1096, 1129, 2, 1095, 1091, 825, 1094, 1130, 824, 1100, 825, 1104, 1114, 1106, 1108, 1120, 1102, 1105, 1116, 1108, 1116, 1121, 1108, 1101, 1105, 1097, 1099, 1104, 1096, 1098, 1103, 1095, 1100, 1102, 1094, 1112, 1111, 1114, 1110, 1112, 1115, 1110, 1113, 1093, 1093, 1117, 1111, 1103, 1125, 1109, 1109, 1113, 1105, 1107, 1112, 1104, 1111, 1126, 1114, 1120, 1092, 1118, 1121, 1119, 1120, 1102, 1118, 1107, 1110, 1122, 1116, 1115, 1119, 1110, 1107, 1092, 1115, 1124, 1128, 1125, 1123, 1127, 1124, 1109, 1128, 1117, 1114, 1123, 1106, 1106, 1124, 1103, 1117, 1127, 1111, 1132, 1133, 937, 1134, 919, 1089, 1134, 860, 829, 1079, 854, 1135, 1135, 826, 827, 1136, 890, 891, 1136, 928, 1087, 1090, 931, 1137, 872, 873, 1137, 893, 889, 1136, 989, 931, 864, 15, 17, 818, 4, 0, 11, 16, 347, 14, 820, 19, 18, 10, 6, 18, 13, 11, 6, 0, 4, 17, 14, 817, 818, 113, 114, 810, 818, 17, 16, 743, 715, 710, 739, 713, 708, 3, 4, 13, 710, 713, 739, 16, 17, 4, 735, 711, 715, 7, 820, 817, 737, 712, 711, 20, 19, 820, 12, 13, 10, 708, 714, 741, 741, 714, 709, 10, 19, 20, 709, 712, 737, 723, 716, 18, 706, 382, 381, 701, 377, 380, 700, 376, 377, 699, 375, 376, 698, 374, 375, 697, 373, 374, 696, 372, 373, 695, 371, 372, 694, 370, 371, 693, 369, 370, 691, 367, 369, 38, 365, 367, 680, 356, 365, 679, 355, 356, 681, 357, 355, 682, 358, 357, 683, 359, 358, 684, 360, 354, 678, 354, 352, 676, 352, 350, 674, 350, 348, 369, 775, 778, 675, 351, 353, 677, 353, 359, 370, 778, 108, 686, 362, 361, 687, 363, 362, 688, 364, 363, 690, 366, 364, 349, 764, 771, 352, 768, 58, 351, 771, 776, 707, 383, 382, 374, 757, 761, 704, 380, 379, 702, 378, 383, 378, 71, 748, 90, 89, 788, 784, 81, 80, 91, 90, 787, 92, 91, 789, 785, 83, 82, 93, 92, 800, 782, 781, 77, 94, 93, 805, 84, 83, 785, 813, 79, 78, 786, 80, 79, 85, 84, 799, 86, 85, 804, 87, 86, 812, 88, 87, 814, 89, 88, 790, 783, 82, 81, 153, 80, 81, 811, 78, 77, 795, 125, 126, 116, 117, 791, 796, 126, 127, 798, 127, 128, 118, 119, 794, 802, 128, 129, 113, 809, 782, 803, 129, 94, 794, 119, 120, 114, 115, 815, 115, 116, 793, 801, 120, 121, 806, 121, 122, 808, 122, 123, 816, 123, 124, 797, 124, 125, 117, 118, 792, 269, 197, 198, 160, 87, 88, 178, 123, 122, 171, 116, 115, 173, 174, 119, 77, 149, 150, 171, 172, 117, 164, 91, 92, 155, 82, 83, 183, 184, 129, 162, 89, 90, 159, 86, 87, 151, 78, 79, 175, 120, 119, 166, 93, 94, 152, 79, 80, 181, 182, 127, 161, 88, 89, 177, 122, 121, 275, 203, 204, 179, 180, 125, 167, 94, 129, 169, 114, 113, 178, 179, 124, 176, 121, 120, 154, 81, 82, 165, 92, 93, 180, 181, 126, 168, 113, 76, 156, 83, 84, 172, 173, 118, 182, 183, 128, 158, 85, 86, 263, 191, 190, 157, 84, 85, 170, 115, 114, 149, 77, 78, 258, 150, 149, 257, 151, 152, 259, 153, 154, 133, 155, 156, 134, 157, 158, 135, 159, 160, 136, 160, 161, 263, 162, 163, 264, 164, 165, 139, 166, 167, 141, 169, 168, 142, 171, 170, 269, 173, 172, 270, 175, 174, 271, 177, 176, 273, 180, 179, 274, 182, 181, 148, 184, 183, 218, 219, 201, 188, 206, 205, 264, 192, 191, 257, 185, 194, 270, 198, 199, 259, 186, 185, 139, 193, 192, 271, 199, 200, 133, 187, 186, 148, 202, 193, 273, 200, 201, 134, 188, 187, 258, 194, 195, 274, 201, 202, 135, 189, 188, 141, 195, 196, 136, 190, 189, 203, 212, 194, 194, 212, 213, 201, 219, 220, 189, 207, 206, 195, 213, 214, 202, 220, 211, 190, 208, 207, 196, 214, 215, 191, 209, 208, 197, 215, 216, 192, 210, 209, 198, 216, 217, 186, 204, 203, 193, 211, 210, 199, 217, 218, 187, 205, 204, 292, 238, 229, 275, 221, 230, 290, 236, 237, 278, 224, 223, 284, 230, 231, 291, 237, 238, 284, 212, 203, 279, 225, 224, 285, 231, 232, 280, 226, 225, 232, 233, 287, 281, 227, 226, 287, 233, 234, 282, 228, 227, 288, 234, 235, 283, 229, 228, 289, 235, 236, 283, 211, 220, 291, 219, 218, 285, 213, 212, 292, 220, 219, 286, 214, 213, 277, 223, 222, 277, 205, 206, 288, 216, 215, 287, 215, 214, 278, 206, 207, 280, 208, 209, 279, 207, 208, 281, 209, 210, 289, 217, 216, 276, 204, 205, 282, 210, 211, 290, 218, 217, 301, 247, 246, 298, 244, 243, 307, 253, 254, 242, 265, 266, 310, 256, 247, 309, 308, 254, 294, 295, 241, 303, 249, 250, 310, 309, 255, 304, 250, 251, 303, 302, 248, 239, 293, 294, 222, 294, 293, 306, 305, 251, 307, 306, 252, 297, 243, 242, 299, 300, 246, 298, 299, 245, 234, 306, 307, 228, 300, 299, 221, 293, 302, 229, 301, 300, 235, 307, 308, 223, 295, 294, 238, 310, 301, 308, 309, 237, 224, 296, 295, 230, 302, 303, 237, 309, 310, 225, 297, 296, 231, 303, 304, 226, 298, 297, 232, 304, 305, 227, 299, 298, 233, 305, 306, 196, 197, 269, 276, 222, 221, 302, 293, 239, 256, 272, 146, 249, 144, 143, 243, 262, 265, 250, 143, 140, 244, 261, 262, 251, 140, 138, 245, 260, 261, 252, 138, 137, 246, 147, 260, 253, 137, 132, 247, 146, 147, 240, 267, 268, 254, 132, 131, 239, 268, 145, 241, 266, 267, 255, 131, 272, 248, 145, 144, 267, 344, 342, 261, 323, 326, 262, 326, 328, 131, 338, 340, 268, 342, 316, 265, 328, 345, 146, 317, 320, 138, 332, 334, 140, 330, 332, 132, 336, 338, 272, 340, 317, 144, 314, 312, 137, 334, 336, 145, 316, 314, 266, 345, 344, 147, 320, 322, 260, 322, 323, 143, 312, 330, 319, 320, 317, 315, 316, 342, 313, 314, 316, 311, 312, 314, 329, 330, 312, 331, 332, 330, 333, 334, 332, 335, 336, 334, 337, 338, 336, 339, 340, 338, 318, 317, 340, 343, 344, 345, 325, 326, 323, 346, 345, 328, 324, 323, 322, 321, 322, 320, 341, 342, 344, 327, 328, 326, 319, 318, 339, 339, 337, 319, 337, 335, 319, 335, 333, 331, 331, 329, 311, 311, 313, 343, 313, 315, 343, 315, 341, 343, 343, 346, 327, 327, 325, 343, 325, 324, 343, 324, 321, 319, 335, 331, 343, 331, 311, 343, 324, 319, 343, 725, 733, 740, 354, 60, 768, 673, 349, 351, 355, 755, 760, 366, 766, 65, 357, 101, 755, 353, 776, 777, 360, 779, 60, 361, 62, 779, 362, 745, 62, 685, 361, 360, 364, 65, 64, 365, 762, 772, 356, 760, 762, 358, 749, 101, 359, 777, 749, 367, 772, 775, 372, 752, 756, 375, 761, 75, 692, 368, 366, 373, 756, 757, 705, 381, 368, 363, 64, 745, 381, 68, 67, 376, 75, 767, 368, 67, 766, 350, 58, 763, 380, 759, 72, 371, 108, 752, 382, 69, 68, 383, 748, 69, 379, 72, 71, 703, 379, 378, 377, 767, 759, 347, 20, 7, 347, 12, 9, 16, 3, 12, 672, 348, 349, 724, 736, 744, 720, 740, 730, 742, 731, 726, 601, 386, 395, 386, 387, 394, 387, 388, 393, 388, 389, 392, 389, 385, 390, 408, 410, 401, 410, 411, 400, 411, 412, 399, 412, 413, 398, 413, 602, 603, 420, 422, 419, 422, 423, 418, 423, 424, 417, 424, 425, 416, 425, 604, 605, 456, 458, 455, 458, 459, 454, 459, 460, 453, 460, 461, 452, 461, 606, 607, 609, 512, 509, 512, 513, 508, 513, 514, 507, 514, 515, 506, 515, 511, 504, 534, 536, 545, 536, 537, 544, 537, 538, 543, 538, 539, 542, 539, 610, 611, 468, 470, 458, 470, 471, 459, 471, 472, 460, 472, 473, 461, 473, 612, 606, 614, 590, 575, 590, 591, 574, 591, 592, 573, 592, 593, 572, 593, 589, 570, 528, 530, 527, 530, 531, 526, 531, 532, 525, 532, 533, 524, 533, 615, 616, 564, 566, 557, 566, 567, 556, 567, 568, 555, 568, 569, 554, 569, 617, 618, 608, 509, 503, 509, 508, 502, 508, 507, 501, 507, 506, 500, 506, 504, 498, 516, 518, 536, 518, 519, 537, 519, 520, 538, 520, 521, 539, 521, 620, 610, 451, 455, 449, 455, 454, 448, 454, 453, 447, 453, 452, 446, 452, 607, 621, 415, 419, 410, 419, 418, 411, 418, 417, 412, 417, 416, 413, 416, 605, 602, 623, 476, 467, 476, 477, 466, 477, 478, 465, 478, 479, 464, 479, 475, 462, 600, 395, 407, 395, 394, 406, 394, 393, 405, 393, 392, 404, 392, 390, 402, 438, 440, 437, 440, 441, 436, 441, 442, 435, 442, 443, 434, 443, 625, 626, 523, 527, 485, 527, 526, 484, 526, 525, 483, 525, 524, 482, 524, 616, 627, 628, 596, 590, 596, 597, 591, 597, 598, 592, 598, 599, 593, 599, 595, 589, 617, 569, 581, 569, 568, 580, 568, 567, 579, 567, 566, 578, 566, 564, 576, 541, 545, 530, 545, 544, 531, 544, 543, 532, 543, 542, 533, 542, 611, 615, 631, 560, 551, 560, 561, 550, 561, 562, 549, 562, 563, 548, 563, 559, 546, 633, 494, 491, 494, 495, 490, 495, 496, 489, 496, 497, 488, 497, 493, 486, 433, 437, 431, 437, 436, 430, 436, 435, 429, 435, 434, 428, 434, 626, 634, 635, 584, 596, 584, 585, 597, 585, 586, 598, 586, 587, 599, 587, 583, 595, 481, 485, 470, 485, 484, 471, 484, 483, 472, 483, 482, 473, 482, 627, 612, 629, 581, 584, 581, 580, 585, 580, 579, 586, 579, 578, 587, 578, 576, 583, 613, 575, 560, 575, 574, 561, 574, 573, 562, 573, 572, 563, 572, 570, 559, 553, 557, 518, 557, 556, 519, 556, 555, 520, 555, 554, 521, 554, 618, 620, 630, 551, 512, 551, 550, 513, 550, 549, 514, 549, 548, 515, 548, 546, 511, 619, 503, 494, 503, 502, 495, 502, 501, 496, 501, 500, 497, 500, 498, 493, 632, 491, 476, 491, 490, 477, 490, 489, 478, 489, 488, 479, 488, 486, 475, 445, 449, 440, 449, 448, 441, 448, 447, 442, 447, 446, 443, 446, 621, 625, 427, 431, 422, 431, 430, 423, 430, 429, 424, 429, 428, 425, 428, 634, 604, 624, 407, 398, 407, 406, 399, 406, 405, 400, 405, 404, 401, 404, 402, 397, 622, 467, 386, 467, 466, 387, 466, 465, 388, 465, 464, 389, 464, 462, 385, 463, 384, 391, 391, 403, 396, 396, 409, 414, 414, 421, 426, 426, 432, 439, 439, 444, 426, 444, 450, 426, 450, 457, 469, 469, 480, 450, 480, 522, 450, 522, 529, 540, 540, 535, 517, 517, 552, 582, 552, 565, 582, 565, 577, 582, 582, 594, 588, 588, 571, 582, 571, 558, 582, 558, 547, 499, 547, 510, 499, 510, 505, 499, 499, 492, 487, 487, 474, 499, 474, 463, 499, 463, 391, 396, 396, 414, 463, 414, 426, 463, 522, 540, 582, 540, 517, 582, 426, 450, 522, 582, 558, 426, 558, 499, 426, 499, 463, 426, 637, 601, 600, 639, 603, 602, 641, 605, 604, 643, 607, 606, 645, 609, 608, 647, 611, 610, 642, 606, 612, 650, 614, 613, 652, 616, 615, 654, 618, 617, 644, 608, 619, 646, 610, 620, 657, 621, 607, 638, 602, 605, 659, 623, 622, 636, 600, 624, 662, 626, 625, 663, 627, 616, 664, 628, 614, 653, 617, 629, 651, 615, 611, 667, 631, 630, 669, 633, 632, 670, 634, 626, 671, 635, 628, 648, 612, 627, 665, 629, 635, 649, 613, 631, 656, 620, 618, 666, 630, 609, 655, 619, 633, 668, 632, 623, 661, 625, 621, 640, 604, 634, 660, 624, 603, 658, 622, 601, 384, 637, 636, 396, 639, 638, 414, 641, 640, 450, 643, 642, 510, 645, 644, 540, 647, 646, 457, 642, 648, 588, 650, 649, 522, 652, 651, 552, 654, 653, 505, 644, 655, 535, 646, 656, 444, 657, 643, 409, 638, 641, 474, 659, 658, 391, 636, 660, 432, 662, 661, 480, 663, 652, 594, 664, 650, 565, 653, 665, 529, 651, 647, 558, 667, 666, 492, 669, 668, 426, 670, 662, 582, 671, 664, 469, 648, 663, 577, 665, 671, 571, 649, 667, 517, 656, 654, 547, 666, 645, 499, 655, 669, 487, 668, 659, 439, 661, 657, 421, 640, 670, 403, 660, 639, 463, 658, 637, 823, 718, 15, 744, 733, 725, 738, 736, 724, 11, 721, 723, 0, 727, 721, 18, 716, 822, 15, 718, 727, 22, 672, 673, 23, 674, 672, 21, 673, 675, 25, 676, 674, 24, 675, 677, 27, 678, 676, 28, 679, 680, 30, 681, 679, 31, 682, 681, 32, 683, 682, 26, 677, 683, 33, 684, 678, 34, 685, 684, 35, 686, 685, 36, 687, 686, 37, 688, 687, 29, 680, 38, 39, 690, 688, 689, 38, 691, 41, 692, 690, 40, 691, 693, 42, 693, 694, 43, 694, 695, 44, 695, 696, 45, 696, 697, 46, 697, 698, 47, 698, 699, 48, 699, 700, 49, 700, 701, 52, 703, 702, 53, 704, 703, 50, 701, 704, 54, 705, 692, 55, 706, 705, 56, 707, 706, 51, 702, 707, 728, 730, 742, 726, 731, 738, 723, 724, 717, 721, 722, 724, 717, 725, 822, 822, 725, 720, 719, 726, 727, 727, 726, 722, 823, 728, 719, 821, 720, 728, 740, 739, 729, 729, 741, 742, 731, 732, 737, 742, 741, 732, 733, 734, 739, 744, 743, 734, 738, 737, 735, 735, 743, 744, 709, 714, 36, 714, 39, 37, 714, 37, 36, 22, 712, 23, 712, 709, 25, 23, 712, 25, 709, 36, 35, 27, 25, 709, 709, 35, 34, 33, 27, 709, 708, 713, 53, 713, 49, 50, 713, 50, 53, 39, 714, 41, 714, 708, 54, 41, 714, 54, 708, 53, 52, 55, 54, 708, 708, 52, 51, 56, 55, 708, 48, 49, 713, 710, 715, 42, 715, 689, 40, 715, 40, 42, 48, 713, 47, 713, 710, 47, 710, 42, 43, 46, 47, 710, 45, 46, 710, 710, 43, 44, 29, 689, 715, 711, 712, 24, 712, 22, 21, 712, 21, 24, 29, 715, 28, 715, 711, 28, 711, 24, 26, 30, 28, 711, 31, 30, 711, 711, 26, 32, 766, 66, 758, 758, 753, 64, 64, 753, 63, 745, 63, 746, 62, 746, 61, 779, 61, 773, 60, 773, 59, 768, 59, 765, 763, 58, 765, 763, 57, 96, 764, 96, 97, 771, 97, 98, 776, 98, 99, 777, 99, 100, 749, 100, 750, 101, 750, 102, 102, 103, 760, 760, 103, 104, 762, 104, 105, 772, 105, 106, 775, 106, 107, 778, 107, 751, 108, 751, 109, 752, 109, 110, 756, 110, 111, 757, 111, 112, 761, 112, 770, 75, 770, 74, 767, 74, 73, 759, 73, 754, 72, 754, 747, 71, 747, 70, 748, 70, 780, 69, 780, 774, 68, 774, 769, 67, 769, 66, 348, 763, 764, 2, 818, 817, 1091, 819, 818, 8, 820, 5, 1129, 817, 820, 825, 822, 821, 824, 821, 823, 1130, 5, 822, 1131, 823, 819, 163, 90, 91, 295, 296, 242, 935, 830, 1078, 936, 831, 830, 856, 833, 826, 938, 937, 1133, 1133, 834, 840, 835, 849, 853, 841, 853, 847, 832, 839, 865, 827, 883, 888, 832, 1069, 1075, 925, 924, 1090, 839, 852, 851, 831, 840, 944, 843, 849, 848, 847, 853, 849, 844, 850, 851, 845, 851, 852, 836, 850, 844, 827, 1065, 1071, 832, 846, 852, 833, 1070, 1066, 883, 848, 849, 845, 1074, 1073, 827, 842, 848, 838, 851, 850, 856, 859, 841, 855, 888, 911, 838, 986, 985, 908, 856, 854, 1079, 1135, 855, 860, 863, 836, 862, 865, 916, 839, 985, 996, 887, 883, 886, 883, 835, 882, 835, 988, 882, 882, 884, 883, 884, 885, 883, 832, 862, 861, 828, 861, 1134, 1137, 874, 875, 882, 988, 987, 870, 989, 986, 986, 838, 877, 838, 836, 877, 836, 878, 879, 879, 880, 836, 880, 881, 836, 877, 881, 872, 881, 880, 873, 880, 879, 874, 879, 878, 875, 878, 836, 863, 889, 893, 884, 893, 892, 885, 892, 891, 886, 891, 890, 887, 890, 888, 883, 871, 837, 938, 896, 998, 999, 918, 871, 876, 919, 876, 1082, 940, 894, 1080, 942, 895, 894, 896, 897, 944, 894, 907, 1079, 895, 897, 910, 912, 1006, 1002, 899, 1012, 1011, 898, 1002, 1012, 866, 1001, 1005, 837, 994, 993, 865, 996, 997, 841, 991, 988, 859, 990, 991, 897, 999, 992, 928, 932, 857, 857, 987, 1000, 917, 924, 926, 910, 992, 990, 869, 1003, 1010, 908, 910, 859, 895, 908, 907, 917, 995, 989, 916, 997, 994, 901, 1015, 1016, 1134, 1089, 914, 862, 918, 919, 914, 915, 863, 918, 916, 837, 925, 927, 926, 928, 929, 923, 995, 926, 927, 998, 923, 929, 934, 961, 834, 961, 963, 834, 924, 917, 864, 934, 834, 1132, 834, 1133, 1132, 1132, 955, 954, 1000, 929, 928, 915, 1090, 1137, 928, 922, 1088, 922, 941, 1086, 888, 1136, 1087, 930, 939, 1084, 962, 969, 923, 922, 923, 941, 923, 969, 971, 1132, 937, 858, 858, 993, 1132, 993, 953, 1132, 939, 925, 1083, 925, 939, 927, 939, 947, 927, 936, 938, 840, 914, 1089, 1090, 937, 938, 837, 871, 936, 935, 876, 935, 1085, 934, 933, 970, 941, 930, 1081, 962, 998, 963, 998, 896, 943, 911, 1087, 1079, 943, 944, 840, 831, 942, 940, 830, 940, 1077, 942, 944, 897, 954, 945, 933, 993, 927, 946, 930, 941, 971, 971, 970, 930, 946, 952, 956, 952, 951, 957, 951, 950, 958, 950, 949, 959, 949, 948, 960, 948, 945, 954, 970, 976, 964, 976, 975, 965, 975, 974, 966, 974, 973, 967, 973, 972, 968, 972, 969, 962, 933, 945, 947, 947, 939, 933, 978, 980, 979, 980, 984, 983, 984, 982, 981, 982, 978, 977, 980, 978, 982, 900, 985, 986, 866, 987, 988, 868, 986, 989, 899, 991, 990, 898, 990, 992, 903, 993, 994, 920, 995, 993, 905, 996, 985, 904, 994, 997, 902, 999, 998, 913, 1000, 987, 867, 988, 991, 912, 992, 999, 901, 998, 1000, 869, 989, 995, 921, 997, 996, 1016, 1032, 1022, 1006, 1022, 1018, 1011, 1012, 1050, 1012, 1028, 1052, 1050, 1012, 1052, 1002, 1018, 1028, 1001, 1017, 1021, 902, 1016, 1006, 904, 1014, 1013, 913, 1005, 1015, 903, 1013, 1007, 920, 1007, 1003, 900, 1009, 1004, 868, 1010, 1009, 905, 1004, 1008, 921, 1008, 1014, 867, 1011, 1001, 1021, 1037, 1047, 1014, 1030, 1062, 1062, 1061, 1014, 1061, 1029, 1013, 1032, 1048, 1038, 1022, 1038, 1034, 1018, 1034, 1044, 1005, 1021, 1031, 1013, 1029, 1023, 1007, 1023, 1019, 1009, 1025, 1020, 1010, 1026, 1025, 1004, 1020, 1024, 1008, 1024, 1030, 1011, 1027, 1017, 1003, 1019, 1026, 1043, 1044, 1034, 1033, 1034, 1038, 1035, 1036, 1041, 1045, 1046, 1040, 1037, 1038, 1048, 1039, 1040, 1036, 1029, 1045, 1039, 1023, 1039, 1035, 1025, 1041, 1036, 1041, 1059, 1060, 1020, 1036, 1040, 1024, 1040, 1046, 1027, 1043, 1033, 1015, 1031, 1053, 1053, 1054, 1016, 1054, 1032, 1016, 1019, 1035, 1042, 1017, 1033, 1037, 1052, 1051, 1049, 1044, 1051, 1052, 1043, 1049, 1051, 1027, 1050, 1049, 1053, 1055, 1056, 1048, 1056, 1055, 1047, 1055, 1053, 1032, 1054, 1056, 1058, 1060, 1059, 1042, 1060, 1058, 1058, 1057, 1025, 1025, 1057, 1059, 1062, 1064, 1063, 1046, 1064, 1062, 1029, 1061, 1063, 1045, 1063, 1064, 1066, 1072, 1071, 1067, 1073, 1074, 1068, 1074, 1075, 1070, 1076, 1072, 846, 1075, 1074, 826, 1066, 1065, 844, 1073, 1067, 843, 1072, 1076, 847, 1076, 1070, 842, 1071, 1072, 829, 1067, 1068, 828, 1068, 1069, 1078, 1081, 1084, 1082, 1083, 1090, 1080, 1088, 1086, 1079, 1087, 1088, 1085, 1084, 1083, 1077, 1086, 1081, 1131, 1101, 1097, 1091, 1095, 1101, 1129, 1096, 1098, 1130, 1094, 1099, 1095, 1103, 1109, 1096, 1104, 1106, 1094, 1102, 1107, 1097, 1105, 1108, 8, 1099, 1096, 2, 1098, 1095, 825, 1100, 1094, 824, 1097, 1100, 1104, 1112, 1114, 1108, 1121, 1120, 1105, 1113, 1116, 1116, 1122, 1121, 1101, 1109, 1105, 1099, 1107, 1104, 1098, 1106, 1103, 1100, 1108, 1102, 1112, 1093, 1111, 1110, 1093, 1112, 1110, 1116, 1113, 1093, 1113, 1117, 1103, 1124, 1125, 1109, 1117, 1113, 1107, 1115, 1112, 1111, 1127, 1126, 1120, 1119, 1092, 1121, 1122, 1119, 1102, 1120, 1118, 1110, 1119, 1122, 1115, 1092, 1119, 1107, 1118, 1092, 1124, 1127, 1128, 1123, 1126, 1127, 1109, 1125, 1128, 1114, 1126, 1123, 1106, 1123, 1124, 1117, 1128, 1127, 1134, 861, 919, 1079, 907, 854, 1135, 854, 826, 1136, 888, 890, 1136, 932, 928, 1090, 924, 931, 873, 874, 1137, 1137, 931, 870, 931, 989, 870, 870, 872, 1137, 889, 987, 932, 932, 1136, 889, 1136, 891, 892, 893, 1136, 892]
                rel material:binding = </root/_materials/Antique_Rustic_Mantel_Clock>
                normal3f[] normals = [(-1, 1.4834353e-7, 2.3882418e-8), (-0.999997, 2.2367653e-8, 0.002428194), (-0.999997, 2.6457787e-8, 0.002428194), (-0.017691338, 1.1022464e-7, 0.99984354), (-1.6900034e-7, 3.6679324e-8, 1), (3.000473e-7, 7.32319e-8, 1), (-0.004709646, 0.9999889, 0.000034689903), (0.000014779624, 0.9999887, -0.0047638714), (-0.0047515035, 0.9999772, -0.0048065027), (0.999997, -4.9045326e-8, 0.0024275396), (1, -1.2859303e-7, 4.678242e-10), (0.999997, -2.5555315e-7, 0.0024275398), (0.999997, 4.9045312e-8, -0.0024275398), (1, -1.2859303e-7, 4.678242e-10), (1, 0, 0), (3.000473e-7, 7.32319e-8, 1), (0.017691327, 5.501864e-8, 0.99984354), (0.0176915, 2.5647282e-7, 0.9998435), (-0.999997, 2.4523136e-8, -0.0024281936), (-1, 1.7956268e-8, -4.7431087e-8), (-1, 1.4834353e-7, 2.3882418e-8), (0.000014779624, 0.9999887, -0.0047638714), (-0.44722813, 0.77266926, -0.45052102), (-0.0047515035, 0.9999772, -0.0048065027), (5.9250198e-8, -1, 1.8767955e-7), (1.1670073e-7, -1, 3.6971932e-7), (5.9250546e-8, -1, 3.1788272e-7), (-0.44722813, 0.77266926, -0.45052102), (-0.004709646, 0.9999889, 0.000034689903), (-0.0047515035, 0.9999772, -0.0048065027), (-0.9580012, -0.28676406, -0.000005064532), (-0.999997, -4.059796e-7, -0.0024285302), (-0.95799285, -0.2867838, -0.0021489896), (-0.000100173056, -0.28677574, 0.9579978), (0.017563535, 8.9959747e-7, 0.99984574), (0.017000098, -0.286705, 0.9578681), (-0.0048012277, 0.99997735, 0.004709472), (-0.0000016181148, 0.6549796, 0.75564665), (0.000027159695, 0.99998844, 0.0048077106), (-0.017821006, 9.042372e-7, 0.99984115), (-0.000100173056, -0.28677574, 0.9579978), (-0.017072147, -0.28683114, 0.957829), (-0.004709646, 0.9999889, 0.000034689903), (-0.75565016, 0.6549711, -0.0023232624), (-0.0048012277, 0.99997735, 0.004709472), (-0.95800745, -0.2867371, 0.0018365936), (-1, -1.544758e-7, 1.3627361e-8), (-0.9580012, -0.28676406, -0.000005064532), (0.0048745684, 0.9999772, -0.004692018), (0.000099148834, 0.65496165, -0.7556621), (0.000014779624, 0.9999887, -0.0047638714), (0.0000032670796, -0.28677827, -0.957997), (-0.01769091, -0.0000017129317, -0.99984354), (-0.017121322, -0.28681102, -0.9578341), (0.0047063828, 0.9999889, 0.00004751864), (0.45053875, 0.7726705, -0.44720817), (0.0048745684, 0.9999772, -0.004692018), (0.000027159695, 0.99998844, 0.0048077106), (0.012895139, 0.6549101, 0.7555968), (0.004747343, 0.99997735, 0.004782968), (0.999997, 0.0000012780512, -0.0024273132), (0.9579818, -0.2868289, -0.000001247503), (0.9579644, -0.28688106, -0.0018373801), (0.9579818, -0.2868289, -0.000001247503), (0.999997, -5.31491e-7, 0.0024273093), (0.95796293, -0.28688392, 0.0021495223), (0.7556656, 0.65495354, -0.0023244251), (0.0047063828, 0.9999889, 0.00004751864), (0.004747343, 0.99997735, 0.004782968), (0.017690934, -0.0000017193314, -0.99984354), (0.0000032670796, -0.28677827, -0.957997), (0.016948195, -0.28672472, -0.9578631), (0.98864067, -0.15027913, -0.0024419092), (1, -1.2859303e-7, 4.678242e-10), (0.999997, 0, -0.00242754), (0, -1, -1.8905811e-7), (-1.6698048e-7, -1, 6.567581e-7), (-1.6005073e-7, -1, 5.4905587e-7), (-1.08553785e-7, -1, -2.0544374e-7), (0.0000012352172, -1, 0.000002299853), (4.0791164e-7, -1, 0.0000014227749), (0, -1, 3.89099e-8), (-3.20531e-7, -1, 4.3122083e-7), (-1.08553785e-7, -1, -2.0544374e-7), (0, -1, 0.0000011203834), (0, -1, 0), (0, -1, 3.89099e-8), (-3.303765e-7, -1, 0.000001530121), (-1.9188231e-8, -1, 0.0000020123664), (0, -1, 0.0000011203834), (-1.0453689e-7, -1, 0.0000015102356), (-6.620278e-7, -1, 0.000002299855), (-3.303765e-7, -1, 0.000001530121), (0, -1, -0.0000016098161), (0, -1, 7.464906e-7), (-1.0453689e-7, -1, 0.0000015102356), (0, -1, 4.9100095e-7), (0, -1, -0.000003072132), (0, -1, -0.0000016098161), (0, -1, 2.4937404e-7), (0, -1, 0.0000013135071), (0, -1, 4.9100095e-7), (1.473814e-7, -1, 8.0829227e-7), (0, -1, 0), (0, -1, 2.4937404e-7), (8.754291e-8, -1, -4.6273065e-9), (1.5456462e-7, -1, 0.0000011499233), (1.473814e-7, -1, 8.0829227e-7), (0, -1, -8.081885e-8), (8.4779934e-8, -1, -2.550192e-7), (8.754291e-8, -1, -4.6273065e-9), (-6.0132564e-8, -1, 3.6296157e-7), (0, -1, 3.4460948e-7), (0, -1, -8.081885e-8), (-1.0669879e-7, -1, 2.919827e-7), (-6.048489e-8, -1, 4.5166846e-7), (-6.0132564e-8, -1, 3.6296157e-7), (0, -1, -9.856836e-8), (-1.1131621e-7, -1, 2.8748454e-7), (-1.0669879e-7, -1, 2.919827e-7), (-0.000008805984, -1, 0.0001233103), (0, -1, -1.2984424e-7), (0, -1, -9.856836e-8), (-0.000016711041, -0.99999994, 0.000137628), (0, -1, -7.3852783e-7), (-0.000008805984, -1, 0.0001233103), (0, -1, 0.0000012104888), (0, -1, -2.8748306e-7), (-5.226828e-8, -1, 1.0767384e-7), (-5.226828e-8, -1, 1.0767384e-7), (-3.3101733e-7, -1, 0.0000034894708), (-1.6518972e-7, -1, 0.0000017230217), (-1.6518972e-7, -1, 0.0000017230217), (-9.594417e-9, -1, 0.0000012336892), (0, -1, 3.4692528e-7), (0, -1, 3.4692528e-7), (0, -1, 2.5969146e-7), (0, -1, 9.570183e-8), (-0.6848377, -0.684738, 0.24926144), (-0.63115084, -0.68473834, 0.36439264), (-0.6311496, -0.6847383, 0.36439505), (2.0395727e-7, -1, -3.475496e-7), (-8.303358e-8, -1, 0.0000029145137), (8.511627e-8, -1, 0.0000019163133), (8.511627e-8, -1, 0.0000019163133), (0, -1, -0.0000014652023), (-0.000016711041, -0.99999994, 0.000137628), (-0.6311496, -0.6847383, 0.36439505), (-0.55828625, -0.6847381, 0.4684552), (-0.5582841, -0.6847382, 0.46845746), (0, -1, 6.845314e-7), (0, -1, -5.749633e-7), (0, -1, -2.892069e-7), (9.82534e-8, -1, -3.7819407e-7), (0, -1, 0.000001020075), (0, -1, 6.845314e-7), (5.8361227e-8, -1, 3.3721832e-7), (1.0303987e-7, -1, -0.0000010260427), (9.82534e-8, -1, -3.7819407e-7), (0, -1, 8.0819454e-8), (5.6519816e-8, -1, 2.550193e-7), (5.8361227e-8, -1, 3.3721832e-7), (-0.12655395, -0.6847375, -0.7177176), (-0.24925931, -0.6847376, -0.6848388), (-0.24926226, -0.6847376, -0.6848377), (0.24926044, -0.6847376, -0.68483835), (0.12655504, -0.6847381, -0.717717), (0.12655227, -0.68473786, -0.71771765), (-0.24926226, -0.6847376, -0.6848377), (-0.36439317, -0.68473786, -0.63115114), (-0.3643959, -0.6847379, -0.6311495), (0, -1, 1.6160936e-7), (0, -1, 0), (0, -1, -1.8905811e-7), (-0.24925968, -0.6847381, 0.6848382), (-0.12655528, -0.6847382, 0.71771675), (-0.12655218, -0.68473786, 0.71771765), (4.0791164e-7, -1, 0.0000014227749), (-1.6606606e-7, -1, -0.00000133334), (1.7023356e-7, -1, -4.1186848e-8), (-3.7609443e-8, -1, 3.890691e-7), (0, -1, 0), (0, -1, 1.6160936e-7), (0.46845728, -0.6847384, 0.55828404), (0.5582829, -0.6847381, 0.46845907), (0.5582855, -0.684738, 0.46845627), (8.772889e-8, -1, 0.0000036723377), (1.0455231e-7, -1, 1.0481666e-7), (-3.3119946e-7, -1, 6.0602594e-7), (-1.0455228e-7, -1, 2.1644125e-7), (-8.772615e-8, -1, -0.0000014976849), (3.3120003e-7, -1, 4.060049e-7), (6.453933e-8, -1, 0.0000032938822), (-3.3119946e-7, -1, 6.0602594e-7), (-3.102996e-7, -1, 5.81642e-7), (1.1669551e-7, -1, 1.7750452e-8), (-3.102996e-7, -1, 5.81642e-7), (1.1670027e-7, -1, 2.1154118e-7), (1.2213043e-7, -1, 4.6432788e-7), (-4.237636e-8, -1, -0.0000028632473), (6.690282e-8, -1, 6.3300973e-7), (5.9247903e-8, -1, 5.9169354e-9), (1.1670027e-7, -1, 2.1154118e-7), (5.9250425e-8, -1, 2.1077805e-7), (-1.1973552e-15, -1, 3.180607e-7), (-5.925016e-8, -1, -4.2103085e-7), (0, -1, 3.4262132e-7), (6.4280555e-15, -1, -1.6740418e-7), (5.9250425e-8, -1, 2.1077805e-7), (0, -1, 3.178825e-7), (0, -1, -0.0000032362227), (1.2213043e-7, -1, 4.6432788e-7), (0, -1, -3.2207225e-8), (3.1029998e-7, -1, 6.26436e-7), (-1.1669564e-7, -1, -0.000001625372), (-1.1670073e-7, -1, 3.6478727e-7), (3.3120003e-7, -1, 4.060049e-7), (-6.453983e-8, -1, -0.0000028637735), (3.1029998e-7, -1, 6.26436e-7), (0, -1, -1.4052618e-8), (0, -1, -3.2207225e-8), (0, -1, -9.058299e-10), (0, -1, 1.4052616e-8), (0, -1, -9.058299e-10), (0, -1, 2.441771e-7), (0, -1, 0.000003667893), (0, -1, 2.441771e-7), (-1.2213044e-7, -1, 3.55894e-7), (4.2374477e-8, -1, 0.0000032702023), (-1.2213044e-7, -1, 3.55894e-7), (-6.6902246e-8, -1, 1.5932315e-7), (1.0455243e-7, -1, -5.916937e-9), (-6.6902246e-8, -1, 1.5932315e-7), (1.0455231e-7, -1, 1.0481666e-7), (6.690282e-8, -1, 6.3300973e-7), (-1.0455183e-7, -1, 4.996271e-7), (-1.0455228e-7, -1, 2.1644125e-7), (-0.22260958, -0.9381591, 0.26514602), (-0.69197726, -0.4289725, 0.5806463), (-0.2652373, -0.938148, 0.2225476), (-1.1670073e-7, -1, 3.6478727e-7), (-5.925016e-8, -1, -4.2103085e-7), (-5.9250556e-8, -1, 3.1788278e-7), (-1.0455231e-7, -1, 2.0587272e-7), (-8.77288e-8, -1, 0.000001521378), (3.3119932e-7, -1, 6.4750424e-7), (8.772615e-8, -1, -0.0000036545548), (1.0455228e-7, -1, 2.1192248e-7), (-3.3119983e-7, -1, 4.4710188e-7), (3.3119932e-7, -1, 6.4750424e-7), (-6.453929e-8, -1, 0.0000018735153), (3.1029947e-7, -1, 6.3424113e-7), (3.1029947e-7, -1, 6.3424113e-7), (-1.16695574e-7, -1, -9.05389e-8), (-1.16700264e-7, -1, 2.6370023e-7), (4.2376353e-8, -1, -0.000003193297), (-1.2213043e-7, -1, 4.29713e-7), (-6.6902814e-8, -1, 6.872227e-7), (-1.16700264e-7, -1, 2.6370023e-7), (-5.924795e-8, -1, -3.2394922e-7), (-5.925042e-8, -1, 2.0913487e-7), (5.9250198e-8, -1, 1.8767955e-7), (-1.1973552e-15, -1, 3.180607e-7), (0, -1, 3.4262132e-7), (-5.925042e-8, -1, 2.0913487e-7), (6.4280555e-15, -1, -1.6740418e-7), (0, -1, 3.178825e-7), (-1.2213043e-7, -1, 4.29713e-7), (0, -1, -0.0000011511028), (0, -1, -2.0325935e-7), (1.1669573e-7, -1, -0.0000015996047), (-3.1029978e-7, -1, 6.740762e-7), (1.1670073e-7, -1, 3.6971932e-7), (6.453993e-8, -1, -0.00000502054), (-3.3119983e-7, -1, 4.4710188e-7), (-3.1029978e-7, -1, 6.740762e-7), (0, -1, -2.0325935e-7), (0, -1, -1.3445653e-7), (0, -1, -8.663135e-9), (0, -1, -8.663135e-9), (0, -1, -0.0000020996838), (0, -1, 4.133845e-7), (0, -1, 4.133845e-7), (0, -1, 0.0000020039215), (1.2213044e-7, -1, 4.4450212e-7), (1.2213044e-7, -1, 4.4450212e-7), (-4.2374552e-8, -1, 0.0000029342427), (6.6902246e-8, -1, 2.1315475e-7), (6.6902246e-8, -1, 2.1315475e-7), (-1.0455245e-7, -1, -4.7594318e-7), (-1.0455231e-7, -1, 2.0587272e-7), (1.045518e-7, -1, 2.3667438e-8), (-6.6902814e-8, -1, 6.872227e-7), (1.0455228e-7, -1, 2.1192248e-7), (0.9397019, 0, 0.34199458), (1, 0, 0.000001030728), (1, 0, -0.00001540791), (-0.29259205, -0.95028204, -0.10655489), (-0.7822969, -0.42896694, -0.45166245), (-0.2997859, -0.9381726, -0.17309156), (0.36554968, -0.92122805, -0.13308734), (0.889599, -0.42896253, -0.1568589), (0.34093595, -0.9381628, -0.06010986), (0.22258092, -0.93815017, 0.2652018), (0.45167512, -0.42896053, 0.78229314), (0.17310819, -0.9381473, 0.29985535), (0.29986748, -0.93814087, 0.17312174), (0.8488427, -0.42896602, 0.30895674), (0.78229904, -0.42896676, 0.45165887), (-0.15686451, -0.42897633, 0.88959134), (0.000024931129, -0.93814176, 0.3462515), (0.000007505709, -0.42897013, 0.90331864), (0.22258092, -0.93815017, 0.2652018), (0.69197726, -0.4289725, 0.5806463), (0.58064145, -0.42895812, 0.6919902), (-0.17315315, -0.93814707, -0.29983), (-0.308944, -0.42897323, -0.84884363), (-0.11840891, -0.9381523, -0.3253454), (-0.29984516, -0.93814087, 0.17316036), (-0.848842, -0.428967, 0.30895713), (-0.32535917, -0.9381472, 0.11841235), (0.11841375, -0.9381523, -0.32534376), (0.15685663, -0.42896193, -0.8895997), (0.30894396, -0.4289732, -0.84884363), (-0.26525897, -0.9381461, -0.22252987), (-0.58064336, -0.4289685, -0.6919822), (-0.22253387, -0.9381538, -0.2652282), (-0.3409247, -0.9381634, -0.060164504), (-0.84884375, -0.42896658, -0.30895296), (-0.29259205, -0.95028204, -0.10655489), (-0.11842696, -0.9381412, 0.32537043), (-0.45165813, -0.4289673, 0.78229916), (-0.1731326, -0.93814576, 0.29984593), (0.34096128, -0.93816096, 0.059995092), (0.8488427, -0.42896602, 0.30895674), (0.32533622, -0.93814826, 0.118465886), (-0.06012605, -0.9381465, -0.3409783), (-3.0217936e-7, -0.4289541, -0.90332633), (0.000013362616, -0.9381683, -0.34617966), (-0.1731326, -0.93814576, 0.29984593), (-0.5806319, -0.42896253, 0.6919955), (-0.22260958, -0.9381591, 0.26514602), (0.22253603, -0.9381538, -0.26522657), (0.45166716, -0.42896834, -0.78229344), (0.5806433, -0.42896846, -0.6919822), (-0.2997859, -0.9381726, -0.17309156), (-0.69198745, -0.4289629, -0.58064127), (-0.26525897, -0.9381461, -0.22252987), (0.34093595, -0.9381628, -0.06010986), (0.90332085, -0.42896548, -6.4578705e-7), (0.34623715, -0.938147, 0.000011540949), (-0.094102494, -0.8404279, 0.5336907), (-0.47130653, -0.33385837, 0.8163386), (-0.27097365, -0.84042615, 0.4693157), (0.29978758, -0.9381725, -0.17308879), (0.69198745, -0.4289629, -0.58064127), (0.78229684, -0.4289669, -0.45166245), (0.000013362616, -0.9381683, -0.34617966), (0.15685663, -0.42896193, -0.8895997), (0.060086664, -0.9381532, -0.34096652), (0.118456885, -0.9381419, 0.32535797), (0.15685111, -0.4289774, 0.8895933), (0.06010966, -0.9381497, 0.3409722), (0.36554968, -0.92122805, -0.13308734), (0.78229684, -0.4289669, -0.45166245), (0.8488439, -0.42896578, -0.30895373), (0.34623715, -0.938147, 0.000011540949), (0.8895978, -0.4289644, 0.15686096), (0.34096128, -0.93816096, 0.059995092), (-0.2652373, -0.938148, 0.2225476), (-0.78229904, -0.42896673, 0.45165887), (-0.29984516, -0.93814087, 0.17316036), (-0.11840891, -0.9381523, -0.3253454), (-0.15685761, -0.42896786, -0.8895967), (-0.06012605, -0.9381465, -0.3409783), (0.2652303, -0.93814605, -0.22256413), (0.5806433, -0.42896846, -0.6919822), (0.69198745, -0.4289629, -0.58064127), (0.06010966, -0.9381497, 0.3409722), (0.000007505709, -0.42897013, 0.90331864), (0.000024931129, -0.93814176, 0.3462515), (-0.32535917, -0.9381472, 0.11841235), (-0.889597, -0.42896536, 0.1568628), (-0.34094068, -0.93816096, 0.060111076), (0.26517972, -0.9381484, 0.22261508), (0.78229904, -0.42896676, 0.45165887), (0.69197726, -0.4289725, 0.5806463), (0.17311448, -0.93814707, -0.2998524), (0.30894396, -0.4289732, -0.84884363), (0.45166716, -0.42896834, -0.78229344), (-0.34623998, -0.93814594, 0.000038787723), (-0.8895975, -0.42896596, -0.1568585), (-0.3409247, -0.9381634, -0.060164504), (-0.76604617, 0, -0.64278555), (-0.93969065, 0, -0.34202537), (-0.93970025, 0, -0.34199932), (-0.34094068, -0.93816096, 0.060111076), (-0.90332353, -0.42895988, -7.067103e-7), (-0.34623998, -0.93814594, 0.000038787723), (0.17310819, -0.9381473, 0.29985535), (0.30896837, -0.4289632, 0.8488398), (0.118456885, -0.9381419, 0.32535797), (-0.060131297, -0.9381497, 0.34096834), (-0.30895138, -0.42897046, 0.84884244), (-0.11842696, -0.9381412, 0.32537043), (0, -1, -1.6336597e-7), (-0.060131297, -0.9381497, 0.34096834), (0, -1, -0.0000059965946), (0, -1, -0.0000059965946), (-0.060131297, -0.9381497, 0.34096834), (-0.11842696, -0.9381412, 0.32537043), (0, -1, -0.0000059965946), (-0.1731326, -0.93814576, 0.29984593), (0, -1, -0.0000072037296), (0, -1, -0.0000072037296), (-0.1731326, -0.93814576, 0.29984593), (-0.22260958, -0.9381591, 0.26514602), (0, -1, -0.0000072037296), (-0.2652373, -0.938148, 0.2225476), (0, -1, 8.695762e-8), (0, -1, 8.695762e-8), (-0.2652373, -0.938148, 0.2225476), (-0.29984516, -0.93814087, 0.17316036), (0, -1, 8.695762e-8), (-0.32535917, -0.9381472, 0.11841235), (0, -1, 1.8180738e-7), (0, -1, 1.8180738e-7), (-0.32535917, -0.9381472, 0.11841235), (-0.34094068, -0.93816096, 0.060111076), (0, -1, 1.8180738e-7), (-0.34623998, -0.93814594, 0.000038787723), (0, -1, -0.000011854624), (0, -1, -0.000011854624), (-0.34623998, -0.93814594, 0.000038787723), (-0.3409247, -0.9381634, -0.060164504), (0, -1, -0.000011854624), (-0.29259205, -0.95028204, -0.10655489), (0, -1, -0.0000018740694), (0, -1, -0.0000018740694), (-0.2997859, -0.9381726, -0.17309156), (0, -1, 0.000013024868), (0, -1, 0.000013024868), (-0.2997859, -0.9381726, -0.17309156), (-0.26525897, -0.9381461, -0.22252987), (0, -1, 0.000013024868), (-0.22253387, -0.9381538, -0.2652282), (0, -1, 0.000006802829), (0, -1, 0.000006802829), (-0.22253387, -0.9381538, -0.2652282), (-0.17315315, -0.93814707, -0.29983), (0, -1, 0.000006802829), (-0.11840891, -0.9381523, -0.3253454), (0, -1, 0.000006470928), (0, -1, 0.000006470928), (-0.11840891, -0.9381523, -0.3253454), (-0.06012605, -0.9381465, -0.3409783), (0, -1, 0.000006470928), (0.000013362616, -0.9381683, -0.34617966), (0, -1, 0.000006470928), (0, -1, -1.6336597e-7), (0.06010966, -0.9381497, 0.3409722), (0.000024931129, -0.93814176, 0.3462515), (0, -1, 0.0000075325574), (0.06010966, -0.9381497, 0.3409722), (0, -1, -1.6336597e-7), (0, -1, 0.0000075325574), (0.17310819, -0.9381473, 0.29985535), (0.118456885, -0.9381419, 0.32535797), (0, -1, 0.000005666809), (0.17310819, -0.9381473, 0.29985535), (0, -1, 0.0000075325574), (0, -1, 0.000005666809), (0.26517972, -0.9381484, 0.22261508), (0.22258092, -0.93815017, 0.2652018), (0, -1, 7.772647e-8), (0.26517972, -0.9381484, 0.22261508), (0, -1, 0.000005666809), (0, -1, 7.772647e-8), (0.32533622, -0.93814826, 0.118465886), (0.29986748, -0.93814087, 0.17312174), (0, -1, -0.000015208703), (0.32533622, -0.93814826, 0.118465886), (0, -1, 7.772647e-8), (0, -1, -0.000015208703), (0.34623715, -0.938147, 0.000011540949), (0.34096128, -0.93816096, 0.059995092), (0, -1, 0.0000016544693), (0.34623715, -0.938147, 0.000011540949), (0, -1, -0.000015208703), (0, -1, 0.0000016544693), (0.36554968, -0.92122805, -0.13308734), (0.34093595, -0.9381628, -0.06010986), (0, -1, 0.0000016544693), (0.29978758, -0.9381725, -0.17308879), (0.36554968, -0.92122805, -0.13308734), (0, -1, 0.0000063881603), (0.29978758, -0.9381725, -0.17308879), (0, -1, 0.0000016544693), (0, -1, 0.0000063881603), (0.22253603, -0.9381538, -0.26522657), (0.2652303, -0.93814605, -0.22256413), (0, -1, 1.6617669e-7), (0.22253603, -0.9381538, -0.26522657), (0, -1, 0.0000063881603), (0, -1, 1.6617669e-7), (0.11841375, -0.9381523, -0.32534376), (0.17311448, -0.93814707, -0.2998524), (0, -1, 0.000006470928), (0.11841375, -0.9381523, -0.32534376), (0, -1, 1.6617669e-7), (0, -1, 0.000006470928), (0.000013362616, -0.9381683, -0.34617966), (0.060086664, -0.9381532, -0.34096652), (0, 1, 0.0000013493844), (0, 1, 0.000004771231), (0, 1, 0.000003848376), (0, 1, -0.000019930192), (0, 1, 0.0000021589112), (0, 1, -0.00000763356), (-0.50000757, 0, -0.86602104), (-0.7660349, 0, -0.64279896), (-0.76604617, 0, -0.64278555), (-0.17362367, 0, 0.9848121), (0.17362104, 0, 0.98481256), (0.17365868, 0, 0.98480594), (1, 0, -0.00001540791), (0.93969923, 0, -0.342002), (0.9396917, 0, -0.34202263), (-0.49997714, 0, 0.8660387), (-0.17365812, 0, 0.984806), (-0.17362367, 0, 0.9848121), (-0.17365949, 0, -0.98480576), (-0.4999726, 0, -0.86604124), (-0.50000757, 0, -0.86602104), (0.9396917, 0, -0.34202263), (0.7660456, 0, -0.6427863), (0.766036, 0, -0.64279765), (-0.7660562, 0, 0.6427736), (-0.50000566, 0, 0.86602217), (-0.49997714, 0, 0.8660387), (0.17362233, 0, -0.9848123), (-0.17361972, 0, -0.98481274), (-0.17365949, 0, -0.98480576), (0.766036, 0, -0.64279765), (0.50000525, 0, -0.86602235), (0.49997407, 0, -0.8660404), (-0.9396975, 0, 0.34200656), (-0.7660313, 0, 0.6428033), (-0.7660562, 0, 0.6427736), (0.17365868, 0, 0.98480594), (0.49997333, 0, 0.8660408), (0.5000099, 0, 0.86601967), (0.49997407, 0, -0.8660404), (0.17365785, 0, -0.984806), (0.17362233, 0, -0.9848123), (-1, 0, 0.00000236971), (-0.93969065, 0, 0.3420254), (-0.9396975, 0, 0.34200656), (0.5000099, 0, 0.86601967), (0.7660348, 0, 0.64279914), (0.7660552, 0, 0.64277476), (-0.93970025, 0, -0.34199932), (-1, 0, -0.000015624655), (-1, 0, 0.00000236971), (0, 1, 0.0000032383464), (0, 1, 0.0000076342585), (0, 1, 0), (0, 1, 0.0000076342585), (0, 1, -2.7827494e-7), (0, 1, 0.000010560006), (0, 1, 0.000004771231), (0, 1, 1.7994248e-7), (0, 1, 6.572059e-7), (0, 1, -0.00001534186), (0, 1, 6.124804e-7), (0, 1, -0.000019930192), (0, 1, 0.000010560006), (0, 1, 0.0000022402917), (0, 1, 2.9731436e-7), (0, 1, 6.572059e-7), (0, 1, -0.0000013408497), (0, 1, -0.0000028629368), (0, 1, 0.000020079531), (0, 1, -0.0000019092945), (0, 1, -0.00001534186), (0, 1, 2.9731436e-7), (0, 1, 0.000003981573), (0, 1, -0.000014524364), (0, 1, 0.000014971091), (0, 1, -0.0000013811882), (0, 1, 0.000020079531), (0, 1, -0.000014524364), (0, 1, -4.8238985e-7), (0, 1, -0.000020970658), (0, 1, 0), (0, 1, -0.0000011609125), (0, 1, 0.000014971091), (0, 1, -0.000020970658), (0, 1, -4.581536e-7), (0, 1, 2.9731402e-7), (0, 1, -0.000009964882), (0, 1, 0.0000032383464), (0, 1, 0), (0, 1, -0.0000028629368), (0, 1, -0.0000010794396), (0, 1, 0), (0, 1, 2.9731402e-7), (0, 1, 0.0000013493844), (0, 1, 0.000003848376), (0, 1, -0.00000763356), (0, 1, 4.4114796e-7), (0, 1, -0.000009964882), (0.09410236, -0.84042686, -0.53369224), (0, -1, 5.2254427e-7), (-0.09411031, -0.84042734, -0.5336903), (-0.094102494, -0.8404279, 0.5336907), (0, -1, 4.4425602e-7), (0.094108224, -0.84043056, 0.5336854), (0.41513538, -0.8404305, -0.34833783), (0, -1, 0.0000046111813), (0.27097166, -0.8404298, -0.46931028), (-0.50924087, -0.840428, 0.18534999), (0, -1, 0.0000021945266), (-0.41513607, -0.84042764, 0.3483438), (0.094108224, -0.84043056, 0.5336854), (0, -1, -0.0000041670983), (0.2709631, -0.8404348, 0.46930638), (0.27097166, -0.8404298, -0.46931028), (0, -1, 9.666014e-7), (0.09410236, -0.84042686, -0.53369224), (0.094108224, -0.84043056, 0.5336854), (-0.1636805, -0.33386382, 0.9283015), (-0.094102494, -0.8404279, 0.5336907), (-0.54192257, -0.8404285, 0.000001322478), (0, -1, 1.8967764e-7), (-0.50924087, -0.840428, 0.18534999), (0.2709631, -0.8404348, 0.46930638), (0, -1, -0.0000030565488), (0.41513023, -0.84042794, 0.34835008), (-0.5092374, -0.840431, -0.18534538), (0, -1, -0.0000010744383), (-0.54192257, -0.8404285, 0.000001322478), (0, -1, -0.0000030565488), (0.50925726, -0.84041834, 0.18534894), (0.41513023, -0.84042794, 0.34835008), (-0.4151365, -0.84043044, -0.34833655), (0, -1, 0.0000038404505), (-0.5092374, -0.840431, -0.18534538), (0.50925726, -0.84041834, 0.18534894), (0, -1, -0.000005192319), (0.5419215, -0.84042925, -0.0000073239207), (-0.2709653, -0.8404291, -0.46931517), (0, -1, -0.0000012669849), (-0.4151365, -0.84043044, -0.34833655), (0.5419215, -0.84042925, -0.0000073239207), (0, -1, -0.0000040952277), (0.509241, -0.8404307, -0.18533735), (-0.09411031, -0.84042734, -0.5336903), (0, -1, -0.0000021945089), (-0.2709653, -0.8404291, -0.46931517), (0.509241, -0.8404307, -0.18533735), (0, -1, 9.273328e-7), (0.41513538, -0.8404305, -0.34833783), (-0.09411031, -0.84042734, -0.5336903), (0.16367875, -0.33385605, -0.9283046), (0.09410236, -0.84042686, -0.53369224), (0.27097166, -0.8404298, -0.46931028), (0.7220908, -0.33386835, -0.6059017), (0.41513538, -0.8404305, -0.34833783), (0.2709631, -0.8404348, 0.46930638), (0.1636832, -0.33387768, 0.928296), (0.094108224, -0.84043056, 0.5336854), (0.09410236, -0.84042686, -0.53369224), (0.47130406, -0.33386487, -0.81633747), (0.27097166, -0.8404298, -0.46931028), (0.41513023, -0.84042794, 0.34835008), (0.47130683, -0.3338717, 0.81633294), (0.2709631, -0.8404348, 0.46930638), (-0.41513607, -0.84042764, 0.3483438), (0, -1, 0.000003461667), (-0.27097365, -0.84042615, 0.4693157), (-0.41513607, -0.84042764, 0.3483438), (-0.8857732, -0.33386248, 0.32240018), (-0.50924087, -0.840428, 0.18534999), (0.5419215, -0.84042925, -0.0000073239207), (0.88577336, -0.3338646, 0.3223972), (0.50925726, -0.84041834, 0.18534894), (0.50925726, -0.84041834, 0.18534894), (0.72208935, -0.33385924, 0.6059084), (0.41513023, -0.84042794, 0.34835008), (-0.50924087, -0.840428, 0.18534999), (-0.94262195, -0.33386207, -1.9969749e-8), (-0.54192257, -0.8404285, 0.000001322478), (-0.5092374, -0.840431, -0.18534538), (-0.72208786, -0.33387178, -0.60590315), (-0.4151365, -0.84043044, -0.34833655), (-0.54192257, -0.8404285, 0.000001322478), (-0.8857722, -0.33386803, -0.322397), (-0.5092374, -0.840431, -0.18534538), (-0.4151365, -0.84043044, -0.34833655), (-0.47130838, -0.3338673, -0.8163339), (-0.2709653, -0.8404291, -0.46931517), (0.509241, -0.8404307, -0.18533735), (0.9426212, -0.33386412, -0.000004735326), (0.5419215, -0.84042925, -0.0000073239207), (-0.27097365, -0.84042615, 0.4693157), (-0.7220891, -0.33385834, 0.6059091), (-0.41513607, -0.84042764, 0.3483438), (-0.2709653, -0.8404291, -0.46931517), (-0.16368575, -0.33385783, -0.9283027), (-0.09411031, -0.84042734, -0.5336903), (0.41513538, -0.8404305, -0.34833783), (0.8857732, -0.33386484, -0.32239753), (0.509241, -0.8404307, -0.18533735), (-0.14349952, -0.5631492, -0.8138003), (-0.26395184, -0.8493237, -0.45714188), (-0.41317934, -0.5631681, -0.71562874), (-0.7765179, -0.56315744, -0.2826192), (-0.52789456, -0.8493099, 0.0000063333414), (-0.82632476, -0.56319404, -9.126961e-8), (0.7765135, -0.56315637, -0.28263348), (0.40438202, -0.8493188, -0.33931217), (0.6330131, -0.5631714, -0.53116137), (-0.49605903, -0.84931505, 0.18052568), (0, -1, -0.0000538695), (-0.40439397, -0.84930766, 0.3393259), (0.14351246, -0.5631572, -0.81379247), (-0.09169462, -0.8493037, -0.5198801), (-0.14349952, -0.5631492, -0.8138003), (0.41316763, -0.5631556, -0.7156454), (0.40438202, -0.8493188, -0.33931217), (0.2639592, -0.8493092, -0.45716456), (-0.41316235, -0.5631561, 0.71564806), (-0.40439397, -0.84930766, 0.3393259), (-0.2639384, -0.84930456, 0.45718503), (0.4131671, -0.56315523, 0.7156459), (0.4043904, -0.8493037, 0.33933982), (0.63302666, -0.5631466, 0.53117144), (0.14351246, -0.5631572, -0.81379247), (0.2639592, -0.8493092, -0.45716456), (0.091695875, -0.8492962, -0.5198922), (0.63302666, -0.5631466, 0.53117144), (0.4960512, -0.8493148, 0.18054812), (0.7765099, -0.56316555, 0.28262532), (0.4131671, -0.56315523, 0.7156459), (0.09166977, -0.84931, 0.5198742), (0.26393828, -0.8493031, 0.4571879), (-0.091679275, -0.84932196, 0.51985294), (-0.41316235, -0.5631561, 0.71564806), (-0.2639384, -0.84930456, 0.45718503), (-0.4999962, 0, 0.8660276), (-0.1434913, -0.56316614, 0.81378996), (-0.17363586, 0, 0.9848099), (0.826358, -0.56314504, -0.000015750527), (0.4960512, -0.8493148, 0.18054812), (0.5278945, -0.8493099, -0.000007951537), (0.7765135, -0.56315637, -0.28263348), (0.5278945, -0.8493099, -0.000007951537), (0.49607202, -0.8493013, -0.18055442), (-0.82632476, -0.56319404, -9.126961e-8), (-0.49605903, -0.84931505, 0.18052568), (-0.7765061, -0.56316614, 0.2826343), (-0.63303745, -0.5631495, -0.5311555), (-0.26395184, -0.8493237, -0.45714188), (-0.4043943, -0.849309, -0.33932197), (-0.7765179, -0.56315744, -0.2826192), (-0.4043943, -0.849309, -0.33932197), (-0.49607095, -0.8493, -0.1805627), (1, 0, -0.0000067379196), (0.7765135, -0.56315637, -0.28263348), (0.9396898, 0, -0.34202787), (-0.5000112, 0, -0.8660189), (-0.63303745, -0.5631495, -0.5311555), (-0.7660528, 0, -0.6427777), (-0.17363586, 0, 0.9848099), (0.14350146, -0.5631457, 0.8138023), (0.17365244, 0, 0.984807), (-0.17365117, 0, -0.9848072), (-0.41317934, -0.5631681, -0.71562874), (-0.5000112, 0, -0.8660189), (0.9396898, 0, -0.34202787), (0.6330131, -0.5631714, -0.53116137), (0.76604533, 0, -0.6427865), (-0.7660437, 0, 0.6427885), (-0.41316235, -0.5631561, 0.71564806), (-0.4999962, 0, 0.8660276), (0.17364264, 0, -0.98480874), (-0.14349952, -0.5631492, -0.8138003), (-0.17365117, 0, -0.9848072), (0.6330131, -0.5631714, -0.53116137), (0.5000093, 0, -0.8660201), (0.76604533, 0, -0.6427865), (-0.9396903, 0, 0.3420265), (-0.6330123, -0.56314796, 0.531187), (-0.7660437, 0, 0.6427885), (0.17365244, 0, 0.984807), (0.4131671, -0.56315523, 0.7156459), (0.5000028, 0, 0.8660238), (0.5000093, 0, -0.8660201), (0.14351246, -0.5631572, -0.81379247), (0.17364264, 0, -0.98480874), (-1, 0, 0.0000029451303), (-0.7765061, -0.56316614, 0.2826343), (-0.9396903, 0, 0.3420265), (0.5000028, 0, 0.8660238), (0.63302666, -0.5631466, 0.53117144), (0.76604104, 0, 0.6427917), (-0.93969584, 0, -0.34201124), (-0.82632476, -0.56319404, -9.126961e-8), (-1, 0, 0.0000029451303), (0.76604104, 0, 0.6427917), (0.7765099, -0.56316555, 0.28262532), (0.9396915, 0, 0.34202307), (-0.7660528, 0, -0.6427777), (-0.7765179, -0.56315744, -0.2826192), (-0.93969584, 0, -0.34201124), (0.9396915, 0, 0.34202307), (0.826358, -0.56314504, -0.000015750527), (1, 0, -0.0000067379196), (0.7660348, 0, 0.64279914), (0.9397019, 0, 0.34199458), (0.7660552, 0, 0.64277476), (-0.27097365, -0.84042615, 0.4693157), (0, -1, -0.0000025994223), (-0.094102494, -0.8404279, 0.5336907), (0.14350146, -0.5631457, 0.8138023), (-0.091679275, -0.84932196, 0.51985294), (0.09166977, -0.84931, 0.5198742), (0.091695875, -0.8492962, -0.5198922), (0, -1, -0.0000022164188), (-0.09169462, -0.8493037, -0.5198801), (0.26393828, -0.8493031, 0.4571879), (0, -1, -0.000054819106), (0.4043904, -0.8493037, 0.33933982), (-0.52789456, -0.8493099, 0.0000063333414), (0, -1, 0.000058629947), (-0.49605903, -0.84931505, 0.18052568), (0.4043904, -0.8493037, 0.33933982), (0, -1, -0.0000042260067), (0.4960512, -0.8493148, 0.18054812), (-0.49607095, -0.8493, -0.1805627), (0, -1, 0.00004586943), (-0.52789456, -0.8493099, 0.0000063333414), (0.4960512, -0.8493148, 0.18054812), (0, -1, -0.00001754998), (0.5278945, -0.8493099, -0.000007951537), (-0.4043943, -0.849309, -0.33932197), (0, -1, -0.00004588058), (-0.49607095, -0.8493, -0.1805627), (0.5278945, -0.8493099, -0.000007951537), (0, -1, -0.000037162266), (0.49607202, -0.8493013, -0.18055442), (-0.26395184, -0.8493237, -0.45714188), (0, -1, -0.000017000219), (-0.4043943, -0.849309, -0.33932197), (0.49607202, -0.8493013, -0.18055442), (0, -1, -0.000028988223), (0.40438202, -0.8493188, -0.33931217), (-0.09169462, -0.8493037, -0.5198801), (0, -1, -0.000011733935), (-0.26395184, -0.8493237, -0.45714188), (-0.2639384, -0.84930456, 0.45718503), (0, -1, 0.000007084434), (-0.091679275, -0.84932196, 0.51985294), (0.40438202, -0.8493188, -0.33931217), (0, -1, 0.000010423767), (0.2639592, -0.8493092, -0.45716456), (-0.091679275, -0.84932196, 0.51985294), (0, -1, 0.000011260435), (0.09166977, -0.84931, 0.5198742), (-0.40439397, -0.84930766, 0.3393259), (0, -1, -0.000031129606), (-0.2639384, -0.84930456, 0.45718503), (0.2639592, -0.8493092, -0.45716456), (0, -1, 0.000025428075), (0.091695875, -0.8492962, -0.5198922), (0.09166977, -0.84931, 0.5198742), (0, -1, -0.0000012357635), (0.26393828, -0.8493031, 0.4571879), (-0.5000024, 0.000007843512, 0.8660241), (-0.17287849, -0.09951931, 0.9799025), (-0.17361186, 0.0000093606695, 0.98481417), (-0.939678, 0, -0.34206024), (-0.99503326, -0.09954253, -0.00003999917), (-1, 0, -0.000030535855), (-1, 0, -0.000030535855), (-0.93503, -0.09952608, 0.3403135), (-0.9396855, 0, 0.3420395), (0.5000014, 0, -0.8660246), (0.17279084, -0.09958595, -0.97991115), (0.17375626, 0, -0.98478866), (-0.17361186, 0.0000093606695, 0.98481417), (0.17278545, -0.09950477, 0.9799204), (0.17374396, 0, 0.98479086), (-0.9396855, 0, 0.3420395), (-0.76217353, -0.09958902, 0.63966674), (-0.7660428, 0, 0.6427895), (-0.17362402, 0, -0.984812), (-0.49761787, -0.099612266, -0.8616576), (-0.5002478, 4.2703869e-7, -0.86588234), (1, 0, -0.000030747506), (0.9350238, -0.09950182, -0.3403378), (0.9397111, -0.0000083461455, -0.34196946), (0.9396954, 0, 0.3420124), (0.99503493, -0.099526644, -0.00001308333), (1, 0, -0.000030747506), (0.76602817, -0.000010327106, -0.642807), (0.49752194, -0.09959653, -0.86171484), (0.5000014, 0, -0.8660246), (0.17375626, 0, -0.98478866), (-0.1728585, -0.09960753, -0.979897), (-0.17362402, 0, -0.984812), (0.50002396, 0, 0.86601156), (0.7622052, -0.099545926, 0.63963574), (0.76597494, 0, 0.64287037), (0.9397111, -0.0000083461455, -0.34196946), (0.7622424, -0.0995478, -0.639591), (0.76602817, -0.000010327106, -0.642807), (0.17374396, 0, 0.98479086), (0.49750954, -0.09954324, 0.86172825), (0.50002396, 0, 0.86601156), (-0.7660428, 0, 0.6427895), (-0.49756154, -0.09959221, 0.8616925), (-0.5000024, 0.000007843512, 0.8660241), (-0.5002478, 4.2703869e-7, -0.86588234), (-0.7622872, -0.09959644, -0.63953006), (-0.7658985, -0.000014768548, -0.64296156), (-0.7658985, -0.000014768548, -0.64296156), (-0.9350273, -0.099524796, -0.34032166), (-0.939678, 0, -0.34206024), (0.76597494, 0, 0.64287037), (0.9350161, -0.09951502, 0.3403551), (0.9396954, 0, 0.3420124), (-0.06261025, -0.9921407, -0.10833633), (-0.1728585, -0.09960753, -0.979897), (-0.02174028, -0.99214494, -0.12318972), (0.021766812, -0.99213624, 0.12325583), (-0.17287849, -0.09951931, 0.9799025), (-0.021768514, -0.9921387, 0.12323633), (0.062679514, -0.9921425, 0.108280174), (0.17278545, -0.09950477, 0.9799204), (0.021766812, -0.99213624, 0.12325583), (0.095904425, -0.99214417, 0.08032687), (0.49750954, -0.09954324, 0.86172825), (0.062679514, -0.9921425, 0.108280174), (0.11758943, -0.99214137, 0.04275857), (0.7622052, -0.099545926, 0.63963574), (0.095904425, -0.99214417, 0.08032687), (0.1251067, -0.9921433, -0.00021159649), (0.9350161, -0.09951502, 0.3403551), (0.11758943, -0.99214137, 0.04275857), (0.11754979, -0.9921433, -0.042823076), (0.99503493, -0.099526644, -0.00001308333), (0.1251067, -0.9921433, -0.00021159649), (0.0957894, -0.99214005, -0.08051519), (0.9350238, -0.09950182, -0.3403378), (0.11754979, -0.9921433, -0.042823076), (0.062543966, -0.99214387, -0.108345404), (0.7622424, -0.0995478, -0.639591), (0.0957894, -0.99214005, -0.08051519), (0.021744676, -0.992143, -0.1232048), (0.49752194, -0.09959653, -0.86171484), (0.062543966, -0.99214387, -0.108345404), (-0.02174028, -0.99214494, -0.12318972), (0.17279084, -0.09958595, -0.97991115), (0.021744676, -0.992143, -0.1232048), (-0.062473312, -0.992144, 0.10838501), (-0.76217353, -0.09958902, 0.63966674), (-0.09587672, -0.99214214, 0.08038393), (-0.12508303, -0.99214625, -0.00016202033), (-0.9350273, -0.099524796, -0.34032166), (-0.1175372, -0.9921464, -0.04278661), (-0.09587672, -0.99214214, 0.08038393), (-0.93503, -0.09952608, 0.3403135), (-0.117572084, -0.99214166, 0.04279685), (-0.1175372, -0.9921464, -0.04278661), (-0.7622872, -0.09959644, -0.63953006), (-0.09581633, -0.9921456, -0.08041313), (-0.09581633, -0.9921456, -0.08041313), (-0.49761787, -0.099612266, -0.8616576), (-0.06261025, -0.9921407, -0.10833633), (-0.021768514, -0.9921387, 0.12323633), (-0.49756154, -0.09959221, 0.8616925), (-0.062473312, -0.992144, 0.10838501), (-0.117572084, -0.99214166, 0.04279685), (-0.99503326, -0.09954253, -0.00003999917), (-0.12508303, -0.99214625, -0.00016202033), (-0.06261025, -0.9921407, -0.10833633), (0.0957894, -0.99214005, -0.08051519), (-0.062473312, -0.992144, 0.10838501), (0.005108878, -0.9570176, -0.28998497), (0.000032098687, -0.9142042, 0.40525386), (-0.0000049886294, -0.95702934, -0.28999108), (0.364394, -0.68473774, -0.6311508), (0.2492635, -0.68473756, -0.6848373), (0.24926044, -0.6847376, -0.68483835), (-5.4276896e-8, -1, 7.0661616e-7), (6.176104e-7, -1, -8.6244984e-7), (2.0395727e-7, -1, -3.475496e-7), (-0.6848374, -0.68473893, -0.24925956), (-0.71771646, -0.6847386, -0.12655509), (-0.7177171, -0.68473846, -0.12655175), (0.728789, -0.6847384, -8.151717e-7), (0.71771765, -0.6847383, -0.12655014), (0.71771646, -0.6847388, -0.12655346), (-0.63115066, -0.68473816, -0.36439332), (-0.6848365, -0.68473876, -0.2492627), (-0.6848374, -0.68473893, -0.24925956), (-0.3643959, -0.6847379, -0.6311495), (-0.4684548, -0.6847383, -0.5582863), (-0.46845737, -0.68473834, -0.55828404), (0.4684553, -0.68473876, -0.5582853), (0.36439782, -0.6847377, -0.6311485), (0.364394, -0.68473774, -0.6311508), (0.55828375, -0.6847384, -0.46845752), (0.46845934, -0.6847384, -0.5582824), (0.4684553, -0.68473876, -0.5582853), (0.6311495, -0.6847382, -0.36439535), (0.55828685, -0.684738, -0.46845448), (0.55828375, -0.6847384, -0.46845752), (0, -1, -2.892069e-7), (0, -1, 0.0000017248905), (0, -1, 0.0000012104888), (0.71771646, -0.6847388, -0.12655346), (0.68483853, -0.6847385, -0.24925752), (0.68483686, -0.68473893, -0.24926113), (-0.72878885, -0.68473846, 8.2505255e-7), (-0.7177173, -0.68473864, 0.12655038), (-0.7177168, -0.68473834, 0.12655373), (-0.7177171, -0.68473846, -0.12655175), (-0.72878873, -0.6847385, -0.0000024541823), (-0.72878885, -0.68473846, 8.2505255e-7), (-0.558285, -0.6847385, -0.468456), (-0.6311492, -0.6847379, -0.3643963), (-0.63115066, -0.68473816, -0.36439332), (-0.46845737, -0.68473834, -0.55828404), (-0.5582827, -0.6847386, -0.46845862), (-0.558285, -0.6847385, -0.468456), (-0.7177168, -0.68473834, 0.12655373), (-0.6848386, -0.6847381, 0.24925873), (-0.6848377, -0.684738, 0.24926144), (-0.46845603, -0.6847386, 0.558285), (-0.3643967, -0.6847384, 0.63114846), (-0.3643938, -0.6847381, 0.6311504), (-0.12655218, -0.68473786, 0.71771765), (-0.0000026270272, -0.6847382, 0.7287891), (6.9166094e-7, -0.6847379, 0.7287893), (-9.019855e-8, -1, 5.003645e-7), (0, -1, -3.4460788e-7), (0, -1, 8.0819454e-8), (-0.3643938, -0.6847381, 0.6311504), (-0.2492627, -0.68473846, 0.6848367), (-0.24925968, -0.6847381, 0.6848382), (-1.6005073e-7, -1, 5.4905587e-7), (-9.072784e-8, -1, 4.7569287e-7), (-9.019855e-8, -1, 5.003645e-7), (0.68483686, -0.68473893, -0.24926113), (0.6311515, -0.68473816, -0.36439195), (0.6311495, -0.6847382, -0.36439535), (0.6848382, -0.68473804, 0.24925977), (0.7177164, -0.6847385, 0.1265554), (0.71771693, -0.68473846, 0.1265523), (6.9166094e-7, -0.6847379, 0.7287893), (0.12655067, -0.68473804, 0.7177177), (0.12655386, -0.6847379, 0.71771735), (0.71771693, -0.68473846, 0.1265523), (0.72878915, -0.6847382, 0.0000025125607), (0.728789, -0.6847384, -8.151717e-7), (0.12655227, -0.68473786, -0.71771765), (0.0000027575197, -0.6847378, -0.7287895), (-5.5703396e-7, -0.6847374, -0.7287899), (0.24926105, -0.6847382, 0.6848375), (0.36439264, -0.68473816, 0.63115114), (0.36439514, -0.68473834, 0.63114935), (-0.5582841, -0.6847382, 0.46845746), (-0.4684588, -0.6847384, 0.55828273), (-0.46845603, -0.6847386, 0.558285), (0.63115025, -0.6847382, 0.36439392), (0.68483716, -0.684738, 0.2492628), (0.6848382, -0.68473804, 0.24925977), (0.5582855, -0.684738, 0.46845627), (0.6311485, -0.6847382, 0.36439705), (0.63115025, -0.6847382, 0.36439392), (0.36439514, -0.68473834, 0.63114935), (0.46845445, -0.6847385, 0.55828625), (0.46845728, -0.6847384, 0.55828404), (1.7023356e-7, -1, -4.1186848e-8), (0, -1, 3.1527316e-7), (-3.7609443e-8, -1, 3.890691e-7), (0.12655386, -0.6847379, 0.71771735), (0.24925826, -0.68473816, 0.68483865), (0.24926105, -0.6847382, 0.6848375), (-1.6889322e-10, 1, -1.491955e-7), (0.0048745684, 0.9999772, -0.004692018), (0.000014779624, 0.9999887, -0.0047638714), (-1.6889322e-10, 1, -1.491955e-7), (0.004747343, 0.99997735, 0.004782968), (0.0047063828, 0.9999889, 0.00004751864), (-0.004709646, 0.9999889, 0.000034689903), (0.000027159695, 0.99998844, 0.0048077106), (-1.6889322e-10, 1, -1.491955e-7), (0, -1, 9.570183e-8), (-1.6026551e-7, -1, 0.0000016530287), (-5.4276896e-8, -1, 7.0661616e-7), (0.29003912, -0.95701444, -0.0007651597), (-0.4053507, -0.9141612, 1.3543408e-7), (0.29009557, -0.95699775, -0.000009660551), (-0.0000049886294, -0.95702934, -0.28999108), (0.0073344633, -0.91419137, 0.40521652), (-0.005014509, -0.9570252, -0.2899615), (0.40508568, -0.9142788, -4.0128361e-7), (-0.28989792, -0.95705736, -0.0007419586), (-0.28986993, -0.95706606, 1.6756363e-7), (-0.07695529, -0.996044, -0.04443313), (-0.15817262, -0.97845, -0.13272873), (-0.06807076, -0.99604386, -0.057121865), (-0.17881899, -0.97845, -0.103243805), (-0.2588746, -0.9411669, -0.21722978), (-0.15817262, -0.97845, -0.13272873), (-0.29266632, -0.9411668, -0.1689716), (-0.35029674, -0.88932216, -0.293936), (-0.2588746, -0.9411669, -0.21722978), (-0.3960158, -0.8893224, -0.22864215), (-0.44436544, -0.8145598, -0.3728693), (-0.35029674, -0.88932216, -0.293936), (-0.50222063, -0.81467676, -0.2899592), (-0.4921978, -0.76627016, -0.41300303), (-0.44436544, -0.8145598, -0.3728693), (-0.21975455, -0.7662704, -0.6037695), (-0.28997752, -0.8146472, -0.5022577), (-0.32125995, -0.76627004, -0.5564372), (-0.19836973, -0.81461793, -0.54502004), (-0.22863953, -0.8893222, -0.39601752), (-0.28997752, -0.8146472, -0.5022577), (-0.15638219, -0.88934505, -0.4296627), (-0.16897054, -0.94116694, -0.29266667), (-0.22863953, -0.8893222, -0.39601752), (-0.11558218, -0.9411669, -0.31756195), (-0.10324192, -0.97845006, -0.17881984), (-0.16897054, -0.94116694, -0.29266667), (-0.070619226, -0.97845, -0.19403222), (-0.044431087, -0.996044, -0.07695622), (-0.10324192, -0.97845006, -0.17881984), (-7.715249e-7, -0.76627004, -0.64251864), (-0.1007146, -0.81461823, -0.5711862), (-0.11157323, -0.76627, -0.63275725), (0.0000010789954, -0.81458896, -0.5800386), (-0.079396926, -0.88934517, -0.45029026), (-0.1007146, -0.81461823, -0.5711862), (9.3807466e-7, -0.8893222, -0.45728117), (-0.05868285, -0.941167, -0.3328077), (-0.079396926, -0.88934517, -0.45029026), (3.2410026e-7, -0.94116706, -0.33794153), (-0.035855655, -0.9784502, -0.20334598), (-0.05868285, -0.941167, -0.3328077), (0.0000021003652, -0.97844994, -0.20648383), (-0.015430423, -0.9960441, -0.08751109), (-0.035855655, -0.9784502, -0.20334598), (0.55643743, -0.7662697, -0.32126024), (0.44427392, -0.8146472, -0.3727876), (0.49219704, -0.76627, -0.41300398), (0.5022582, -0.81464726, -0.2899768), (0.3503324, -0.8892996, -0.2939618), (0.44427392, -0.8146472, -0.3727876), (0.39601755, -0.8893224, -0.22863905), (0.25887945, -0.9411669, -0.21722414), (0.3503324, -0.8892996, -0.2939618), (0.29266718, -0.9411668, -0.16896962), (0.1581759, -0.9784498, -0.1327255), (0.25887945, -0.9411669, -0.21722414), (0.17881903, -0.97845006, -0.1032428), (0.068072684, -0.9960441, -0.057116933), (0.1581759, -0.9784498, -0.1327255), (-0.06809618, -0.99604434, 0.057083935), (-0.17882173, -0.9784502, 0.10323772), (-0.07695949, -0.9960437, 0.044434547), (-0.1581864, -0.9784504, 0.13270919), (-0.29266685, -0.9411675, 0.16896681), (-0.17882173, -0.9784502, 0.10323772), (-0.25888205, -0.9411672, 0.21722004), (-0.3960178, -0.88932216, 0.22863927), (-0.29266685, -0.9411675, 0.16896681), (-0.35030004, -0.88932174, 0.29393303), (-0.50229305, -0.8146184, 0.28999734), (-0.3960178, -0.88932216, 0.22863927), (-0.4443357, -0.8145895, 0.3728403), (-0.55643713, -0.76627004, 0.32126), (-0.50229305, -0.8146184, 0.28999734), (0.5564374, -0.76627034, 0.32125866), (0.5449801, -0.8146475, 0.19835865), (0.6037702, -0.76627, 0.21975417), (0.50229174, -0.8146184, 0.28999972), (0.4296615, -0.88934475, 0.15638714), (0.5449801, -0.8146475, 0.19835865), (0.39597735, -0.8893453, 0.22861923), (0.31755936, -0.941167, 0.115588225), (0.4296615, -0.88934475, 0.15638714), (0.29266486, -0.9411673, 0.16897161), (0.19402434, -0.97845036, 0.07063584), (0.31755936, -0.941167, 0.115588225), (0.17881905, -0.97845024, 0.10324115), (0.083484426, -0.99604434, 0.030432774), (0.19402434, -0.97845036, 0.07063584), (0.60377, -0.76627, -0.21975455), (0.5022582, -0.81464726, -0.2899768), (0.55643743, -0.7662697, -0.32126024), (0.54498136, -0.8146475, -0.19835515), (0.39601755, -0.8893224, -0.22863905), (0.5022582, -0.81464726, -0.2899768), (0.4296627, -0.88934493, -0.1563825), (0.29266718, -0.9411668, -0.16896962), (0.39601755, -0.8893224, -0.22863905), (0.3175628, -0.9411667, -0.11558119), (0.17881903, -0.97845006, -0.1032428), (0.29266718, -0.9411668, -0.16896962), (0.19403085, -0.97845, -0.070622586), (0.07695726, -0.996044, -0.044429794), (0.17881903, -0.97845006, -0.1032428), (-0.015431462, -0.99604386, 0.087512925), (-0.070609465, -0.97844964, 0.19403751), (-0.030360064, -0.9960436, 0.08352003), (-0.03585788, -0.97845006, 0.20334607), (-0.115578644, -0.9411663, 0.31756493), (-0.070609465, -0.97844964, 0.19403751), (-0.05868464, -0.94116664, 0.3328084), (-0.15641494, -0.8892992, 0.42974567), (-0.115578644, -0.9411663, 0.31756493), (-0.07940067, -0.8893448, 0.45029032), (-0.1983569, -0.8146472, 0.5449811), (-0.15641494, -0.8892992, 0.42974567), (-0.10070998, -0.8146471, 0.5711459), (-0.2197527, -0.76626986, 0.6037709), (-0.1983569, -0.8146472, 0.5449811), (0.6327585, -0.76626915, 0.11157191), (0.57999814, -0.8146179, 0.000001086278), (0.64251894, -0.7662698, -8.012949e-7), (0.57122624, -0.81458896, 0.10072494), (0.4572812, -0.88932216, 9.927943e-7), (0.57999814, -0.8146179, 0.000001086278), (0.45029017, -0.8893449, 0.07940042), (0.3379421, -0.9411669, 7.951605e-7), (0.4572812, -0.88932216, 9.927943e-7), (0.33280757, -0.9411669, 0.058684606), (0.20648378, -0.97845, 6.6183034e-8), (0.3379421, -0.9411669, 7.951605e-7), (0.20334646, -0.97845, 0.035855982), (0.08886218, -0.996044, 2.2507069e-7), (0.20648378, -0.97845, 6.6183034e-8), (0.32125884, -0.7662706, 0.5564371), (0.37278837, -0.81464666, 0.44427425), (0.41300386, -0.7662699, 0.49219728), (0.28997758, -0.814647, 0.5022582), (0.29396337, -0.88929904, 0.35033253), (0.37278837, -0.81464666, 0.44427425), (0.22861831, -0.8893442, 0.39598036), (0.21722786, -0.94116646, 0.2588777), (0.29396337, -0.88929904, 0.35033253), (0.1689705, -0.9411662, 0.29266867), (0.13273683, -0.97844964, 0.15816806), (0.21722786, -0.94116646, 0.2588777), (0.10324233, -0.97844976, 0.17882076), (0.0571542, -0.99604374, 0.068047285), (0.13273683, -0.97844964, 0.15816806), (-0.07695949, -0.9960437, 0.044434547), (-0.19402395, -0.9784504, 0.07063583), (-0.08348772, -0.9960444, 0.0304232), (-0.17882173, -0.9784502, 0.10323772), (-0.31755948, -0.9411673, 0.11558572), (-0.19402395, -0.9784504, 0.07063583), (-0.29266685, -0.9411675, 0.16896681), (-0.42966166, -0.8893451, 0.15638459), (-0.31755948, -0.9411673, 0.11558572), (-0.3960178, -0.88932216, 0.22863927), (-0.5450582, -0.8145891, 0.19838431), (-0.42966166, -0.8893451, 0.15638459), (-0.50229305, -0.8146184, 0.28999734), (-0.6037699, -0.76626986, 0.21975535), (-0.5450582, -0.8145891, 0.19838431), (0.49219668, -0.76627064, 0.4130033), (0.50229174, -0.8146184, 0.28999972), (0.5564374, -0.76627034, 0.32125866), (0.44430304, -0.814618, 0.37281665), (0.39597735, -0.8893453, 0.22861923), (0.50229174, -0.8146184, 0.28999972), (0.35029796, -0.8893223, 0.29393438), (0.29266486, -0.9411673, 0.16897161), (0.39597735, -0.8893453, 0.22861923), (0.25888062, -0.94116724, 0.21722105), (0.17881905, -0.97845024, 0.10324115), (0.29266486, -0.9411673, 0.16897161), (0.15818334, -0.9784507, 0.13271092), (0.07695742, -0.99604344, 0.044442642), (0.17881905, -0.97845024, 0.10324115), (0.49219704, -0.76627, -0.41300398), (0.3728169, -0.8146181, -0.44430268), (0.4130032, -0.76626974, -0.4921981), (0.44427392, -0.8146472, -0.3727876), (0.29393622, -0.88932234, -0.350296), (0.3728169, -0.8146181, -0.44430268), (0.3503324, -0.8892996, -0.2939618), (0.21722677, -0.94116694, -0.25887704), (0.29393622, -0.88932234, -0.350296), (0.25887945, -0.9411669, -0.21722414), (0.13272657, -0.97845, -0.1581746), (0.21722677, -0.94116694, -0.25887704), (0.1581759, -0.9784498, -0.1327255), (0.05711946, -0.9960442, -0.068068184), (0.13272657, -0.97845, -0.1581746), (-0.11157323, -0.76627, -0.63275725), (-0.19836973, -0.81461793, -0.54502004), (-0.21975455, -0.7662704, -0.6037695), (-0.1007146, -0.81461823, -0.5711862), (-0.15638219, -0.88934505, -0.4296627), (-0.19836973, -0.81461793, -0.54502004), (-0.079396926, -0.88934517, -0.45029026), (-0.11558218, -0.9411669, -0.31756195), (-0.15638219, -0.88934505, -0.4296627), (-0.05868285, -0.941167, -0.3328077), (-0.070619226, -0.97845, -0.19403222), (-0.11558218, -0.9411669, -0.31756195), (-0.035855655, -0.9784502, -0.20334598), (-0.03039293, -0.99604386, -0.08350323), (-0.070619226, -0.97845, -0.19403222), (-0.08751219, -0.99604386, -0.015431549), (-0.19403581, -0.9784501, -0.07060792), (-0.08350237, -0.99604404, -0.030393464), (-0.20334627, -0.9784501, -0.035857007), (-0.31756133, -0.9411668, -0.11558416), (-0.19403581, -0.9784501, -0.07060792), (-0.3328083, -0.9411668, -0.058682445), (-0.42970303, -0.8893223, -0.15640076), (-0.31756133, -0.9411668, -0.11558416), (-0.45028996, -0.889345, -0.07940018), (-0.5450961, -0.8145598, -0.19839956), (-0.42970303, -0.8893223, -0.15640076), (-0.5711859, -0.8146182, -0.10071725), (-0.60377127, -0.7662693, -0.21975341), (-0.5450961, -0.8145598, -0.19839956), (-0.06807076, -0.99604386, -0.057121865), (-0.13273683, -0.97845, -0.15816599), (-0.05712103, -0.996044, -0.068070404), (-0.15817262, -0.97845, -0.13272873), (-0.21722461, -0.941167, -0.25887847), (-0.13273683, -0.97845, -0.15816599), (-0.2588746, -0.9411669, -0.21722978), (-0.29390547, -0.88934517, -0.3502639), (-0.21722461, -0.941167, -0.25887847), (-0.35029674, -0.88932216, -0.293936), (-0.3727887, -0.81464726, -0.4442729), (-0.29390547, -0.88934517, -0.3502639), (-0.44436544, -0.8145598, -0.3728693), (-0.41300386, -0.76627016, -0.49219695), (-0.3727887, -0.81464726, -0.4442729), (0.3212586, -0.76626956, -0.55643857), (0.19835792, -0.8146473, -0.5449805), (0.21975374, -0.7662702, -0.6037701), (0.2900203, -0.8145887, -0.5023281), (0.15641518, -0.8892993, -0.4297455), (0.19835792, -0.8146473, -0.5449805), (0.22864154, -0.88932234, -0.39601624), (0.11558364, -0.941167, -0.31756106), (0.15641518, -0.8892993, -0.4297455), (0.16897166, -0.9411668, -0.29266602), (0.07062121, -0.9784501, -0.194031), (0.11558364, -0.941167, -0.31756106), (0.10324155, -0.97845, -0.17882036), (0.030393118, -0.9960438, -0.08350485), (0.07062121, -0.9784501, -0.194031), (0.64251894, -0.7662698, -8.012949e-7), (0.57114583, -0.8146473, -0.100708015), (0.63275677, -0.76627034, -0.111573555), (0.57999814, -0.8146179, 0.000001086278), (0.45029035, -0.889345, -0.079398334), (0.57114583, -0.8146473, -0.100708015), (0.4572812, -0.88932216, 9.927943e-7), (0.3328079, -0.9411669, -0.0586828), (0.45029035, -0.889345, -0.079398334), (0.3379421, -0.9411669, 7.951605e-7), (0.20334648, -0.97845, -0.035856973), (0.3328079, -0.9411669, -0.0586828), (0.20648378, -0.97845, 6.6183034e-8), (0.08751174, -0.996044, -0.015431096), (0.20334648, -0.97845, -0.035856973), (6.095506e-7, -0.996044, 0.088861905), (-0.03585788, -0.97845006, 0.20334607), (-0.015431462, -0.99604386, 0.087512925), (-9.4715506e-7, -0.9784501, 0.20648374), (-0.05868464, -0.94116664, 0.3328084), (-0.03585788, -0.97845006, 0.20334607), (-6.2724575e-7, -0.94116664, 0.3379428), (-0.07940067, -0.8893448, 0.45029032), (-0.05868464, -0.94116664, 0.3328084), (-0.000001626322, -0.8893221, 0.4572813), (-0.10070998, -0.8146471, 0.5711459), (-0.07940067, -0.8893448, 0.45029032), (-0.0000014188117, -0.81458855, 0.58003914), (-0.111571245, -0.7662697, 0.63275796), (-0.10070998, -0.8146471, 0.5711459), (0.044426825, -0.9960443, 0.07695471), (0.07060324, -0.97844964, 0.19403996), (0.030361032, -0.9960436, 0.08351882), (0.10324233, -0.97844976, 0.17882076), (0.11558, -0.94116646, 0.31756404), (0.07060324, -0.97844964, 0.19403996), (0.1689705, -0.9411662, 0.29266867), (0.15639517, -0.88932174, 0.42970613), (0.11558, -0.94116646, 0.31756404), (0.22861831, -0.8893442, 0.39598036), (0.1983553, -0.8146471, 0.54498196), (0.15639517, -0.88932174, 0.42970613), (0.28997758, -0.814647, 0.5022582), (0.21975347, -0.7662706, 0.6037697), (0.1983553, -0.8146471, 0.54498196), (0.6037702, -0.76627, 0.21975417), (0.57122624, -0.81458896, 0.10072494), (0.6327585, -0.76626915, 0.11157191), (0.5449801, -0.8146475, 0.19835865), (0.45029017, -0.8893449, 0.07940042), (0.57122624, -0.81458896, 0.10072494), (0.4296615, -0.88934475, 0.15638714), (0.33280757, -0.9411669, 0.058684606), (0.45029017, -0.8893449, 0.07940042), (0.31755936, -0.941167, 0.115588225), (0.20334646, -0.97845, 0.035855982), (0.33280757, -0.9411669, 0.058684606), (0.19402434, -0.97845036, 0.07063584), (0.08751249, -0.996044, 0.015429952), (0.20334646, -0.97845, 0.035855982), (-0.044429198, -0.99604434, 0.07695281), (-0.13274045, -0.9784497, 0.1581647), (-0.05714923, -0.99604374, 0.06805021), (-0.10323946, -0.97844976, 0.17882293), (-0.21723169, -0.9411664, 0.25887507), (-0.13274045, -0.9784497, 0.1581647), (-0.16897081, -0.9411661, 0.29266927), (-0.29390934, -0.8893444, 0.35026252), (-0.21723169, -0.9411664, 0.25887507), (-0.22864182, -0.8893215, 0.39601797), (-0.37279016, -0.814647, 0.44427213), (-0.29390934, -0.8893444, 0.35026252), (-0.29002032, -0.8145891, 0.5023274), (-0.41300365, -0.76626915, 0.49219868), (-0.37279016, -0.814647, 0.44427213), (-0.08751227, -0.99604386, 0.015430905), (-0.20648356, -0.97845, -0.000002155142), (-0.08886254, -0.99604386, -0.0000013939571), (-0.20334633, -0.9784501, 0.035855524), (-0.33794263, -0.94116676, -0.000003476098), (-0.20648356, -0.97845, -0.000002155142), (-0.33280802, -0.9411668, 0.058684297), (-0.4572807, -0.88932246, -0.0000012013534), (-0.33794263, -0.94116676, -0.000003476098), (-0.45033368, -0.88932246, 0.07940525), (-0.5799568, -0.8146472, -0.0000015146214), (-0.4572807, -0.88932246, -0.0000012013534), (-0.57118654, -0.81461793, 0.10071489), (-0.64251906, -0.7662697, 7.504387e-7), (-0.5799568, -0.8146472, -0.0000015146214), (0.21975374, -0.7662702, -0.6037701), (0.100716524, -0.81461823, -0.5711858), (0.1115712, -0.7662698, -0.6327578), (0.19835792, -0.8146473, -0.5449805), (0.07940737, -0.8893224, -0.45033345), (0.100716524, -0.81461823, -0.5711858), (0.15641518, -0.8892993, -0.4297455), (0.05868332, -0.9411671, -0.3328073), (0.07940737, -0.8893224, -0.45033345), (0.11558364, -0.941167, -0.31756106), (0.035855237, -0.9784501, -0.20334634), (0.05868332, -0.9411671, -0.3328073), (0.07062121, -0.9784501, -0.194031), (0.015431121, -0.996044, -0.08751197), (0.035855237, -0.9784501, -0.20334634), (0.015431077, -0.99604386, 0.08751279), (-9.4715506e-7, -0.9784501, 0.20648374), (6.095506e-7, -0.996044, 0.088861905), (0.035855353, -0.97845, 0.20334734), (-6.2724575e-7, -0.94116664, 0.3379428), (-9.4715506e-7, -0.9784501, 0.20648374), (0.05868425, -0.9411666, 0.3328087), (-0.000001626322, -0.8893221, 0.4572813), (-6.2724575e-7, -0.94116664, 0.3379428), (0.07941332, -0.8892992, 0.45037812), (-0.0000014188117, -0.81458855, 0.58003914), (-0.000001626322, -0.8893221, 0.4572813), (0.10070023, -0.81467605, 0.5711064), (9.985174e-7, -0.7662694, 0.6425194), (-0.0000014188117, -0.81458855, 0.58003914), (0.63275677, -0.76627034, -0.111573555), (0.54498136, -0.8146475, -0.19835515), (0.60377, -0.76627, -0.21975455), (0.57114583, -0.8146473, -0.100708015), (0.4296627, -0.88934493, -0.1563825), (0.54498136, -0.8146475, -0.19835515), (0.45029035, -0.889345, -0.079398334), (0.3175628, -0.9411667, -0.11558119), (0.4296627, -0.88934493, -0.1563825), (0.3328079, -0.9411669, -0.0586828), (0.19403085, -0.97845, -0.070622586), (0.3175628, -0.9411667, -0.11558119), (0.20334648, -0.97845, -0.035856973), (0.083502874, -0.996044, -0.030392606), (0.19403085, -0.97845, -0.070622586), (0.030361032, -0.9960436, 0.08351882), (0.035855353, -0.97845, 0.20334734), (0.015431077, -0.99604386, 0.08751279), (0.07060324, -0.97844964, 0.19403996), (0.05868425, -0.9411666, 0.3328087), (0.035855353, -0.97845, 0.20334734), (0.11558, -0.94116646, 0.31756404), (0.07941332, -0.8892992, 0.45037812), (0.05868425, -0.9411666, 0.3328087), (0.15639517, -0.88932174, 0.42970613), (0.10070023, -0.81467605, 0.5711064), (0.07941332, -0.8892992, 0.45037812), (0.1983553, -0.8146471, 0.54498196), (0.111572705, -0.76626986, 0.6327575), (0.10070023, -0.81467605, 0.5711064), (-0.030360064, -0.9960436, 0.08352003), (-0.10323946, -0.97844976, 0.17882293), (-0.044429198, -0.99604434, 0.07695281), (-0.070609465, -0.97844964, 0.19403751), (-0.16897081, -0.9411661, 0.29266927), (-0.10323946, -0.97844976, 0.17882293), (-0.115578644, -0.9411663, 0.31756493), (-0.22864182, -0.8893215, 0.39601797), (-0.16897081, -0.9411661, 0.29266927), (-0.15641494, -0.8892992, 0.42974567), (-0.29002032, -0.8145891, 0.5023274), (-0.22864182, -0.8893215, 0.39601797), (-0.1983569, -0.8146472, 0.5449811), (-0.3212587, -0.7662706, 0.55643713), (-0.29002032, -0.8145891, 0.5023274), (0.41300386, -0.7662699, 0.49219728), (0.44430304, -0.814618, 0.37281665), (0.49219668, -0.76627064, 0.4130033), (0.37278837, -0.81464666, 0.44427425), (0.35029796, -0.8893223, 0.29393438), (0.44430304, -0.814618, 0.37281665), (0.29396337, -0.88929904, 0.35033253), (0.25888062, -0.94116724, 0.21722105), (0.35029796, -0.8893223, 0.29393438), (0.21722786, -0.94116646, 0.2588777), (0.15818334, -0.9784507, 0.13271092), (0.25888062, -0.94116724, 0.21722105), (0.13273683, -0.97844964, 0.15816806), (0.068102166, -0.9960442, 0.057079848), (0.15818334, -0.9784507, 0.13271092), (-0.05714923, -0.99604374, 0.06805021), (-0.1581864, -0.9784504, 0.13270919), (-0.06809618, -0.99604434, 0.057083935), (-0.13274045, -0.9784497, 0.1581647), (-0.25888205, -0.9411672, 0.21722004), (-0.1581864, -0.9784504, 0.13270919), (-0.21723169, -0.9411664, 0.25887507), (-0.35030004, -0.88932174, 0.29393303), (-0.25888205, -0.9411672, 0.21722004), (-0.29390934, -0.8893444, 0.35026252), (-0.4443357, -0.8145895, 0.3728403), (-0.35030004, -0.88932174, 0.29393303), (-0.37279016, -0.814647, 0.44427213), (-0.4921967, -0.7662699, 0.4130046), (-0.4443357, -0.8145895, 0.3728403), (-0.08348772, -0.9960444, 0.0304232), (-0.20334633, -0.9784501, 0.035855524), (-0.08751227, -0.99604386, 0.015430905), (-0.19402395, -0.9784504, 0.07063583), (-0.33280802, -0.9411668, 0.058684297), (-0.20334633, -0.9784501, 0.035855524), (-0.31755948, -0.9411673, 0.11558572), (-0.45033368, -0.88932246, 0.07940525), (-0.33280802, -0.9411668, 0.058684297), (-0.42966166, -0.8893451, 0.15638459), (-0.57118654, -0.81461793, 0.10071489), (-0.45033368, -0.88932246, 0.07940525), (-0.5450582, -0.8145891, 0.19838431), (-0.6327576, -0.7662696, 0.11157359), (-0.57118654, -0.81461793, 0.10071489), (-0.08886254, -0.99604386, -0.0000013939571), (-0.20334627, -0.9784501, -0.035857007), (-0.08751219, -0.99604386, -0.015431549), (-0.20648356, -0.97845, -0.000002155142), (-0.3328083, -0.9411668, -0.058682445), (-0.20334627, -0.9784501, -0.035857007), (-0.33794263, -0.94116676, -0.000003476098), (-0.45028996, -0.889345, -0.07940018), (-0.3328083, -0.9411668, -0.058682445), (-0.4572807, -0.88932246, -0.0000012013534), (-0.5711859, -0.8146182, -0.10071725), (-0.45028996, -0.889345, -0.07940018), (-0.5799568, -0.8146472, -0.0000015146214), (-0.632758, -0.7662695, -0.111571856), (-0.5711859, -0.8146182, -0.10071725), (0.4130032, -0.76626974, -0.4921981), (0.2900203, -0.8145887, -0.5023281), (0.3212586, -0.76626956, -0.55643857), (0.3728169, -0.8146181, -0.44430268), (0.22864154, -0.88932234, -0.39601624), (0.2900203, -0.8145887, -0.5023281), (0.29393622, -0.88932234, -0.350296), (0.16897166, -0.9411668, -0.29266602), (0.22864154, -0.88932234, -0.39601624), (0.21722677, -0.94116694, -0.25887704), (0.10324155, -0.97845, -0.17882036), (0.16897166, -0.9411668, -0.29266602), (0.13272657, -0.97845, -0.1581746), (0.044429533, -0.996044, -0.076957956), (0.10324155, -0.97845, -0.17882036), (0.1115712, -0.7662698, -0.6327578), (0.0000010789954, -0.81458896, -0.5800386), (-7.715249e-7, -0.76627004, -0.64251864), (0.100716524, -0.81461823, -0.5711858), (9.3807466e-7, -0.8893222, -0.45728117), (0.0000010789954, -0.81458896, -0.5800386), (0.07940737, -0.8893224, -0.45033345), (3.2410026e-7, -0.94116706, -0.33794153), (9.3807466e-7, -0.8893222, -0.45728117), (0.05868332, -0.9411671, -0.3328073), (0.0000021003652, -0.97844994, -0.20648383), (3.2410026e-7, -0.94116706, -0.33794153), (0.035855237, -0.9784501, -0.20334634), (7.812497e-8, -0.99604386, -0.08886277), (0.0000021003652, -0.97844994, -0.20648383), (-0.05712103, -0.996044, -0.068070404), (-0.10324192, -0.97845006, -0.17881984), (-0.044431087, -0.996044, -0.07695622), (-0.13273683, -0.97845, -0.15816599), (-0.16897054, -0.94116694, -0.29266667), (-0.10324192, -0.97845006, -0.17881984), (-0.21722461, -0.941167, -0.25887847), (-0.22863953, -0.8893222, -0.39601752), (-0.16897054, -0.94116694, -0.29266667), (-0.29390547, -0.88934517, -0.3502639), (-0.28997752, -0.8146472, -0.5022577), (-0.22863953, -0.8893222, -0.39601752), (-0.3727887, -0.81464726, -0.4442729), (-0.32125995, -0.76627004, -0.5564372), (-0.28997752, -0.8146472, -0.5022577), (-0.08350237, -0.99604404, -0.030393464), (-0.17881899, -0.97845, -0.103243805), (-0.07695529, -0.996044, -0.04443313), (-0.19403581, -0.9784501, -0.07060792), (-0.29266632, -0.9411668, -0.1689716), (-0.17881899, -0.97845, -0.103243805), (-0.31756133, -0.9411668, -0.11558416), (-0.3960158, -0.8893224, -0.22864215), (-0.29266632, -0.9411668, -0.1689716), (-0.42970303, -0.8893223, -0.15640076), (-0.50222063, -0.81467676, -0.2899592), (-0.3960158, -0.8893224, -0.22864215), (-0.5450961, -0.8145598, -0.19839956), (-0.556438, -0.76626974, -0.32125905), (-0.50222063, -0.81467676, -0.2899592), (0.0012935039, -0.99997216, -0.007338772), (0.007474091, -0.99997205, -0.0000030916417), (0.0013125949, -0.9999714, 0.0074388636), (-0.0322656, -0.9993056, -0.01863037), (-0.06807076, -0.99604386, -0.057121865), (-0.028466046, -0.99930924, -0.02389148), (-0.018629162, -0.99930567, -0.03226626), (-0.03039293, -0.99604386, -0.08350323), (-0.012742778, -0.99930567, -0.035011373), (-0.0064618597, -0.99930745, -0.036643505), (7.812497e-8, -0.99604386, -0.08886277), (6.588525e-7, -0.9993075, -0.037208658), (0.028502958, -0.99930745, -0.023918899), (0.07695726, -0.996044, -0.044429794), (0.032225013, -0.99930745, -0.01860664), (-0.028601443, -0.999306, 0.02386015), (-0.07695949, -0.9960437, 0.044434547), (-0.032234047, -0.9993069, 0.018614879), (0.034965694, -0.99930596, 0.01284283), (0.07695742, -0.99604344, 0.044442642), (0.032238103, -0.99930686, 0.018614845), (0.032225013, -0.99930745, -0.01860664), (0.083502874, -0.996044, -0.030392606), (0.03496609, -0.99930745, -0.012724463), (-0.0064611463, -0.9993076, 0.03664163), (-0.030360064, -0.9960436, 0.08352003), (-0.012664163, -0.99930567, 0.03504148), (0.037256055, -0.9993058, -9.2491973e-7), (0.08751249, -0.996044, 0.015429952), (0.03664251, -0.9993076, 0.0064610466), (0.024002958, -0.99930716, 0.028442921), (0.044426825, -0.9960443, 0.07695471), (0.018595122, -0.99930793, 0.03221274), (-0.032234047, -0.9993069, 0.018614879), (-0.08348772, -0.9960444, 0.0304232), (-0.034973048, -0.9993061, 0.012816595), (0.032238103, -0.99930686, 0.018614845), (0.068102166, -0.9960442, 0.057079848), (0.028552407, -0.99930775, 0.023851018), (0.023918575, -0.9993075, -0.028504035), (0.068072684, -0.9960441, -0.057116933), (0.028502958, -0.99930745, -0.023918899), (-0.012742778, -0.99930567, -0.035011373), (-0.015430423, -0.9960441, -0.08751109), (-0.0064618597, -0.99930745, -0.036643505), (-0.03664228, -0.9993076, -0.0064595207), (-0.08350237, -0.99604404, -0.030393464), (-0.0349639, -0.9993076, -0.01272594), (-0.028466046, -0.99930924, -0.02389148), (-0.05712103, -0.996044, -0.068070404), (-0.023916358, -0.9993075, -0.028504647), (0.012725834, -0.9993076, -0.03496287), (0.044429533, -0.996044, -0.076957956), (0.018627794, -0.99930567, -0.032269064), (0.036642943, -0.9993076, -0.0064594448), (0.08886218, -0.996044, 2.2507069e-7), (0.037256055, -0.9993058, -9.2491973e-7), (-2.6682392e-7, -0.99930567, 0.03725533), (-0.015431462, -0.99604386, 0.087512925), (-0.0064611463, -0.9993076, 0.03664163), (0.018595122, -0.99930793, 0.03221274), (0.030361032, -0.9960436, 0.08351882), (0.012649318, -0.9993072, 0.034999575), (0.03664251, -0.9993076, 0.0064610466), (0.083484426, -0.99604434, 0.030432774), (0.034965694, -0.99930596, 0.01284283), (-0.018620364, -0.9993063, 0.03225097), (-0.05714923, -0.99604374, 0.06805021), (-0.02401264, -0.9993055, 0.028492266), (-0.03668973, -0.9993057, 0.0064673363), (-0.08886254, -0.99604386, -0.0000013939571), (-0.037255652, -0.9993057, -0.0000034080585), (0.006460854, -0.9993077, -0.03664111), (0.030393118, -0.9960438, -0.08350485), (0.012725834, -0.9993076, -0.03496287), (0.0064615537, -0.99930745, 0.036643326), (6.095506e-7, -0.996044, 0.088861905), (-2.6682392e-7, -0.99930567, 0.03725533), (0.03496609, -0.99930745, -0.012724463), (0.08751174, -0.996044, -0.015431096), (0.036642943, -0.9993076, -0.0064594448), (0.012649318, -0.9993072, 0.034999575), (0.015431077, -0.99604386, 0.08751279), (0.0064615537, -0.99930745, 0.036643326), (-0.012664163, -0.99930567, 0.03504148), (-0.044429198, -0.99604434, 0.07695281), (-0.018620364, -0.9993063, 0.03225097), (0.028552407, -0.99930775, 0.023851018), (0.0571542, -0.99604374, 0.068047285), (0.024002958, -0.99930716, 0.028442921), (-0.02401264, -0.9993055, 0.028492266), (-0.06809618, -0.99604434, 0.057083935), (-0.028601443, -0.999306, 0.02386015), (-0.034973048, -0.9993061, 0.012816595), (-0.08751227, -0.99604386, 0.015430905), (-0.03668973, -0.9993057, 0.0064673363), (-0.037255652, -0.9993057, -0.0000034080585), (-0.08751219, -0.99604386, -0.015431549), (-0.03664228, -0.9993076, -0.0064595207), (0.018627794, -0.99930567, -0.032269064), (0.05711946, -0.9960442, -0.068068184), (0.023918575, -0.9993075, -0.028504035), (6.588525e-7, -0.9993075, -0.037208658), (0.015431121, -0.996044, -0.08751197), (0.006460854, -0.9993077, -0.03664111), (-0.023916358, -0.9993075, -0.028504647), (-0.044431087, -0.996044, -0.07695622), (-0.018629162, -0.99930567, -0.03226626), (-0.0349639, -0.9993076, -0.01272594), (-0.07695529, -0.996044, -0.04443313), (-0.0322656, -0.9993056, -0.01863037), (-0.0064729857, -0.999972, -0.0037403142), (-0.028466046, -0.99930924, -0.02389148), (-0.005692972, -0.9999724, -0.004783913), (-0.0037188558, -0.9999724, -0.0064429515), (-0.012742778, -0.99930567, -0.035011373), (-0.0025464967, -0.9999722, -0.0070004286), (-0.0012926455, -0.9999723, -0.0073318277), (6.588525e-7, -0.9993075, -0.037208658), (-6.046903e-7, -0.9999718, -0.007503437), (0.0057302653, -0.999972, -0.004813184), (0.032225013, -0.99930745, -0.01860664), (0.00647311, -0.999972, -0.0037417342), (-0.0057347585, -0.9999723, 0.0047356198), (-0.032234047, -0.9993069, 0.018614879), (-0.0064617996, -0.99997216, 0.0037308065), (0.006983697, -0.9999722, 0.0026015441), (0.032238103, -0.99930686, 0.018614845), (0.0064426675, -0.9999723, 0.0037179852), (0.00647311, -0.999972, -0.0037417342), (0.03496609, -0.99930745, -0.012724463), (0.0069742845, -0.99997246, -0.002538526), (-0.0012939614, -0.9999723, 0.007333893), (-0.012664163, -0.99930567, 0.03504148), (-0.002492906, -0.99997216, 0.0070238486), (0.007474091, -0.99997205, -0.0000030916417), (0.03664251, -0.9993076, 0.0064610466), (0.007324323, -0.99997234, 0.0012900997), (0.00484471, -0.99997205, 0.005686646), (0.018595122, -0.99930793, 0.03221274), (0.0037185107, -0.9999724, 0.0064399447), (-0.0064617996, -0.99997216, 0.0037308065), (-0.034973048, -0.9993061, 0.012816595), (-0.00706892, -0.9999715, 0.0026344983), (0.0064426675, -0.9999723, 0.0037179852), (0.028552407, -0.99930775, 0.023851018), (0.0057721054, -0.999972, 0.00476551), (0.0047718687, -0.9999724, -0.0056887656), (0.028502958, -0.99930745, -0.023918899), (0.0057302653, -0.999972, -0.004813184), (-0.0025464967, -0.9999722, -0.0070004286), (-0.0064618597, -0.99930745, -0.036643505), (-0.0012926455, -0.9999723, -0.0073318277), (-0.0072691995, -0.9999729, -0.0012828171), (-0.0349639, -0.9993076, -0.01272594), (-0.0069795838, -0.99997246, -0.0025418904), (-0.005692972, -0.9999724, -0.004783913), (-0.023916358, -0.9993075, -0.028504647), (-0.0047848453, -0.9999723, -0.005706087), (0.002549169, -0.99997216, -0.0070083393), (0.018627794, -0.99930567, -0.032269064), (0.003740712, -0.99997205, -0.0064848275), (0.007408735, -0.99997175, -0.0013079867), (0.037256055, -0.9993058, -9.2491973e-7), (0.007474091, -0.99997205, -0.0000030916417), (2.3772009e-7, -0.9999722, 0.007449807), (-0.0064611463, -0.9993076, 0.03664163), (-0.0012939614, -0.9999723, 0.007333893), (0.0037185107, -0.9999724, 0.0064399447), (0.012649318, -0.9993072, 0.034999575), (0.0024861272, -0.99997246, 0.0069995765), (0.007324323, -0.99997234, 0.0012900997), (0.034965694, -0.99930596, 0.01284283), (0.006983697, -0.9999722, 0.0026015441), (-0.0037378096, -0.9999721, 0.0064721787), (-0.02401264, -0.9993055, 0.028492266), (-0.004823755, -0.99997234, 0.0056597413), (-0.0073144776, -0.99997234, 0.0012865837), (-0.037255652, -0.9993057, -0.0000034080585), (-0.007382065, -0.9999727, -0.0000045297493), (0.0012935039, -0.99997216, -0.007338772), (0.012725834, -0.9993076, -0.03496287), (0.002549169, -0.99997216, -0.0070083393), (0.0013125949, -0.9999714, 0.0074388636), (-2.6682392e-7, -0.99930567, 0.03725533), (2.3772009e-7, -0.9999722, 0.007449807), (0.0069742845, -0.99997246, -0.002538526), (0.036642943, -0.9993076, -0.0064594448), (0.007408735, -0.99997175, -0.0013079867), (0.0024861272, -0.99997246, 0.0069995765), (0.0064615537, -0.99930745, 0.036643326), (0.0013125949, -0.9999714, 0.0074388636), (-0.002492906, -0.99997216, 0.0070238486), (-0.018620364, -0.9993063, 0.03225097), (-0.0037378096, -0.9999721, 0.0064721787), (0.0057721054, -0.999972, 0.00476551), (0.024002958, -0.99930716, 0.028442921), (0.00484471, -0.99997205, 0.005686646), (-0.004823755, -0.99997234, 0.0056597413), (-0.028601443, -0.999306, 0.02386015), (-0.0057347585, -0.9999723, 0.0047356198), (-0.00706892, -0.9999715, 0.0026344983), (-0.03668973, -0.9993057, 0.0064673363), (-0.0073144776, -0.99997234, 0.0012865837), (-0.007382065, -0.9999727, -0.0000045297493), (-0.03664228, -0.9993076, -0.0064595207), (-0.0072691995, -0.9999729, -0.0012828171), (0.003740712, -0.99997205, -0.0064848275), (0.023918575, -0.9993075, -0.028504035), (0.0047718687, -0.9999724, -0.0056887656), (-6.046903e-7, -0.9999718, -0.007503437), (0.006460854, -0.9993077, -0.03664111), (0.0012935039, -0.99997216, -0.007338772), (-0.0047848453, -0.9999723, -0.005706087), (-0.018629162, -0.99930567, -0.03226626), (-0.0037188558, -0.9999724, -0.0064429515), (-0.0069795838, -0.99997246, -0.0025418904), (-0.0322656, -0.9993056, -0.01863037), (-0.0064729857, -0.999972, -0.0037403142), (-0.9886246, -0.15038458, 0.002441857), (-1, 1.4834353e-7, 2.3882418e-8), (-0.999997, 2.6457787e-8, 0.002428194), (-0.4053507, -0.9141612, 1.3543408e-7), (0.2900427, -0.9570134, 0.000750646), (0.29009557, -0.95699775, -0.000009660551), (0.0000010662479, -0.91421884, -0.40522075), (0.0050666183, -0.95700914, 0.2900135), (-0.000059447942, -0.9570311, 0.2899854), (-1.6900034e-7, 3.6679324e-8, 1), (0.017490188, -0.15033351, 0.9884806), (0.017691327, 5.501864e-8, 0.99984354), (-0.017691221, 1.2845682e-7, 0.99984354), (-0.0001024098, -0.15033264, 0.9886354), (-1.6900034e-7, 3.6679324e-8, 1), (1, -1.2859303e-7, 4.678242e-10), (0.9886406, -0.15027769, 0.0025594898), (0.999997, -2.5555315e-7, 0.0024275398), (-1, 1.4834353e-7, 2.3882418e-8), (-0.9886244, -0.15038398, -0.0025594276), (-0.999997, 2.4523136e-8, -0.0024281936), (-0.000008895062, -0.9999117, 0.013288999), (-5.4276896e-8, -1, 7.0661616e-7), (0.01292351, -0.99983305, 0.0129174795), (-0.012935572, -0.9998329, 0.012916079), (0, -1, 9.570183e-8), (-0.000008895062, -0.9999117, 0.013288999), (0.01292351, -0.99983305, 0.0129174795), (2.0395727e-7, -1, -3.475496e-7), (0.012919401, -0.999833, 0.0129199), (-0.01296141, -0.99983233, 0.012925552), (0, -1, 3.4692528e-7), (-0.012935572, -0.9998329, 0.012916079), (0.012919401, -0.999833, 0.0129199), (8.511627e-8, -1, 0.0000019163133), (0.012922548, -0.99983305, 0.012915269), (-0.012948867, -0.9998323, 0.012945693), (-1.6518972e-7, -1, 0.0000017230217), (-0.01296141, -0.99983233, 0.012925552), (0.012919897, -0.9998329, 0.01293148), (-6.0132564e-8, -1, 3.6296157e-7), (0.012937, -0.9998329, 0.012913366), (0.012934114, -0.9998327, 0.012935135), (-1.0669879e-7, -1, 2.919827e-7), (0.012919897, -0.9998329, 0.01293148), (0.012911284, -0.9998332, 0.012916278), (0, -1, -9.856836e-8), (0.012934114, -0.9998327, 0.012935135), (0.012918875, -0.99983305, 0.012919616), (-0.000008805984, -1, 0.0001233103), (0.012911284, -0.9998332, 0.012916278), (0.012922548, -0.99983305, 0.012915269), (-0.000016711041, -0.99999994, 0.000137628), (0.012918875, -0.99983305, 0.012919616), (-0.01293124, -0.99983275, 0.012930848), (-5.226828e-8, -1, 1.0767384e-7), (-0.012948867, -0.9998323, 0.012945693), (-0.012940437, -0.9998326, 0.012942146), (0, -1, 0.0000012104888), (-0.01293124, -0.99983275, 0.012930848), (-0.01293618, -0.99983275, 0.0129358675), (0, -1, -2.892069e-7), (-0.012940437, -0.9998326, 0.012942146), (-0.012932481, -0.99983263, 0.012943437), (0, -1, 6.845314e-7), (-0.01293618, -0.99983275, 0.0129358675), (-0.012944565, -0.9998326, 0.012930714), (9.82534e-8, -1, -3.7819407e-7), (-0.012932481, -0.99983263, 0.012943437), (0.012937, -0.9998329, 0.012913366), (0, -1, -8.081885e-8), (0.013277172, -0.9999119, 0.0000128399115), (-0.013300523, -0.99991167, -0.000024151057), (5.8361227e-8, -1, 3.3721832e-7), (-0.012944565, -0.9998326, 0.012930714), (0.013277172, -0.9999119, 0.0000128399115), (8.754291e-8, -1, -4.6273065e-9), (0.012946736, -0.99983287, -0.012901576), (-0.0129355695, -0.9998323, -0.012960913), (0, -1, 8.0819454e-8), (-0.013300523, -0.99991167, -0.000024151057), (0.012946736, -0.99983287, -0.012901576), (1.473814e-7, -1, 8.0829227e-7), (0.012950698, -0.99983287, -0.012900686), (0.012950698, -0.99983287, -0.012900686), (0, -1, 2.4937404e-7), (0.012933611, -0.99983346, -0.01287632), (0.012933611, -0.99983346, -0.01287632), (0, -1, 4.9100095e-7), (0.012965435, -0.9998325, -0.012918098), (0.012965435, -0.9998325, -0.012918098), (0, -1, -0.0000016098161), (0.012954368, -0.9998328, -0.012904845), (0.012954368, -0.9998328, -0.012904845), (-1.0453689e-7, -1, 0.0000015102356), (0.012931295, -0.99983335, -0.012886744), (0.012931295, -0.99983335, -0.012886744), (-3.303765e-7, -1, 0.000001530121), (0.012924045, -0.9998331, -0.0129108885), (0.012924045, -0.9998331, -0.0129108885), (0, -1, 0.0000011203834), (0.01294584, -0.9998327, -0.012918269), (0.01294584, -0.9998327, -0.012918269), (0, -1, 3.89099e-8), (-6.2573235e-7, -0.9999116, -0.013299126), (-6.2573235e-7, -0.9999116, -0.013299126), (-1.08553785e-7, -1, -2.0544374e-7), (-0.012915434, -0.9998324, -0.012980036), (-0.012927392, -0.9998322, -0.012975213), (-3.7609443e-8, -1, 3.890691e-7), (-0.012907497, -0.99983275, -0.012957014), (-0.012918755, -0.9998324, -0.012967956), (1.7023356e-7, -1, -4.1186848e-8), (-0.012927392, -0.9998322, -0.012975213), (-0.012915434, -0.9998324, -0.012980036), (4.0791164e-7, -1, 0.0000014227749), (-0.012918755, -0.9998324, -0.012967956), (-0.012915703, -0.9998324, -0.012976903), (-9.019855e-8, -1, 5.003645e-7), (-0.0129355695, -0.9998323, -0.012960913), (-0.012909817, -0.9998328, -0.012954446), (-1.6005073e-7, -1, 5.4905587e-7), (-0.012915703, -0.9998324, -0.012976903), (-0.012914089, -0.9998326, -0.01296575), (0, -1, -1.8905811e-7), (-0.012909817, -0.9998328, -0.012954446), (-0.012907497, -0.99983275, -0.012957014), (0, -1, 1.6160936e-7), (-0.012914089, -0.9998326, -0.01296575), (-0.28989834, -0.9570572, 0.0007572621), (0.40508568, -0.9142788, -4.0128361e-7), (-0.28986993, -0.95706606, 1.6756363e-7), (-0.0050562173, -0.95701885, 0.28998142), (0.0000010662479, -0.91421884, -0.40522075), (-0.000059447942, -0.9570311, 0.2899854), (0.98864067, -0.15027913, -0.0024419092), (0.29009557, -0.95699775, -0.000009660551), (0.9886387, -0.15031126, 0.000014675345), (-0.0001024098, -0.15033264, 0.9886354), (0.0050666183, -0.95700914, 0.2900135), (0.017490188, -0.15033351, 0.9884806), (0.29009557, -0.95699775, -0.000009660551), (0.9886406, -0.15027769, 0.0025594898), (0.9886387, -0.15031126, 0.000014675345), (0.013461963, -0.64298433, -0.7657611), (-0.0000049886294, -0.95702934, -0.28999108), (0.00013535813, -0.64297485, -0.76588726), (-0.28986993, -0.95706606, 1.6756363e-7), (-0.9886244, -0.15038398, -0.0025594276), (-0.9886273, -0.1503859, -0.000019116058), (-0.017451126, -0.15031898, 0.9884835), (-0.000059447942, -0.9570311, 0.2899854), (-0.0001024098, -0.15033264, 0.9886354), (-0.9886246, -0.15038458, 0.002441857), (-0.28986993, -0.95706606, 1.6756363e-7), (-0.9886273, -0.1503859, -0.000019116058), (0.00013535813, -0.64297485, -0.76588726), (-0.005014509, -0.9570252, -0.2899615), (-0.013266878, -0.6428642, -0.7658652), (0.000032098687, -0.9142042, 0.40525386), (0.017000098, -0.286705, 0.9578681), (0.0073344633, -0.91419137, 0.40521652), (0.9579644, -0.28688106, -0.0018373801), (0.40508568, -0.9142788, -4.0128361e-7), (0.4050922, -0.9142755, -0.00076355785), (0.007387288, -0.9142004, -0.40519497), (0.0000032670796, -0.28677827, -0.957997), (0.0000010662479, -0.91421884, -0.40522075), (0.40508568, -0.9142788, -4.0128361e-7), (0.95796293, -0.28688392, 0.0021495223), (0.40509155, -0.9142759, 0.00075861067), (-0.007416755, -0.9142187, 0.4051531), (-0.000100173056, -0.28677574, 0.9579978), (0.000032098687, -0.9142042, 0.40525386), (-0.4053507, -0.9141612, 1.3543408e-7), (-0.95799285, -0.2867838, -0.0021489896), (-0.40534434, -0.91416377, -0.00076016784), (0.0000010662479, -0.91421884, -0.40522075), (-0.017121322, -0.28681102, -0.9578341), (-0.007379204, -0.9141824, -0.40523592), (-0.95800745, -0.2867371, 0.0018365936), (-0.4053507, -0.9141612, 1.3543408e-7), (-0.4053446, -0.91416365, 0.0007660389), (-0.01362378, -0.9998144, 0.013622582), (-0.012940437, -0.9998326, 0.012942146), (-0.01293124, -0.99983275, 0.012930848), (-0.013630397, -0.9998135, -0.013682966), (-0.012907497, -0.99983275, -0.012957014), (-0.012914089, -0.9998326, -0.01296575), (0.012965435, -0.9998325, -0.012918098), (0.012954368, -0.9998328, -0.012904845), (0.013615462, -0.99981534, -0.013560383), (0.012918875, -0.99983305, 0.012919616), (0.012911284, -0.9998332, 0.012916278), (0.013619632, -0.99981457, 0.013615709), (1, 0, -5.5468826e-7), (0.9848077, 0, -0.17364804), (0.9848077, 0, -0.17364839), (0.9848077, 0, -0.17364804), (0.93969244, 0, -0.34202054), (0.9848077, 0, -0.17364839), (0.93969244, 0, -0.34202054), (0.866026, 0, -0.49999887), (0.8660246, 0, -0.5000013), (0.8660246, 0, -0.5000013), (0.7660451, 0, -0.64278686), (0.76604325, 0, -0.642789), (0.76604325, 0, -0.642789), (0.64278936, 0, -0.76604295), (0.64278716, 0, -0.7660448), (0.64278716, 0, -0.7660448), (0.50000155, 0, -0.86602455), (0.4999995, 0, -0.86602575), (0.4999995, 0, -0.86602575), (0.3420207, 0, -0.93969244), (0.3420194, 0, -0.93969285), (0.3420194, 0, -0.93969285), (0.1736477, 0, -0.98480785), (0.17364855, 0, -0.9848077), (0, 0, -1), (0.1736477, 0, -0.98480785), (0, 0, -1), (0, 0, -1), (-0.17364717, 0, -0.9848079), (-0.17364916, 0, -0.98480755), (-0.17364916, 0, -0.98480755), (-0.3420196, 0, -0.9396928), (-0.34202057, 0, -0.9396925), (-0.34202057, 0, -0.9396925), (-0.49999988, 0, -0.8660255), (-0.5000013, 0, -0.8660247), (-0.5000013, 0, -0.8660247), (-0.6427872, 0, -0.7660448), (-0.64278907, 0, -0.7660432), (-0.64278907, 0, -0.7660432), (-0.7660432, 0, -0.642789), (-0.76604503, 0, -0.6427869), (-0.76604503, 0, -0.6427869), (-0.86602485, 0, -0.5000009), (-0.86602604, 0, -0.49999893), (-0.86602604, 0, -0.49999893), (-0.9396925, 0, -0.34202045), (-0.9396927, 0, -0.34202003), (-0.9396925, 0, -0.34202045), (-0.9848077, 0, -0.17364804), (-0.9396927, 0, -0.34202003), (-0.9848077, 0, -0.17364804), (-1, 0, -5.5468826e-7), (-1, 1.6589277e-7, 5.5468826e-7), (-1, 1.6589277e-7, 5.5468826e-7), (-0.9848078, -2.8212267e-7, 0.17364782), (-0.98480767, 1.2242756e-7, 0.17364882), (-0.98480767, 1.2242756e-7, 0.17364882), (-0.93969285, -2.3866582e-7, 0.3420195), (-0.9396925, 0, 0.34202042), (-0.9396925, 0, 0.34202042), (-0.86602587, 0, 0.49999923), (-0.86602527, 0, 0.50000024), (-0.86602527, 0, 0.50000024), (-0.7660441, 0, 0.64278793), (-0.7660437, 0, 0.64278847), (-0.7660437, 0, 0.64278847), (-0.64278805, 0, 0.76604414), (-0.64278775, 0, 0.76604426), (-0.64278775, 0, 0.76604426), (-0.5000007, 0, 0.8660251), (-0.49999973, 0, 0.86602557), (-0.49999973, 0, 0.86602557), (-0.34202048, 0, 0.9396925), (-0.34201953, 0, 0.9396928), (-0.34201953, 0, 0.9396928), (-0.17364863, 0, 0.98480767), (-0.17364793, 0, 0.9848078), (-0.17364793, 0, 0.9848078), (-3.4757292e-7, 0, 1), (3.6185673e-7, 0, 1), (3.6185673e-7, 0, 1), (0.17364793, 0, 0.9848078), (0.17364861, 0, 0.98480767), (0.17364861, 0, 0.98480767), (0.3420196, 0, 0.9396928), (0.34202045, 0, 0.9396925), (0.34202045, 0, 0.9396925), (0.49999997, 0, 0.86602545), (0.5000005, 0, 0.8660251), (0.5000005, 0, 0.8660251), (0.64278793, 0, 0.7660442), (0.6427879, 0, 0.76604426), (0.6427879, 0, 0.76604426), (0.76604354, 0, 0.6427886), (0.7660441, 0, 0.64278793), (0.7660441, 0, 0.64278793), (0.8660251, 0, 0.5000005), (0.86602604, 0, 0.49999905), (0.86602604, 0, 0.49999905), (0.93969256, 0, 0.34202042), (0.9396929, -1.6589293e-7, 0.34201926), (0.9396929, -1.6589293e-7, 0.34201926), (0.98480755, 2.8212165e-7, 0.17364885), (0.9848078, -1.2242793e-7, 0.17364784), (0.9848078, -1.2242793e-7, 0.17364784), (1, 2.3866568e-7, 5.5230765e-7), (1, 0, -5.5468826e-7), (-5.5703396e-7, -0.6847374, -0.7287899), (-0.12655024, -0.68473774, -0.7177181), (-0.12655395, -0.6847375, -0.7177176), (-0.01756314, -2.878832e-7, -0.9998458), (0.0001286121, -6.6171673e-9, -1), (0.00012890022, 6.7815606e-9, -1), (-0.017563064, -5.5723426e-8, -0.9998458), (-0.017563123, -2.9219635e-7, -0.99984574), (-0.01756314, -2.878832e-7, -0.9998458), (0.017820725, 1.913607e-7, -0.9998412), (0.01782086, -4.3074985e-7, -0.99984115), (0.017821003, -3.453243e-7, -0.99984115), (0.00012890022, 6.7815606e-9, -1), (0.017820729, 1.7796985e-7, -0.99984115), (0.017820725, 1.913607e-7, -0.9998412), (0.017821724, -9.314478e-7, -0.99984115), (0.0001288761, -0.0000018757128, -1), (0.00012857783, -0.0000018695571, -1), (0.00012857783, -0.0000018695571, -1), (-0.017563693, -0.000001079001, -0.99984574), (-0.01756371, -9.791108e-7, -0.9998457), (0.017821003, -3.453243e-7, -0.99984115), (0.01782144, -0.0000011027352, -0.99984115), (0.017821724, -9.314478e-7, -0.99984115), (-0.01756371, -9.791108e-7, -0.9998457), (-0.017563038, -1.8644536e-7, -0.9998458), (-0.017563064, -5.5723426e-8, -0.9998458), (-0.22253387, -0.9381538, -0.2652282), (-0.45166716, -0.42896834, -0.78229344), (-0.17315315, -0.93814707, -0.29983), (-0.6330123, -0.56314796, 0.531187), (-0.49605903, -0.84931505, 0.18052568), (-0.40439397, -0.84930766, 0.3393259), (0.01769004, 0, -0.99984354), (0.017692823, -3.419901e-8, -0.9998434), (0.017693305, 0, -0.9998434), (-0.017691135, -5.3661196e-8, -0.99984354), (3.0243316e-7, -1.5916132e-7, -1), (-0.017690966, -5.4312245e-8, -0.99984354), (-0.0176913, 0, -0.99984354), (-3.0421188e-7, -1.0633508e-7, -1), (-0.017691135, -5.3661196e-8, -0.99984354), (0.017687192, -0.000001949133, -0.9998436), (0.017693356, -0.0000010202457, -0.9998434), (0.017693771, -5.1394085e-7, -0.9998434), (0.99999994, 0, 7.870164e-7), (1, 0, 7.870158e-7), (1, 0, 7.870157e-7), (0.017679414, 0.0000013737681, 0.9998437), (-3.7805023e-8, 1.4625866e-7, 1), (0.017691216, 0.0000015102468, 0.99984354), (0, 7.25888e-7, 1), (0, 0.0000014517674, 1), (0, 0.0000014517664, 1), (-2.2809834e-9, -1, 0), (0, -1, 0), (0, -1, 0), (0, -1, 0), (3.461717e-9, -1, 1.2720795e-8), (0, -1, 0), (0, 1, 0), (-0.0013416803, 0.9971255, 0.075755425), (0, 1, 0), (0, -1, 0), (0, -1, 0), (0, -1, 0), (0.01769095, 0, 0.99984354), (0.017705219, 0, 0.99984324), (0.017690947, 1.1346369e-7, 0.99984354), (0, 0.0000014517676, 1), (0, 7.258876e-7, 1), (0, 7.2587704e-7, 1), (0, -1, 0), (0, -1, 0), (0, -1, 0), (-1, 0, 0), (-1, 0, 0), (-1, 0, 0), (-1, -1.758806e-8, 0), (-1, -5.9259735e-9, 0), (-1, 0, 0), (1, 0, 0), (1, -2.3496758e-8, 0), (1, -8.787262e-9, 0), (1, -8.787262e-9, 0), (1, -1.1843379e-8, 0), (1, 0, 0), (0.001118232, 0.9980007, 0.06319403), (0, 1, 0), (0, 1, 0), (0, 1, 0), (0, 1, 0), (0, 1, 0), (0, -1, 0), (0, -1, 0), (2.282032e-9, -1, 6.608362e-8), (1, 0, 0), (1, 0, 0), (1, 0, 0), (0, 0, 1), (0, 7.258783e-7, 1), (0, 7.25888e-7, 1), (1, -8.787262e-9, 0), (1, 0, 0), (1, 0, 0), (0, 1, 0), (0, 1, 0), (-0.0011190458, 0.99799675, 0.06325528), (0, 7.2587704e-7, 1), (0, 0, 1), (0, 0, 0.99999994), (0, -1, 0), (-2.2809834e-9, -1, 0), (0, -1, 0), (0, 1, 0), (0, 1, 0), (0, 1, 0), (1, -1.23716e-7, 0), (1, -5.370954e-7, 0), (0.99999994, 0, 0), (0.017687336, -5.737318e-7, -0.9998436), (0.017693771, -5.1394085e-7, -0.9998434), (0.017691972, -6.6872e-8, -0.99984354), (0.017691914, -4.837167e-8, -0.9998435), (0.01769004, 0, -0.99984354), (0.017691877, 0, -0.9998434), (0, 1, 0), (0.001118232, 0.9980007, 0.06319403), (0, 1, 0), (0, -1, 0), (3.4609509e-9, -1, 8.4813436e-8), (0, -1, 0), (2.282032e-9, -1, 6.608362e-8), (6.9198682e-9, -1, 9.542147e-7), (3.461717e-9, -1, 1.2720795e-8), (-1, 0, -6.9468655e-7), (-1, -0.0000011728629, -8.9728235e-7), (-1, -0.0000026495989, -3.8035373e-7), (-0.01768848, -8.8150625e-7, -0.9998436), (-0.017689256, -5.6686514e-7, -0.9998436), (-0.017699152, -0.0000015055336, -0.99984336), (-0.017699152, -0.0000015055336, -0.99984336), (-0.01769358, -1.3213366e-9, -0.9998434), (-0.017692598, 0, -0.9998434), (-1, -7.085887e-7, -3.6651434e-7), (-1, -0.0000023160596, -5.6793573e-7), (-1, 0, 0), (-0.017687919, 0.009043574, 0.9998026), (-0.017766163, 0.0003156513, 0.99984217), (-0.01769019, 0.009002679, 0.99980295), (0.017690687, 0.009021856, 0.99980277), (0.017690346, 0.00044050207, 0.9998434), (0.017688401, 0.009025165, 0.9998028), (1, 0, 0), (1, 0, 0), (1, 3.799544e-7, 0), (0.017688401, 0.009025165, 0.9998028), (0.016918903, 0.29293433, 0.9559828), (0.017690687, 0.009021856, 0.99980277), (0.016916487, 0.29271123, 0.95605123), (0.014594581, 0.5646491, 0.82520205), (0.016918903, 0.29293433, 0.9559828), (0.01459839, 0.5648334, 0.8250758), (0.010803381, 0.79183674, 0.6106373), (0.014594581, 0.5646491, 0.82520205), (0.010804219, 0.79182196, 0.61065644), (0.0057701427, 0.9453294, 0.32606563), (0.010803381, 0.79183674, 0.6106373), (0.005769445, 0.9453481, 0.32601178), (0.00152168, 0.9963031, 0.08589347), (0.0057701427, 0.9453294, 0.32606563), (-0.01769019, 0.009002679, 0.99980295), (-0.016909512, 0.29275343, 0.9560384), (-0.017687919, 0.009043574, 0.9998026), (-0.016915059, 0.29260018, 0.95608526), (-0.014579278, 0.5647839, 0.8251101), (-0.016909512, 0.29275343, 0.9560384), (-0.014595166, 0.56507677, 0.8249092), (-0.010769258, 0.7918175, 0.6106629), (-0.014579278, 0.5647839, 0.8251101), (-0.010803074, 0.79184264, 0.61062956), (-0.00576932, 0.945328, 0.32607028), (-0.010769258, 0.7918175, 0.6106629), (-0.005769106, 0.9453322, 0.3260578), (-0.0011190458, 0.99799675, 0.06325528), (-0.00576932, 0.945328, 0.32607028), (0, -1, 0), (0, -1, 0), (0, -1, 0), (1, 0, 0), (1, 0, 0), (1, 0, 0), (-0.017691955, 0, -0.99984354), (-0.017691452, -3.9933028e-8, -0.99984354), (-0.017686006, -6.360352e-8, -0.9998436), (-0.017686006, -6.360352e-8, -0.9998436), (-0.01769182, -7.3286714e-8, -0.99984354), (-0.017697504, 0, -0.9998435), (0.017692022, -3.9690768e-8, -0.99984354), (0.017690549, -5.3637564e-8, -0.99984354), (0.017691037, -1.8684094e-7, -0.99984354), (0.017692234, 0, -0.99984354), (0.017690651, -3.068221e-8, -0.99984354), (0.017692022, -3.9690768e-8, -0.99984354), (-0.01769105, 0.00000238124, 0.9998435), (-0.017691702, 2.659451e-7, 0.99984354), (-0.017691582, 0, 0.99984354), (0.017690651, -3.068221e-8, -0.99984354), (0.017691914, -4.837167e-8, -0.9998435), (0.017690549, -5.3637564e-8, -0.99984354), (0, -1, 0), (-3.4608287e-9, -1, 2.5333833e-8), (0, -1, 0), (-0.00014785692, -0.9999644, 0.008436295), (-0.00014883383, -0.9999644, 0.008434405), (-0.00014884304, -0.9999644, 0.008434553), (-1, 9.0261744e-7, 0.000043839224), (-1, 8.0909885e-8, 0.000043838212), (-1, 0, 0.00004383811), (-0.00014884304, -0.9999644, 0.008434553), (-0.00014766182, -0.99996436, 0.008436692), (-0.00014736959, -0.9999645, 0.008437076), (0.00017586251, 0.9999646, -0.008417676), (0.0002017652, 0.9999645, -0.008426563), (0.0002017801, 0.9999645, -0.008428322), (-1, 0, 0), (-1, 0, 0), (-1, 0, 0), (3.461717e-9, -1, 1.2720795e-8), (6.921935e-9, -1, 8.4973834e-7), (3.4609509e-9, -1, 8.4813436e-8), (-1, 1.0594639e-7, -2.6906037e-7), (-1, 1.1527915e-7, -2.580976e-7), (-1, 0, -3.935082e-7), (-3.460354e-9, -1, 5.001616e-8), (-6.922731e-9, -1, 9.3679006e-7), (-2.2809834e-9, -1, 0), (-2.3248337e-9, -1, 1.172927e-7), (-6.9213826e-9, -1, 6.8014657e-7), (-3.4608287e-9, -1, 2.5333833e-8), (-0.017694743, 0, 0.9998435), (-0.01769739, 0, 0.9998434), (-0.017699521, 0, 0.9998433), (7.2414696e-9, 1, -4.3566837e-7), (9.089473e-9, 1, -4.3604695e-7), (6.955959e-9, 1, -4.3560988e-7), (1, 0, 3.932969e-7), (1, 0, 3.932967e-7), (1, 0, 3.9329663e-7), (-3.4608287e-9, -1, 2.5333833e-8), (-6.9216806e-9, -1, 9.4872905e-7), (-3.460354e-9, -1, 5.001616e-8), (-0.00017915333, 0.99996454, -0.008424889), (-0.00014992346, 0.9999646, -0.008420333), (-0.00015005923, 0.9999646, -0.008418879), (0, -1, 0), (-3.460354e-9, -1, 5.001616e-8), (0, -1, 0), (0.017690232, 0, -0.99984354), (0.017691972, -6.6872e-8, -0.99984354), (0.017690651, -3.068221e-8, -0.99984354), (-7.1008714e-9, 1, -4.1459137e-7), (-9.352766e-9, 1, -2.2897002e-8), (-6.9687025e-9, 1, -4.3758078e-7), (3.4609509e-9, -1, 8.4813436e-8), (6.9224417e-9, -1, 4.431932e-7), (2.324621e-9, -1, 0), (1, 0.00005054227, -0.000051601506), (1, 0.00005228831, -0.000036951693), (1, 0.00005245935, -0.000035516605), (-0.01769358, -1.3213366e-9, -0.9998434), (-0.017687159, 0, -0.9998436), (-0.017689353, 0, -0.9998436), (-0.017689146, 0, -0.9998436), (-0.017686006, -6.360352e-8, -0.9998436), (-0.017689256, -5.6686514e-7, -0.9998436), (0, 1, 0), (0.00152168, 0.9963031, 0.08589347), (0, 1, 0), (0, -1, 0), (2.324621e-9, -1, 0), (0, -1, 0), (-0.00073933264, 0.999992, -0.0039431434), (-0.00011044587, 0.99998665, -0.005181155), (-0.00009194939, 0.99998647, -0.0051968996), (0.00010481372, 0.9999866, -0.005179413), (0.000560267, 0.9999905, -0.004304747), (0.00070315856, 0.9999916, -0.004028612), (0.024119511, 0, 0.9997091), (0.3388993, 1.6382184e-9, 0.9408226), (0.3389068, 0, 0.94082), (-0.3494102, -2.6360267e-9, 0.9369699), (-0.02382047, 0, 0.9997162), (-0.023821123, 0, 0.9997162), (-1.6470256e-8, -1, 1.711097e-7), (-3.5810874e-9, -1, 4.7624115e-7), (6.310127e-8, -1, 3.2176828e-7), (0.017691052, 0, 0.9998435), (0.017703095, 0, 0.9998433), (0.017688904, 0, 0.9998436), (1.787176e-7, -1, 2.2408891e-7), (5.4131886e-9, -1, 4.5020664e-7), (0, -1, 0), (-1, 0, 0), (-1, 0, 0), (-1, 0, 0), (0.01767647, 0, 0.99984384), (0.017704852, 0, 0.9998432), (0.017665114, 0, 0.99984396), (-0.017694743, 0, 0.9998435), (-0.0176924, 0, 0.99984354), (-0.017692126, 0, 0.9998435), (-0.017690131, 0, 0.9998436), (-0.017691184, 0, 0.99984354), (-0.0176924, 0, 0.99984354), (-0.017695999, 0, 0.99984336), (-0.017692126, 0, 0.9998435), (-0.017699087, 0, 0.99984336), (-6.3451716e-7, 2.8720237e-7, 1), (0.017691173, 2.8710872e-7, 0.99984354), (2.9946838e-7, 1.734716e-7, 1), (-0.56100154, -0.000009888102, 0.8278147), (-0.34942093, 0, 0.9369658), (-0.3494102, -2.6360267e-9, 0.9369699), (0.00007921236, 0.9999942, -0.003400556), (0.000560267, 0.9999905, -0.004304747), (-0.00003703276, 0.99999416, -0.0034044434), (0, -1, -2.2877187e-7), (0, -1, 1.4603025e-7), (5.4131886e-9, -1, 4.5020664e-7), (0.017691577, 1.733214e-7, 0.99984354), (0.017690947, 1.1346369e-7, 0.99984354), (0.017691173, 2.8710872e-7, 0.99984354), (-0.000012397271, 0.99999446, -0.003309765), (-0.00087780255, 0.9999928, -0.0036627676), (-0.00077725376, 0.9999922, -0.003869954), (0, -1, 0), (0, -1, 0), (0, -1, 0), (-1, 0, 0), (-1, 0, 0), (-1, 0, 0), (0.017679695, 0.0000013202051, 0.99984366), (0.017691135, 2.613864e-7, 0.9998434), (0.01769068, 0, 0.9998435), (-0.017691998, 0, -0.99984354), (-0.017691135, -5.3661196e-8, -0.99984354), (-0.017691452, -3.9933028e-8, -0.99984354), (-0.017691452, -3.9933028e-8, -0.99984354), (-0.017690966, -5.4312245e-8, -0.99984354), (-0.01769182, -7.3286714e-8, -0.99984354), (0.58905315, 0, 0.8080943), (0.5611205, 2.2553346e-9, 0.8277342), (0.5611259, 0, 0.8277304), (-0.017691594, 1.1403663e-7, 0.99984354), (2.9946838e-7, 1.734716e-7, 1), (-0.017691184, 0, 0.99984354), (-1.6470256e-8, -1, 1.711097e-7), (-2.7114802e-9, -1, 3.461041e-7), (-3.5810874e-9, -1, 4.7624115e-7), (1, 0, 0), (1, 0, 0), (1, 0, 0), (-0.017691582, 0, 0.99984354), (-3.7805023e-8, 1.4625866e-7, 1), (1.529917e-7, 0, 1), (-7.442219e-7, 0, -1), (0.017692022, -3.9690768e-8, -0.99984354), (-3.0421188e-7, -1.0633508e-7, -1), (-3.0421188e-7, -1.0633508e-7, -1), (0.017691037, -1.8684094e-7, -0.99984354), (3.0243316e-7, -1.5916132e-7, -1), (0, -1, 0), (-2.3248337e-9, -1, 1.172927e-7), (0, -1, 0), (-0.5609995, -3.885366e-8, 0.8278161), (-0.58893764, -2.8190254e-8, 0.8081785), (-0.58893764, 0, 0.8081785), (0.3389068, 0, 0.94082), (0.5611188, 2.2553326e-9, 0.8277353), (0.5611266, 0, 0.8277299), (-0.0010692918, 0.9999932, -0.0035357564), (0.000024100998, 0.9999939, -0.0034887046), (-5.521324e-7, 0.9999939, -0.0034797224), (0.0008816335, 0.99999285, -0.0036756946), (0.001271826, 0.9999953, -0.0027966485), (-0.000012397271, 0.99999446, -0.003309765), (0.001271826, 0.9999953, -0.0027966485), (0.00068771275, 0.9999945, -0.0032555135), (-0.000012397271, 0.99999446, -0.003309765), (0.00068771275, 0.9999945, -0.0032555135), (-0.000001675402, 0.9999941, -0.003419826), (-0.000012397271, 0.99999446, -0.003309765), (-0.000001675402, 0.9999941, -0.003419826), (-0.00068839657, 0.9999945, -0.0032443528), (-0.000012397271, 0.99999446, -0.003309765), (-0.00068839657, 0.9999945, -0.0032443528), (-0.0012664058, 0.99999535, -0.0027793378), (-0.000012397271, 0.99999446, -0.003309765), (-0.0012664058, 0.99999535, -0.0027793378), (-0.00087780255, 0.9999928, -0.0036627676), (-0.000012397271, 0.99999446, -0.003309765), (0, -1, -2.2877187e-7), (0, -1, -5.480109e-7), (0, -1, 1.4603025e-7), (0, -1, -5.480109e-7), (0, -1, 1.1685898e-8), (0, -1, 1.4603025e-7), (0, -1, 1.1685898e-8), (0, -1, 1.418307e-8), (0, -1, 1.4603025e-7), (0, -1, 1.418307e-8), (0, -1, 0), (0, -1, 1.4603025e-7), (0, -1, 0), (0, -1, 0), (0, -1, 1.4603025e-7), (0, -1, 0), (0, -1, 0), (0, -1, 1.4603025e-7), (-7.0432664e-9, -1, 3.4956705e-7), (0, -1, 5.4801274e-7), (-1.6470256e-8, -1, 1.711097e-7), (0, -1, 5.4801274e-7), (0, -1, 1.1685907e-8), (-1.6470256e-8, -1, 1.711097e-7), (0, -1, 1.1685907e-8), (0, -1, 1.4183037e-8), (-1.6470256e-8, -1, 1.711097e-7), (0, -1, 1.4183037e-8), (0, -1, 0), (-1.6470256e-8, -1, 1.711097e-7), (0, -1, 0), (0, -1, 0), (-1.6470256e-8, -1, 1.711097e-7), (0, -1, 0), (0, -1, 0), (-1.6470256e-8, -1, 1.711097e-7), (0.0011753163, 0.99999446, -0.0031266673), (0.0012718338, 0.9999953, -0.002796254), (-0.00003703276, 0.99999416, -0.0034044434), (0.0012718338, 0.9999953, -0.002796254), (0.00068771775, 0.9999945, -0.0032556772), (-0.00003703276, 0.99999416, -0.0034044434), (0.00068771775, 0.9999945, -0.0032556772), (-0.0000016748539, 0.9999941, -0.0034199364), (-0.00003703276, 0.99999416, -0.0034044434), (-0.0000016748539, 0.9999941, -0.0034199364), (-0.0006884015, 0.9999945, -0.0032445455), (-0.00003703276, 0.99999416, -0.0034044434), (-0.0006884015, 0.9999945, -0.0032445455), (-0.0012664144, 0.99999535, -0.0027793471), (-0.00003703276, 0.99999416, -0.0034044434), (-0.0012664144, 0.99999535, -0.0027793471), (-0.0010692918, 0.9999932, -0.0035357564), (-0.00003703276, 0.99999416, -0.0034044434), (0.5611188, 2.2553326e-9, 0.8277353), (0.38792092, 1.2011456e-7, 0.9216927), (0.5611266, 0, 0.8277299), (0.38791272, 5.651135e-8, 0.9216961), (0.19185603, -4.9133325e-7, 0.981423), (0.38792092, 1.2011456e-7, 0.9216927), (0.19189578, 0, 0.9814153), (0.00007546551, 0, 1), (0.19185603, -4.9133325e-7, 0.981423), (0.000068146706, -3.0361964e-8, 1), (-0.19156118, -2.792914e-8, 0.98148066), (0.00007546551, 0, 1), (-0.19161387, -9.0090296e-8, 0.9814703), (-0.3877784, -2.825571e-8, 0.9217527), (-0.19156118, -2.792914e-8, 0.98148066), (-0.38783002, 0.00000332259, 0.921731), (-0.5609995, -3.885366e-8, 0.8278161), (-0.3877784, -2.825571e-8, 0.9217527), (0.5611205, 2.2553346e-9, 0.8277342), (0.38791826, -2.8484737e-10, 0.9216938), (0.5611259, 0, 0.8277304), (0.3879146, 0, 0.9216953), (0.19171067, 5.516785e-7, 0.9814515), (0.38791826, -2.8484737e-10, 0.9216938), (0.1917032, 0, 0.98145294), (0.000075484626, 0, 1), (0.19171067, 5.516785e-7, 0.9814515), (0.00006822298, 0, 1), (-0.19161025, 0, 0.98147106), (0.000075484626, 0, 1), (-0.19161391, 0.0000013359305, 0.98147035), (-0.38777855, 0, 0.92175263), (-0.19161025, 0, 0.98147106), (-0.3877838, -0.0000012488645, 0.9217504), (-0.56100154, -0.000009888102, 0.8278147), (-0.38777855, 0, 0.92175263), (-0.000022832264, 0.9999948, -0.0031975608), (-5.521324e-7, 0.9999939, -0.0034797224), (0.000024100998, 0.9999939, -0.0034887046), (-0.99615663, -0.087589145, 3.2309189e-9), (-0.9961567, -0.087588936, 2.2438357e-8), (-0.9961567, -0.0875889, 2.5669273e-8), (0, 1, 0), (0, 1, 0), (0, 1, 0), (0.9961567, -0.08758844, 3.2309186e-9), (0.9961568, -0.08758836, 2.2438318e-8), (0.9961567, -0.08758834, 2.566923e-8), (0, -1, 1.783326e-7), (0, -1, 2.4690348e-7), (0, -1, 4.252361e-7), (0, 0, 1), (0, 0, 1), (0, 0, 1), (0.017634384, 0.010483539, 0.99978954), (0.017690346, 0.00044050207, 0.9998434), (0.017668832, 0.01070476, 0.9997866), (-0.020311935, 0.009494376, 0.9997486), (-0.017642783, 0.0004700343, 0.99984425), (-0.017534459, 0.010868634, 0.9997872), (0.017668832, 0.01070476, 0.9997866), (0.017711453, 0.00020095753, 0.999843), (0.018820977, 0.010230473, 0.9997705), (-0.017720502, 0.0106820455, 0.9997859), (-0.018143177, 0.009610299, 0.99978924), (-0.01824765, 0.009410994, 0.9997892), (-0.01824765, 0.009410994, 0.9997892), (-0.01827331, 0.0074895057, 0.999805), (-0.017773436, 0.007418551, 0.9998145), (0.022891836, 0.0044909595, 0.9997279), (0.018902374, 0.0044883257, 0.99981123), (0.018890023, 0.004533316, 0.99981135), (0.024029117, 0.007955625, 0.9996795), (0.02299732, 0.0045544263, 0.9997251), (0.022891836, 0.0044909595, 0.9997279), (0.018175147, 0.010225076, 0.99978256), (0.017719747, 0.010718574, 0.99978554), (0.017634384, 0.010483539, 0.99978954), (0.018890023, 0.004533316, 0.99981135), (0.017667398, 0.007572752, 0.9998153), (0.018021563, 0.008050151, 0.9998052), (-0.018815992, 0.0040221545, 0.9998148), (-0.022638164, 0.0040929844, 0.99973536), (-0.02268718, 0.0041197482, 0.99973404), (-0.023387266, 0.0079427995, 0.9996949), (-0.017766163, 0.0003156513, 0.99984217), (-0.020311935, 0.009494376, 0.9997486), (-0.017534459, 0.010868634, 0.9997872), (-0.01768668, 0.010737007, 0.99978596), (-0.017720502, 0.0106820455, 0.9997859), (-0.017773436, 0.007418551, 0.9998145), (-0.018874595, 0.003968584, 0.99981403), (-0.018815992, 0.0040221545, 0.9998148), (-0.02268718, 0.0041197482, 0.99973404), (-0.023611302, 0.0075522102, 0.9996927), (-0.023387266, 0.0079427995, 0.9996949), (0.018820977, 0.010230473, 0.9997705), (0.02382222, 0.008052144, 0.99968374), (0.024029117, 0.007955625, 0.9996795), (0.018021563, 0.008050151, 0.9998052), (0.01810256, 0.010239264, 0.99978364), (0.018175147, 0.010225076, 0.99978256), (0.018812392, 0.00070768635, -0.99982274), (0.018177595, -4.962483e-9, -0.9998348), (0.018178297, 2.9324487e-11, -0.9998347), (0.018178297, 2.9324487e-11, -0.9998347), (0.01868268, 0, -0.9998255), (0.018684287, 0, -0.9998255), (0.02209608, -0.007690897, -0.9997262), (0.021439191, -0.006595005, -0.9997484), (0.021420736, -0.0065567177, -0.9997491), (0.018684287, 0, -0.9998255), (0.020875216, -0.005381094, -0.99976766), (0.020727893, -0.005123944, -0.999772), (0.019762084, 0, -0.99980474), (0.02357708, 0, -0.999722), (0.023673145, -1.0700246e-8, -0.99971974), (-0.00014878478, -0.9999644, 0.008432999), (-0.00014773298, -0.9999644, 0.008436272), (-0.00014785692, -0.9999644, 0.008436295), (-1, 0.000056571633, 0.00005212204), (-1, 0.000059990718, 0.000052121588), (-1, 0.00006033018, 0.00005212154), (0.0002017801, 0.9999645, -0.008428322), (0.00020123276, 0.9999645, -0.008426875), (0.00020123273, 0.9999644, -0.008427114), (-0.00020396187, 0.9999645, -0.0084217535), (-0.00020680038, 0.9999645, -0.008434286), (-0.00020688568, 0.9999644, -0.008432917), (-0.00020688568, 0.9999644, -0.008432917), (-0.0001798153, 0.99996454, -0.008427169), (-0.00017915333, 0.99996454, -0.008424889), (0.00014818026, -0.99996436, 0.008442386), (0.00014678013, -0.9999644, 0.008434285), (0.00014610725, -0.9999644, 0.008428296), (1, -0.0000018048573, -0.00004383907), (1, -1.622032e-7, -0.000043837266), (1, 0, -0.000043837088), (0.00014610725, -0.9999644, 0.008428296), (0.00014537812, -0.99996436, 0.008435145), (0.00014456706, -0.9999645, 0.008430766), (0.00014456706, -0.9999645, 0.008430766), (0.00014849904, -0.99996454, 0.008417083), (0.0001484997, -0.99996454, 0.008416071), (0.00014986414, 0.9999644, -0.008433257), (0.00017650603, 0.9999646, -0.008417617), (0.00017586251, 0.9999646, -0.008417676), (0.0001974868, 0.99996614, -0.008237304), (0.00017612406, 0.9999661, -0.008237072), (0.00017716974, 0.999966, -0.008238706), (-0.018642224, 0.0009891436, -0.99982566), (-0.01995651, 0.0021773519, -0.9997985), (-0.022185184, 0.0010172275, -0.99975336), (-0.00015007982, -0.999966, 0.0082412595), (-0.00014414545, -0.9999661, 0.008242274), (-0.00014468502, -0.999966, 0.008241827), (-0.00014468502, -0.999966, 0.008241827), (-0.00014389755, -0.9999661, 0.008238884), (-0.00014447971, -0.9999661, 0.008240523), (-0.00014447971, -0.9999661, 0.008240523), (-0.000047040703, -0.9999661, 0.008241063), (-0.000048698545, -0.999966, 0.0082443515), (0.023673145, -1.0700246e-8, -0.99971974), (0.022134773, 0.0008514, -0.9997546), (0.021469528, 0.0011673662, -0.99976885), (-0.022185184, 0.0010172275, -0.99975336), (-0.023910258, -5.239605e-8, -0.999714), (-0.023914337, 0, -0.99971396), (-0.023914337, 0, -0.99971396), (-0.018778512, 3.591619e-10, -0.99982363), (-0.018784033, 1.1830133e-8, -0.99982363), (-0.01782117, 0, -0.99984115), (-0.01862292, 2.9846305e-7, -0.99982655), (-0.018814392, -1.4363942e-9, -0.999823), (-0.9177245, -0.37748075, -0.1236528), (-0.99951905, 0.012413602, 0.028418196), (-0.99951905, -0.025982194, -0.016929772), (-0.018814392, -1.4363942e-9, -0.999823), (-0.017898042, -1.2981381e-10, -0.9998399), (-0.017992897, -4.578898e-8, -0.99983805), (-0.017992897, -4.578898e-8, -0.99983805), (-0.018544018, 0.0008439063, -0.99982774), (-0.018642224, 0.0009891436, -0.99982566), (0.021420736, -0.0065567177, -0.9997491), (0.019763255, 0, -0.9998047), (0.019762084, 0, -0.99980474), (-0.018784033, 1.1830133e-8, -0.99982363), (-0.01756655, 0, -0.9998457), (-0.017569283, 0, -0.9998457), (-0.018311294, 0.00776038, 0.99980223), (-0.019060751, 0.0076511037, 0.9997891), (-0.019440621, 0.0075031472, 0.99978286), (-0.019440621, 0.0075031472, 0.99978286), (-0.020742394, 0.003543718, 0.9997786), (-0.020759033, 0.003590412, 0.99977803), (0.019141912, 0.008449935, 0.9997811), (0.018127585, 0.0084249955, 0.9998002), (0.018141666, 0.008424327, 0.99979997), (0.020808112, 0.0027315011, 0.99977976), (0.020905871, 0.0037977926, 0.9997743), (0.020905064, 0.0037563425, 0.99977446), (-0.020759033, 0.003590412, 0.99977803), (-0.020648234, 0.0021066107, 0.9997846), (-0.020654954, 0.0020971312, 0.9997845), (0.020905064, 0.0037563425, 0.99977446), (0.018604396, 0.008463965, 0.99979115), (0.019141912, 0.008449935, 0.9997811), (-0.00018964942, 0.9999629, -0.0086088255), (-0.00021077352, 0.9999629, -0.008607919), (-0.00021083502, 0.999963, -0.008608206), (-0.00021083502, 0.999963, -0.008608206), (-0.00018328993, 0.999963, -0.008608769), (-0.00018312411, 0.9999629, -0.008608805), (0.000057184603, -0.9999629, 0.008612312), (0.00015021383, -0.999963, 0.008606671), (0.00014855256, -0.9999629, 0.008612028), (0.018127585, 0.0084249955, 0.9998002), (0.019876733, 0.0083848005, 0.99976724), (0.018141666, 0.008424327, 0.99979997), (0.00014855256, -0.9999629, 0.008612028), (0.00014983275, -0.9999629, 0.008606164), (0.00014816315, -0.9999629, 0.00860955), (0.00014816315, -0.9999629, 0.00860955), (0.00016121863, -0.9999629, 0.0086091), (0.00016114906, -0.9999629, 0.00861026), (0.000049627022, 0.999966, -0.008240545), (0.00017320237, 0.99996614, -0.008237889), (0.000172975, 0.9999661, -0.008238565), (0.018812392, 0.00070768635, -0.99982274), (0.021469528, 0.0011673662, -0.99976885), (0.020437364, 0.0017695054, -0.9997896), (-0.00018312411, 0.9999629, -0.008608805), (-0.000054928376, 0.9999629, -0.008611993), (-0.00005627814, 0.9999629, -0.008611186), (0.000172975, 0.9999661, -0.008238565), (0.00019746489, 0.999966, -0.008237336), (0.0001974868, 0.99996614, -0.008237304), (-0.99980533, -0.00015169672, -0.019731991), (-0.99980533, -0.00015229237, -0.019732056), (-0.9998053, -0.0001525776, -0.019732088), (-0.000047040703, -0.9999661, 0.008241063), (0.000047900307, -0.999966, 0.008244249), (-0.000048698545, -0.999966, 0.0082443515), (-0.018311294, 0.00776038, 0.99980223), (-0.01972562, 0.0076908716, 0.9997759), (-0.018841345, 0.007690585, 0.99979293), (0.000049627022, 0.999966, -0.008240545), (-0.00005005712, 0.9999661, -0.008242732), (0.000048955848, 0.999966, -0.008240395), (0.9998052, 0.0000012474774, 0.019734984), (0.9998053, 0.0000015770388, 0.019733755), (0.9998053, 0.0000017339837, 0.019733168), (-0.020648234, 0.0021066107, 0.9997846), (-0.019728208, -0.0017666442, 0.99980384), (-0.020654954, 0.0020971312, 0.9997845), (0.00017612406, 0.9999661, -0.008237072), (0.00015695461, 0.9999661, -0.008239941), (0.00017716974, 0.999966, -0.008238706), (-0.00015007982, -0.999966, 0.0082412595), (-0.00016015102, -0.9999661, 0.008240431), (-0.00015395826, -0.999966, 0.008242389), (0.99980325, -0.00016589047, -0.019833073), (0.9998033, -0.0001661688, -0.019833038), (0.9998033, -0.00016632477, -0.019833017), (-0.000054928376, 0.9999629, -0.008611993), (0.000040476752, 0.99996287, -0.008613543), (-0.00005627814, 0.9999629, -0.008611186), (-0.019818602, -0.008383595, -0.99976844), (-0.019860774, -0.008384894, -0.9997676), (-0.019814955, -0.008383483, -0.99976844), (0.000057184603, -0.9999629, 0.008612312), (-0.000042118736, -0.99996287, 0.008613472), (0.000053879754, -0.9999629, 0.008609456), (-0.9998033, 0.0000031059913, 0.019834379), (-0.9998033, 0.0000023284754, 0.019834463), (-0.9998033, 0.000001890258, 0.019834507), (0.00016121863, -0.9999629, 0.0086091), (0.00017063324, -0.999963, 0.008609735), (0.00016114906, -0.9999629, 0.00861026), (-0.00018964942, 0.9999629, -0.0086088255), (-0.0001708451, 0.999963, -0.008607527), (-0.0001895135, 0.9999629, -0.008607309), (0.020808112, 0.0027315011, 0.99977976), (0.019822044, -0.0021754429, 0.99980116), (0.020817988, 0.0027629712, 0.9997794), (0, 0, -1), (0, 0, -1), (0, 0, -1), (0, 0, -1), (0, 0, -1), (0, 0, -1), (0, 0, -1), (0, 0, -1), (0, 0, -1), (0, 0, -1), (0, 0, -1), (0, 0, -1), (1, 0, 0), (1, 0, 0), (1, -8.787262e-9, 0), (1, 0, 0), (1, 0, 0), (1, 0, 0), (0, 1, 0), (0, 1, 0), (0, 1, 0), (-1, 0, 0), (-1, 0, 0), (-1, -1.758806e-8, 0), (0, -1, 0), (0, -1, 0), (0, -1, 0), (-1, 0, 0), (-1, 0, 0), (-1, 0, 0), (-1, 0, 0), (-1, 0, 0), (-1, 2.859447e-7, 0), (-1, 2.859447e-7, 0), (-1, 6.498031e-7, 0), (-1, 0.0000012216755, 0), (0, 1, 0), (0, 1, 0), (0, 1, 0), (0, 1, 0), (0, 1, 0), (0, 1, 0), (0, 1, 0), (0, 1, 0), (0, 1, 0), (0, 1, 0), (0, 1, 0), (0, 1, 0), (0, 1, 0), (0, 1, 0), (0, 1, 0), (0, 1, 0), (0, 1, 0), (0, 1, 0), (0, -1, -4.8670074e-8), (0, -1, -3.751664e-7), (0, -1, -3.7596377e-7), (-1, 0, -0.00011836702), (-1, 0, -0.00011836705), (-1, 0, -0.00011836692), (0, 1, -4.2337845e-8), (0, 1, -3.3499649e-7), (0, 1, -3.5626675e-7), (1, -3.1715935e-8, 0.000117634714), (1, -3.7992947e-9, 0.00011763467), (1, 0, 0.00011763467), (-7.678116e-9, 2.0912425e-7, 1), (-0.037566677, 0.0000011020826, 0.99929416), (1.2742971e-7, 9.441587e-7, 1), (0, 6.0950424e-7, 1), (-0.10904269, 2.5687393e-7, 0.99403703), (-1.5963329e-7, 3.868803e-7, 1), (1.4788482e-7, 9.497536e-8, 1), (0.14165586, 2.748217e-7, 0.98991597), (1.9223143e-7, 3.6850895e-7, 1), (0, 0.0000015950491, 1), (0.051387355, -0.000065937194, 0.9986788), (4.6120303e-9, 0.000001064379, 1), (0, 1, -3.6529695e-9), (0, 1, -2.7709808e-8), (0, 1, -4.2337845e-8), (-1, 3.415228e-8, -0.000118367076), (-1, 1.0229079e-9, -0.00011836708), (-1, 0, -0.00011836702), (1, 0, 0.00011763467), (1, -3.36153e-8, 0.00011763466), (1, -3.1715935e-8, 0.000117634714), (0, -1, -3.7596377e-7), (0, -1, 7.342744e-7), (0, -1, 7.816587e-7), (0, 1, 0), (0, 1, 0), (0, 1, 0), (0.051387355, -0.000065937194, 0.9986788), (0.43851295, 5.819506e-7, 0.89872485), (0.20178631, -0.0000029064754, 0.97942954), (0, -1, 8.887819e-7), (1.0417115e-7, -1, 5.9642616e-7), (1.5277391e-7, -1, 0), (1.0417115e-7, -1, 5.9642616e-7), (2.0601202e-7, -1, 0.0000010886253), (1.5277391e-7, -1, 0), (1.2742971e-7, 9.441587e-7, 1), (0, 0.0000015950492, 1), (0, 0.0000015950491, 1), (1.9223143e-7, 3.6850895e-7, 1), (0, 6.095042e-7, 1), (0, 6.0950424e-7, 1), (-1.5963329e-7, 3.868803e-7, 1), (-0.16143802, 6.100163e-7, 0.9868828), (-7.678116e-9, 2.0912425e-7, 1), (4.6120303e-9, 0.000001064379, 1), (0.20178631, -0.0000029064754, 0.97942954), (1.4788482e-7, 9.497536e-8, 1), (0, -1.6266192e-7, -1), (0, -5.6569326e-7, -1), (0, -1.6266198e-7, -1), (0, -5.657025e-7, -1), (0, -1.6266192e-7, -1), (0, -1.626619e-7, -1), (0, -5.657025e-7, -1), (0, -9.687353e-7, -1), (0, -5.657002e-7, -1), (0, -5.657002e-7, -1), (0, -9.687359e-7, -1), (0, -5.6569326e-7, -1), (-0.16143802, 6.100163e-7, 0.9868828), (-0.41339138, 0.000001113477, 0.91055346), (-0.037566677, 0.0000011020826, 0.99929416), (-1.0472638e-7, -1, 0.0000012113404), (0, -1, 0.0000010068653), (0, -1, 8.887819e-7), (0, 1, 0), (0, 1, 0), (0, 1, 0), (0, -5.6569326e-7, -1), (0, -1.62662e-7, -1), (0, -1.6266198e-7, -1), (1, 1.1456238e-9, 0), (1, 7.340086e-11, 0), (1, 0, 0), (1, -4.951244e-7, 0), (1, -2.070982e-7, 0), (1, 1.1456238e-9, 0), (0.20178631, -0.0000029064754, 0.97942954), (0.43851286, 1.6173784e-7, 0.89872485), (0.14165586, 2.748217e-7, 0.98991597), (0, -5.657025e-7, -1), (0, -9.687368e-7, -1), (0, -9.687373e-7, -1), (0, -1.626619e-7, -1), (0, -5.6569564e-7, -1), (0, -5.657025e-7, -1), (0, 1, 0), (0, 1, 0), (0, 1, 0), (-1, -2.3679225e-7, 0), (-1, -6.160828e-7, 0), (-1, 0, 0), (-1, -6.405768e-8, 0), (-1, -5.4842485e-7, 0), (-1, -2.3679225e-7, 0), (-1.0472638e-7, -1, 0.0000012113404), (-1.6118294e-7, -1, 6.5362343e-7), (0, -1, 0.000001431987), (0, 1, 0), (0, 1, 0), (0, 1, 0), (-0.10904269, 2.5687393e-7, 0.99403703), (-0.41339132, 5.7557133e-7, 0.9105535), (-0.16143802, 6.100163e-7, 0.9868828), (0, -9.687359e-7, -1), (0, -5.657087e-7, -1), (0, -5.6569326e-7, -1), (5.4131886e-9, -1, 4.5020664e-7), (1.2974154e-8, -1, 0.0000011907854), (1.29745095e-8, -1, 3.7267608e-7), (-0.01769358, -1.3213366e-9, -0.9998434), (-0.017686006, -6.360352e-8, -0.9998436), (-0.017697504, 0, -0.9998435), (-0.01769358, -1.3213366e-9, -0.9998434), (-0.017689353, 0, -0.9998436), (-0.017692598, 0, -0.9998434), (0.017691914, -4.837167e-8, -0.9998435), (0.017693771, -5.1394085e-7, -0.9998434), (0.017692823, -3.419901e-8, -0.9998434), (0.017692823, -3.419901e-8, -0.9998434), (0.017693356, -0.0000010202457, -0.9998434), (0.017693305, 0, -0.9998434), (1, -1.7550649e-7, 7.670663e-7), (1, -0.0000010262455, 0.0000011710819), (1, 0.000001275141, 0.0000012858488), (-0.017689036, 0, 0.99984354), (-0.017694743, 0, 0.9998435), (-0.017692126, 0, 0.9998435), (0.017705219, 0, 0.99984324), (0.017688904, 0, 0.9998436), (0.017704852, 0, 0.9998432), (-1, 0, -4.7010994e-7), (-1, -4.543782e-7, -5.6091795e-7), (-1, -7.085887e-7, -3.6651434e-7), (1, -0.0000016993362, 9.327154e-7), (1, -5.713418e-7, 8.132451e-7), (1, -1.7550649e-7, 7.670663e-7), (-1, 0, -3.935081e-7), (-1, 0, -3.935081e-7), (-0.99999994, 0, -3.935082e-7), (-1, 1.4834353e-7, 2.3882418e-8), (-1, 1.7956268e-8, -4.7431087e-8), (-0.999997, 2.2367653e-8, 0.002428194), (-0.017691338, 1.1022464e-7, 0.99984354), (-0.017691221, 1.2845682e-7, 0.99984354), (-1.6900034e-7, 3.6679324e-8, 1), (-0.004709646, 0.9999889, 0.000034689903), (-1.6889322e-10, 1, -1.491955e-7), (0.000014779624, 0.9999887, -0.0047638714), (0.999997, -4.9045326e-8, 0.0024275396), (1, 0, 0), (1, -1.2859303e-7, 4.678242e-10), (0.999997, 4.9045312e-8, -0.0024275398), (0.999997, 0, -0.00242754), (1, -1.2859303e-7, 4.678242e-10), (3.000473e-7, 7.32319e-8, 1), (-1.6900034e-7, 3.6679324e-8, 1), (0.017691327, 5.501864e-8, 0.99984354), (-0.999997, 2.4523136e-8, -0.0024281936), (-0.99999714, 0, -0.0024281945), (-1, 1.7956268e-8, -4.7431087e-8), (0.000014779624, 0.9999887, -0.0047638714), (0.000099148834, 0.65496165, -0.7556621), (-0.44722813, 0.77266926, -0.45052102), (5.9250198e-8, -1, 1.8767955e-7), (1.1669573e-7, -1, -0.0000015996047), (1.1670073e-7, -1, 3.6971932e-7), (-0.44722813, 0.77266926, -0.45052102), (-0.7556346, 0.6549934, 0.0000020934967), (-0.004709646, 0.9999889, 0.000034689903), (-0.9580012, -0.28676406, -0.000005064532), (-1, -1.544758e-7, 1.3627361e-8), (-0.999997, -4.059796e-7, -0.0024285302), (-0.000100173056, -0.28677574, 0.9579978), (-0.00012875618, 6.930272e-7, 1), (0.017563535, 8.9959747e-7, 0.99984574), (-0.0048012277, 0.99997735, 0.004709472), (-0.012895662, 0.6549097, 0.7555971), (-0.0000016181148, 0.6549796, 0.75564665), (-0.017821006, 9.042372e-7, 0.99984115), (-0.00012875618, 6.930272e-7, 1), (-0.000100173056, -0.28677574, 0.9579978), (-0.004709646, 0.9999889, 0.000034689903), (-0.7556346, 0.6549934, 0.0000020934967), (-0.75565016, 0.6549711, -0.0023232624), (-0.95800745, -0.2867371, 0.0018365936), (-0.999997, 0.0000014360111, 0.0024285247), (-1, -1.544758e-7, 1.3627361e-8), (0.0048745684, 0.9999772, -0.004692018), (0.45053875, 0.7726705, -0.44720817), (0.000099148834, 0.65496165, -0.7556621), (0.0000032670796, -0.28677827, -0.957997), (1.2452814e-8, 0, -1), (-0.01769091, -0.0000017129317, -0.99984354), (0.0047063828, 0.9999889, 0.00004751864), (0.75566596, 0.65495723, -0.0000022953027), (0.45053875, 0.7726705, -0.44720817), (0.000027159695, 0.99998844, 0.0048077106), (-0.0000016181148, 0.6549796, 0.75564665), (0.012895139, 0.6549101, 0.7555968), (0.999997, 0.0000012780512, -0.0024273132), (1, -5.032884e-7, 5.1878757e-10), (0.9579818, -0.2868289, -0.000001247503), (0.9579818, -0.2868289, -0.000001247503), (1, -5.032884e-7, 5.1878757e-10), (0.999997, -5.31491e-7, 0.0024273093), (0.7556656, 0.65495354, -0.0023244251), (0.75566596, 0.65495723, -0.0000022953027), (0.0047063828, 0.9999889, 0.00004751864), (0.017690934, -0.0000017193314, -0.99984354), (1.2452814e-8, 0, -1), (0.0000032670796, -0.28677827, -0.957997), (0.98864067, -0.15027913, -0.0024419092), (0.9886387, -0.15031126, 0.000014675345), (1, -1.2859303e-7, 4.678242e-10), (0, -1, -1.8905811e-7), (0, -1, 0), (-1.6698048e-7, -1, 6.567581e-7), (-1.08553785e-7, -1, -2.0544374e-7), (-3.20531e-7, -1, 4.3122083e-7), (0.0000012352172, -1, 0.000002299853), (0, -1, 3.89099e-8), (0, -1, 0), (-3.20531e-7, -1, 4.3122083e-7), (0, -1, 0.0000011203834), (-1.9188231e-8, -1, 0.0000020123664), (0, -1, 0), (-3.303765e-7, -1, 0.000001530121), (-6.620278e-7, -1, 0.000002299855), (-1.9188231e-8, -1, 0.0000020123664), (-1.0453689e-7, -1, 0.0000015102356), (0, -1, 7.464906e-7), (-6.620278e-7, -1, 0.000002299855), (0, -1, -0.0000016098161), (0, -1, -0.000003072132), (0, -1, 7.464906e-7), (0, -1, 4.9100095e-7), (0, -1, 0.0000013135071), (0, -1, -0.000003072132), (0, -1, 2.4937404e-7), (0, -1, 0), (0, -1, 0.0000013135071), (1.473814e-7, -1, 8.0829227e-7), (1.5456462e-7, -1, 0.0000011499233), (0, -1, 0), (8.754291e-8, -1, -4.6273065e-9), (8.4779934e-8, -1, -2.550192e-7), (1.5456462e-7, -1, 0.0000011499233), (0, -1, -8.081885e-8), (0, -1, 3.4460948e-7), (8.4779934e-8, -1, -2.550192e-7), (-6.0132564e-8, -1, 3.6296157e-7), (-6.048489e-8, -1, 4.5166846e-7), (0, -1, 3.4460948e-7), (-1.0669879e-7, -1, 2.919827e-7), (-1.1131621e-7, -1, 2.8748454e-7), (-6.048489e-8, -1, 4.5166846e-7), (0, -1, -9.856836e-8), (0, -1, -1.2984424e-7), (-1.1131621e-7, -1, 2.8748454e-7), (-0.000008805984, -1, 0.0001233103), (0, -1, -7.3852783e-7), (0, -1, -1.2984424e-7), (-0.000016711041, -0.99999994, 0.000137628), (0, -1, -0.0000014652023), (0, -1, -7.3852783e-7), (0, -1, 0.0000012104888), (0, -1, 0.0000017248905), (0, -1, -2.8748306e-7), (-5.226828e-8, -1, 1.0767384e-7), (0, -1, -2.8748306e-7), (-3.3101733e-7, -1, 0.0000034894708), (-1.6518972e-7, -1, 0.0000017230217), (-3.3101733e-7, -1, 0.0000034894708), (-9.594417e-9, -1, 0.0000012336892), (0, -1, 3.4692528e-7), (-9.594417e-9, -1, 0.0000012336892), (0, -1, 2.5969146e-7), (-0.6848377, -0.684738, 0.24926144), (-0.6848386, -0.6847381, 0.24925873), (-0.63115084, -0.68473834, 0.36439264), (2.0395727e-7, -1, -3.475496e-7), (6.176104e-7, -1, -8.6244984e-7), (-8.303358e-8, -1, 0.0000029145137), (8.511627e-8, -1, 0.0000019163133), (-8.303358e-8, -1, 0.0000029145137), (0, -1, -0.0000014652023), (-0.6311496, -0.6847383, 0.36439505), (-0.63115084, -0.68473834, 0.36439264), (-0.55828625, -0.6847381, 0.4684552), (0, -1, 6.845314e-7), (0, -1, 0.000001020075), (0, -1, -5.749633e-7), (9.82534e-8, -1, -3.7819407e-7), (1.0303987e-7, -1, -0.0000010260427), (0, -1, 0.000001020075), (5.8361227e-8, -1, 3.3721832e-7), (5.6519816e-8, -1, 2.550193e-7), (1.0303987e-7, -1, -0.0000010260427), (0, -1, 8.0819454e-8), (0, -1, -3.4460788e-7), (5.6519816e-8, -1, 2.550193e-7), (-0.12655395, -0.6847375, -0.7177176), (-0.12655024, -0.68473774, -0.7177181), (-0.24925931, -0.6847376, -0.6848388), (0.24926044, -0.6847376, -0.68483835), (0.2492635, -0.68473756, -0.6848373), (0.12655504, -0.6847381, -0.717717), (-0.24926226, -0.6847376, -0.6848377), (-0.24925931, -0.6847376, -0.6848388), (-0.36439317, -0.68473786, -0.63115114), (0, -1, 1.6160936e-7), (0, -1, 0), (0, -1, 0), (-0.24925968, -0.6847381, 0.6848382), (-0.2492627, -0.68473846, 0.6848367), (-0.12655528, -0.6847382, 0.71771675), (4.0791164e-7, -1, 0.0000014227749), (0.0000012352172, -1, 0.000002299853), (-1.6606606e-7, -1, -0.00000133334), (-3.7609443e-8, -1, 3.890691e-7), (0, -1, 3.1527316e-7), (0, -1, 0), (0.46845728, -0.6847384, 0.55828404), (0.46845445, -0.6847385, 0.55828625), (0.5582829, -0.6847381, 0.46845907), (8.772889e-8, -1, 0.0000036723377), (1.0455243e-7, -1, -5.916937e-9), (1.0455231e-7, -1, 1.0481666e-7), (-1.0455228e-7, -1, 2.1644125e-7), (-1.0455183e-7, -1, 4.996271e-7), (-8.772615e-8, -1, -0.0000014976849), (6.453933e-8, -1, 0.0000032938822), (8.772889e-8, -1, 0.0000036723377), (-3.3119946e-7, -1, 6.0602594e-7), (1.1669551e-7, -1, 1.7750452e-8), (6.453933e-8, -1, 0.0000032938822), (-3.102996e-7, -1, 5.81642e-7), (1.2213043e-7, -1, 4.6432788e-7), (0, -1, -0.0000067382794), (-4.237636e-8, -1, -0.0000028632473), (5.9247903e-8, -1, 5.9169354e-9), (1.1669551e-7, -1, 1.7750452e-8), (1.1670027e-7, -1, 2.1154118e-7), (-1.1973552e-15, -1, 3.180607e-7), (-5.9250556e-8, -1, 3.1788278e-7), (-5.925016e-8, -1, -4.2103085e-7), (6.4280555e-15, -1, -1.6740418e-7), (5.9247903e-8, -1, 5.9169354e-9), (5.9250425e-8, -1, 2.1077805e-7), (0, -1, -0.0000032362227), (0, -1, -0.0000067382794), (1.2213043e-7, -1, 4.6432788e-7), (3.1029998e-7, -1, 6.26436e-7), (-6.453983e-8, -1, -0.0000028637735), (-1.1669564e-7, -1, -0.000001625372), (3.3120003e-7, -1, 4.060049e-7), (-8.772615e-8, -1, -0.0000014976849), (-6.453983e-8, -1, -0.0000028637735), (0, -1, -1.4052618e-8), (0, -1, -0.0000032362227), (0, -1, -3.2207225e-8), (0, -1, 1.4052616e-8), (0, -1, -1.4052618e-8), (0, -1, -9.058299e-10), (0, -1, 0.000003667893), (0, -1, 1.4052616e-8), (0, -1, 2.441771e-7), (4.2374477e-8, -1, 0.0000032702023), (0, -1, 0.000003667893), (-1.2213044e-7, -1, 3.55894e-7), (1.0455243e-7, -1, -5.916937e-9), (4.2374477e-8, -1, 0.0000032702023), (-6.6902246e-8, -1, 1.5932315e-7), (6.690282e-8, -1, 6.3300973e-7), (-4.237636e-8, -1, -0.0000028632473), (-1.0455183e-7, -1, 4.996271e-7), (-0.22260958, -0.9381591, 0.26514602), (-0.5806319, -0.42896253, 0.6919955), (-0.69197726, -0.4289725, 0.5806463), (-1.1670073e-7, -1, 3.6478727e-7), (-1.1669564e-7, -1, -0.000001625372), (-5.925016e-8, -1, -4.2103085e-7), (-1.0455231e-7, -1, 2.0587272e-7), (-1.0455245e-7, -1, -4.7594318e-7), (-8.77288e-8, -1, 0.000001521378), (8.772615e-8, -1, -0.0000036545548), (1.045518e-7, -1, 2.3667438e-8), (1.0455228e-7, -1, 2.1192248e-7), (3.3119932e-7, -1, 6.4750424e-7), (-8.77288e-8, -1, 0.000001521378), (-6.453929e-8, -1, 0.0000018735153), (3.1029947e-7, -1, 6.3424113e-7), (-6.453929e-8, -1, 0.0000018735153), (-1.16695574e-7, -1, -9.05389e-8), (4.2376353e-8, -1, -0.000003193297), (0, -1, -0.0000060672955), (-1.2213043e-7, -1, 4.29713e-7), (-1.16700264e-7, -1, 2.6370023e-7), (-1.16695574e-7, -1, -9.05389e-8), (-5.924795e-8, -1, -3.2394922e-7), (5.9250198e-8, -1, 1.8767955e-7), (5.9250546e-8, -1, 3.1788272e-7), (-1.1973552e-15, -1, 3.180607e-7), (-5.925042e-8, -1, 2.0913487e-7), (-5.924795e-8, -1, -3.2394922e-7), (6.4280555e-15, -1, -1.6740418e-7), (-1.2213043e-7, -1, 4.29713e-7), (0, -1, -0.0000060672955), (0, -1, -0.0000011511028), (1.1669573e-7, -1, -0.0000015996047), (6.453993e-8, -1, -0.00000502054), (-3.1029978e-7, -1, 6.740762e-7), (6.453993e-8, -1, -0.00000502054), (8.772615e-8, -1, -0.0000036545548), (-3.3119983e-7, -1, 4.4710188e-7), (0, -1, -2.0325935e-7), (0, -1, -0.0000011511028), (0, -1, -1.3445653e-7), (0, -1, -8.663135e-9), (0, -1, -1.3445653e-7), (0, -1, -0.0000020996838), (0, -1, 4.133845e-7), (0, -1, -0.0000020996838), (0, -1, 0.0000020039215), (1.2213044e-7, -1, 4.4450212e-7), (0, -1, 0.0000020039215), (-4.2374552e-8, -1, 0.0000029342427), (6.6902246e-8, -1, 2.1315475e-7), (-4.2374552e-8, -1, 0.0000029342427), (-1.0455245e-7, -1, -4.7594318e-7), (1.045518e-7, -1, 2.3667438e-8), (4.2376353e-8, -1, -0.000003193297), (-6.6902814e-8, -1, 6.872227e-7), (0.9397019, 0, 0.34199458), (0.9396862, 0, 0.34203777), (1, 0, 0.000001030728), (-0.29259205, -0.95028204, -0.10655489), (-0.84884375, -0.42896658, -0.30895296), (-0.7822969, -0.42896694, -0.45166245), (0.36554968, -0.92122805, -0.13308734), (0.8488439, -0.42896578, -0.30895373), (0.889599, -0.42896253, -0.1568589), (0.22258092, -0.93815017, 0.2652018), (0.58064145, -0.42895812, 0.6919902), (0.45167512, -0.42896053, 0.78229314), (0.29986748, -0.93814087, 0.17312174), (0.32533622, -0.93814826, 0.118465886), (0.8488427, -0.42896602, 0.30895674), (-0.15686451, -0.42897633, 0.88959134), (-0.060131297, -0.9381497, 0.34096834), (0.000024931129, -0.93814176, 0.3462515), (0.22258092, -0.93815017, 0.2652018), (0.26517972, -0.9381484, 0.22261508), (0.69197726, -0.4289725, 0.5806463), (-0.17315315, -0.93814707, -0.29983), (-0.45166716, -0.42896834, -0.78229344), (-0.308944, -0.42897323, -0.84884363), (-0.29984516, -0.93814087, 0.17316036), (-0.78229904, -0.42896673, 0.45165887), (-0.848842, -0.428967, 0.30895713), (0.11841375, -0.9381523, -0.32534376), (0.060086664, -0.9381532, -0.34096652), (0.15685663, -0.42896193, -0.8895997), (-0.26525897, -0.9381461, -0.22252987), (-0.69198745, -0.4289629, -0.58064127), (-0.58064336, -0.4289685, -0.6919822), (-0.3409247, -0.9381634, -0.060164504), (-0.8895975, -0.42896596, -0.1568585), (-0.84884375, -0.42896658, -0.30895296), (-0.11842696, -0.9381412, 0.32537043), (-0.30895138, -0.42897046, 0.84884244), (-0.45165813, -0.4289673, 0.78229916), (0.34096128, -0.93816096, 0.059995092), (0.8895978, -0.4289644, 0.15686096), (0.8488427, -0.42896602, 0.30895674), (-0.06012605, -0.9381465, -0.3409783), (-0.15685761, -0.42896786, -0.8895967), (-3.0217936e-7, -0.4289541, -0.90332633), (-0.1731326, -0.93814576, 0.29984593), (-0.45165813, -0.4289673, 0.78229916), (-0.5806319, -0.42896253, 0.6919955), (0.22253603, -0.9381538, -0.26522657), (0.17311448, -0.93814707, -0.2998524), (0.45166716, -0.42896834, -0.78229344), (-0.2997859, -0.9381726, -0.17309156), (-0.7822969, -0.42896694, -0.45166245), (-0.69198745, -0.4289629, -0.58064127), (0.34093595, -0.9381628, -0.06010986), (0.889599, -0.42896253, -0.1568589), (0.90332085, -0.42896548, -6.4578705e-7), (-0.094102494, -0.8404279, 0.5336907), (-0.1636805, -0.33386382, 0.9283015), (-0.47130653, -0.33385837, 0.8163386), (0.29978758, -0.9381725, -0.17308879), (0.2652303, -0.93814605, -0.22256413), (0.69198745, -0.4289629, -0.58064127), (0.000013362616, -0.9381683, -0.34617966), (-3.0217936e-7, -0.4289541, -0.90332633), (0.15685663, -0.42896193, -0.8895997), (0.118456885, -0.9381419, 0.32535797), (0.30896837, -0.4289632, 0.8488398), (0.15685111, -0.4289774, 0.8895933), (0.36554968, -0.92122805, -0.13308734), (0.29978758, -0.9381725, -0.17308879), (0.78229684, -0.4289669, -0.45166245), (0.34623715, -0.938147, 0.000011540949), (0.90332085, -0.42896548, -6.4578705e-7), (0.8895978, -0.4289644, 0.15686096), (-0.2652373, -0.938148, 0.2225476), (-0.69197726, -0.4289725, 0.5806463), (-0.78229904, -0.42896673, 0.45165887), (-0.11840891, -0.9381523, -0.3253454), (-0.308944, -0.42897323, -0.84884363), (-0.15685761, -0.42896786, -0.8895967), (0.2652303, -0.93814605, -0.22256413), (0.22253603, -0.9381538, -0.26522657), (0.5806433, -0.42896846, -0.6919822), (0.06010966, -0.9381497, 0.3409722), (0.15685111, -0.4289774, 0.8895933), (0.000007505709, -0.42897013, 0.90331864), (-0.32535917, -0.9381472, 0.11841235), (-0.848842, -0.428967, 0.30895713), (-0.889597, -0.42896536, 0.1568628), (0.26517972, -0.9381484, 0.22261508), (0.29986748, -0.93814087, 0.17312174), (0.78229904, -0.42896676, 0.45165887), (0.17311448, -0.93814707, -0.2998524), (0.11841375, -0.9381523, -0.32534376), (0.30894396, -0.4289732, -0.84884363), (-0.34623998, -0.93814594, 0.000038787723), (-0.90332353, -0.42895988, -7.067103e-7), (-0.8895975, -0.42896596, -0.1568585), (-0.76604617, 0, -0.64278555), (-0.7660349, 0, -0.64279896), (-0.93969065, 0, -0.34202537), (-0.34094068, -0.93816096, 0.060111076), (-0.889597, -0.42896536, 0.1568628), (-0.90332353, -0.42895988, -7.067103e-7), (0.17310819, -0.9381473, 0.29985535), (0.45167512, -0.42896053, 0.78229314), (0.30896837, -0.4289632, 0.8488398), (-0.060131297, -0.9381497, 0.34096834), (-0.15686451, -0.42897633, 0.88959134), (-0.30895138, -0.42897046, 0.84884244), (0, -1, -1.6336597e-7), (0.000024931129, -0.93814176, 0.3462515), (-0.060131297, -0.9381497, 0.34096834), (0, -1, -0.0000059965946), (-0.11842696, -0.9381412, 0.32537043), (-0.1731326, -0.93814576, 0.29984593), (0, -1, -0.0000072037296), (-0.22260958, -0.9381591, 0.26514602), (-0.2652373, -0.938148, 0.2225476), (0, -1, 8.695762e-8), (-0.29984516, -0.93814087, 0.17316036), (-0.32535917, -0.9381472, 0.11841235), (0, -1, 1.8180738e-7), (-0.34094068, -0.93816096, 0.060111076), (-0.34623998, -0.93814594, 0.000038787723), (0, -1, -0.000011854624), (-0.3409247, -0.9381634, -0.060164504), (-0.29259205, -0.95028204, -0.10655489), (0, -1, -0.0000018740694), (-0.29259205, -0.95028204, -0.10655489), (-0.2997859, -0.9381726, -0.17309156), (0, -1, 0.000013024868), (-0.26525897, -0.9381461, -0.22252987), (-0.22253387, -0.9381538, -0.2652282), (0, -1, 0.000006802829), (-0.17315315, -0.93814707, -0.29983), (-0.11840891, -0.9381523, -0.3253454), (0, -1, 0.000006470928), (-0.06012605, -0.9381465, -0.3409783), (0.000013362616, -0.9381683, -0.34617966), (0, -1, 0.0000075325574), (0.118456885, -0.9381419, 0.32535797), (0.06010966, -0.9381497, 0.3409722), (0, -1, 0.000005666809), (0.22258092, -0.93815017, 0.2652018), (0.17310819, -0.9381473, 0.29985535), (0, -1, 7.772647e-8), (0.29986748, -0.93814087, 0.17312174), (0.26517972, -0.9381484, 0.22261508), (0, -1, -0.000015208703), (0.34096128, -0.93816096, 0.059995092), (0.32533622, -0.93814826, 0.118465886), (0, -1, 0.0000016544693), (0.34093595, -0.9381628, -0.06010986), (0.34623715, -0.938147, 0.000011540949), (0, -1, 0.0000063881603), (0.2652303, -0.93814605, -0.22256413), (0.29978758, -0.9381725, -0.17308879), (0, -1, 1.6617669e-7), (0.17311448, -0.93814707, -0.2998524), (0.22253603, -0.9381538, -0.26522657), (0, -1, 0.000006470928), (0.060086664, -0.9381532, -0.34096652), (0.11841375, -0.9381523, -0.32534376), (0, 1, 0.0000013493844), (0, 1, 0), (0, 1, 0.000004771231), (0, 1, -0.000019930192), (0, 1, 6.124804e-7), (0, 1, 0.0000021589112), (-0.50000757, 0, -0.86602104), (-0.4999726, 0, -0.86604124), (-0.7660349, 0, -0.64279896), (-0.17362367, 0, 0.9848121), (-0.17365812, 0, 0.984806), (0.17362104, 0, 0.98481256), (1, 0, -0.00001540791), (1, 0, 0.000001030728), (0.93969923, 0, -0.342002), (-0.49997714, 0, 0.8660387), (-0.50000566, 0, 0.86602217), (-0.17365812, 0, 0.984806), (-0.17365949, 0, -0.98480576), (-0.17361972, 0, -0.98481274), (-0.4999726, 0, -0.86604124), (0.9396917, 0, -0.34202263), (0.93969923, 0, -0.342002), (0.7660456, 0, -0.6427863), (-0.7660562, 0, 0.6427736), (-0.7660313, 0, 0.6428033), (-0.50000566, 0, 0.86602217), (0.17362233, 0, -0.9848123), (0.17365785, 0, -0.984806), (-0.17361972, 0, -0.98481274), (0.766036, 0, -0.64279765), (0.7660456, 0, -0.6427863), (0.50000525, 0, -0.86602235), (-0.9396975, 0, 0.34200656), (-0.93969065, 0, 0.3420254), (-0.7660313, 0, 0.6428033), (0.17365868, 0, 0.98480594), (0.17362104, 0, 0.98481256), (0.49997333, 0, 0.8660408), (0.49997407, 0, -0.8660404), (0.50000525, 0, -0.86602235), (0.17365785, 0, -0.984806), (-1, 0, 0.00000236971), (-1, 0, -0.000015624655), (-0.93969065, 0, 0.3420254), (0.5000099, 0, 0.86601967), (0.49997333, 0, 0.8660408), (0.7660348, 0, 0.64279914), (-0.93970025, 0, -0.34199932), (-0.93969065, 0, -0.34202537), (-1, 0, -0.000015624655), (0, 1, 0.0000032383464), (0, 1, -1.644727e-11), (0, 1, 0.0000076342585), (0, 1, 0.0000076342585), (0, 1, -1.644727e-11), (0, 1, -2.7827494e-7), (0, 1, 0.000004771231), (0, 1, 0), (0, 1, 1.7994248e-7), (0, 1, -0.00001534186), (0, 1, -0.0000019092945), (0, 1, 6.124804e-7), (0, 1, 0.000010560006), (0, 1, -2.7827494e-7), (0, 1, 0.0000022402917), (0, 1, 6.572059e-7), (0, 1, 1.7994248e-7), (0, 1, -0.0000013408497), (0, 1, 0.000020079531), (0, 1, -0.0000013811882), (0, 1, -0.0000019092945), (0, 1, 2.9731436e-7), (0, 1, 0.0000022402917), (0, 1, 0.000003981573), (0, 1, 0.000014971091), (0, 1, -0.0000011609125), (0, 1, -0.0000013811882), (0, 1, -0.000014524364), (0, 1, 0.000003981573), (0, 1, -4.8238985e-7), (0, 1, 0), (0, 1, -0.0000010794396), (0, 1, -0.0000011609125), (0, 1, -0.000020970658), (0, 1, -4.8238985e-7), (0, 1, -4.581536e-7), (0, 1, -0.000009964882), (0, 1, 4.4114796e-7), (0, 1, 0.0000032383464), (0, 1, -0.0000028629368), (0, 1, -0.0000013408497), (0, 1, -0.0000010794396), (0, 1, 2.9731402e-7), (0, 1, -4.581536e-7), (0, 1, 0.0000013493844), (0, 1, -0.00000763356), (0, 1, 0.0000021589112), (0, 1, 4.4114796e-7), (0.09410236, -0.84042686, -0.53369224), (0, -1, 9.666014e-7), (0, -1, 5.2254427e-7), (-0.094102494, -0.8404279, 0.5336907), (0, -1, -0.0000025994223), (0, -1, 4.4425602e-7), (0.41513538, -0.8404305, -0.34833783), (0, -1, 9.273328e-7), (0, -1, 0.0000046111813), (-0.50924087, -0.840428, 0.18534999), (0, -1, 1.8967764e-7), (0, -1, 0.0000021945266), (0.094108224, -0.84043056, 0.5336854), (0, -1, 4.4425602e-7), (0, -1, -0.0000041670983), (0.27097166, -0.8404298, -0.46931028), (0, -1, 0.0000046111813), (0, -1, 9.666014e-7), (0.094108224, -0.84043056, 0.5336854), (0.1636832, -0.33387768, 0.928296), (-0.1636805, -0.33386382, 0.9283015), (-0.54192257, -0.8404285, 0.000001322478), (0, -1, -0.0000010744383), (0, -1, 1.8967764e-7), (0.2709631, -0.8404348, 0.46930638), (0, -1, -0.0000041670983), (0, -1, -0.0000030565488), (-0.5092374, -0.840431, -0.18534538), (0, -1, 0.0000038404505), (0, -1, -0.0000010744383), (0, -1, -0.0000030565488), (0, -1, -0.000003291813), (0.50925726, -0.84041834, 0.18534894), (-0.4151365, -0.84043044, -0.34833655), (0, -1, -0.0000012669849), (0, -1, 0.0000038404505), (0.50925726, -0.84041834, 0.18534894), (0, -1, -0.000003291813), (0, -1, -0.000005192319), (-0.2709653, -0.8404291, -0.46931517), (0, -1, -0.0000021945089), (0, -1, -0.0000012669849), (0.5419215, -0.84042925, -0.0000073239207), (0, -1, -0.000005192319), (0, -1, -0.0000040952277), (-0.09411031, -0.84042734, -0.5336903), (0, -1, 5.2254427e-7), (0, -1, -0.0000021945089), (0.509241, -0.8404307, -0.18533735), (0, -1, -0.0000040952277), (0, -1, 9.273328e-7), (-0.09411031, -0.84042734, -0.5336903), (-0.16368575, -0.33385783, -0.9283027), (0.16367875, -0.33385605, -0.9283046), (0.27097166, -0.8404298, -0.46931028), (0.47130406, -0.33386487, -0.81633747), (0.7220908, -0.33386835, -0.6059017), (0.2709631, -0.8404348, 0.46930638), (0.47130683, -0.3338717, 0.81633294), (0.1636832, -0.33387768, 0.928296), (0.09410236, -0.84042686, -0.53369224), (0.16367875, -0.33385605, -0.9283046), (0.47130406, -0.33386487, -0.81633747), (0.41513023, -0.84042794, 0.34835008), (0.72208935, -0.33385924, 0.6059084), (0.47130683, -0.3338717, 0.81633294), (-0.41513607, -0.84042764, 0.3483438), (0, -1, 0.0000021945266), (0, -1, 0.000003461667), (-0.41513607, -0.84042764, 0.3483438), (-0.7220891, -0.33385834, 0.6059091), (-0.8857732, -0.33386248, 0.32240018), (0.5419215, -0.84042925, -0.0000073239207), (0.9426212, -0.33386412, -0.000004735326), (0.88577336, -0.3338646, 0.3223972), (0.50925726, -0.84041834, 0.18534894), (0.88577336, -0.3338646, 0.3223972), (0.72208935, -0.33385924, 0.6059084), (-0.50924087, -0.840428, 0.18534999), (-0.8857732, -0.33386248, 0.32240018), (-0.94262195, -0.33386207, -1.9969749e-8), (-0.5092374, -0.840431, -0.18534538), (-0.8857722, -0.33386803, -0.322397), (-0.72208786, -0.33387178, -0.60590315), (-0.54192257, -0.8404285, 0.000001322478), (-0.94262195, -0.33386207, -1.9969749e-8), (-0.8857722, -0.33386803, -0.322397), (-0.4151365, -0.84043044, -0.34833655), (-0.72208786, -0.33387178, -0.60590315), (-0.47130838, -0.3338673, -0.8163339), (0.509241, -0.8404307, -0.18533735), (0.8857732, -0.33386484, -0.32239753), (0.9426212, -0.33386412, -0.000004735326), (-0.27097365, -0.84042615, 0.4693157), (-0.47130653, -0.33385837, 0.8163386), (-0.7220891, -0.33385834, 0.6059091), (-0.2709653, -0.8404291, -0.46931517), (-0.47130838, -0.3338673, -0.8163339), (-0.16368575, -0.33385783, -0.9283027), (0.41513538, -0.8404305, -0.34833783), (0.7220908, -0.33386835, -0.6059017), (0.8857732, -0.33386484, -0.32239753), (-0.14349952, -0.5631492, -0.8138003), (-0.09169462, -0.8493037, -0.5198801), (-0.26395184, -0.8493237, -0.45714188), (-0.7765179, -0.56315744, -0.2826192), (-0.49607095, -0.8493, -0.1805627), (-0.52789456, -0.8493099, 0.0000063333414), (0.7765135, -0.56315637, -0.28263348), (0.49607202, -0.8493013, -0.18055442), (0.40438202, -0.8493188, -0.33931217), (-0.49605903, -0.84931505, 0.18052568), (0, -1, 0.000058629947), (0, -1, -0.0000538695), (0.14351246, -0.5631572, -0.81379247), (0.091695875, -0.8492962, -0.5198922), (-0.09169462, -0.8493037, -0.5198801), (0.41316763, -0.5631556, -0.7156454), (0.6330131, -0.5631714, -0.53116137), (0.40438202, -0.8493188, -0.33931217), (-0.41316235, -0.5631561, 0.71564806), (-0.6330123, -0.56314796, 0.531187), (-0.40439397, -0.84930766, 0.3393259), (0.4131671, -0.56315523, 0.7156459), (0.26393828, -0.8493031, 0.4571879), (0.4043904, -0.8493037, 0.33933982), (0.14351246, -0.5631572, -0.81379247), (0.41316763, -0.5631556, -0.7156454), (0.2639592, -0.8493092, -0.45716456), (0.63302666, -0.5631466, 0.53117144), (0.4043904, -0.8493037, 0.33933982), (0.4960512, -0.8493148, 0.18054812), (0.4131671, -0.56315523, 0.7156459), (0.14350146, -0.5631457, 0.8138023), (0.09166977, -0.84931, 0.5198742), (-0.091679275, -0.84932196, 0.51985294), (-0.1434913, -0.56316614, 0.81378996), (-0.41316235, -0.5631561, 0.71564806), (-0.4999962, 0, 0.8660276), (-0.41316235, -0.5631561, 0.71564806), (-0.1434913, -0.56316614, 0.81378996), (0.826358, -0.56314504, -0.000015750527), (0.7765099, -0.56316555, 0.28262532), (0.4960512, -0.8493148, 0.18054812), (0.7765135, -0.56315637, -0.28263348), (0.826358, -0.56314504, -0.000015750527), (0.5278945, -0.8493099, -0.000007951537), (-0.82632476, -0.56319404, -9.126961e-8), (-0.52789456, -0.8493099, 0.0000063333414), (-0.49605903, -0.84931505, 0.18052568), (-0.63303745, -0.5631495, -0.5311555), (-0.41317934, -0.5631681, -0.71562874), (-0.26395184, -0.8493237, -0.45714188), (-0.7765179, -0.56315744, -0.2826192), (-0.63303745, -0.5631495, -0.5311555), (-0.4043943, -0.849309, -0.33932197), (1, 0, -0.0000067379196), (0.826358, -0.56314504, -0.000015750527), (0.7765135, -0.56315637, -0.28263348), (-0.5000112, 0, -0.8660189), (-0.41317934, -0.5631681, -0.71562874), (-0.63303745, -0.5631495, -0.5311555), (-0.17363586, 0, 0.9848099), (-0.1434913, -0.56316614, 0.81378996), (0.14350146, -0.5631457, 0.8138023), (-0.17365117, 0, -0.9848072), (-0.14349952, -0.5631492, -0.8138003), (-0.41317934, -0.5631681, -0.71562874), (0.9396898, 0, -0.34202787), (0.7765135, -0.56315637, -0.28263348), (0.6330131, -0.5631714, -0.53116137), (-0.7660437, 0, 0.6427885), (-0.6330123, -0.56314796, 0.531187), (-0.41316235, -0.5631561, 0.71564806), (0.17364264, 0, -0.98480874), (0.14351246, -0.5631572, -0.81379247), (-0.14349952, -0.5631492, -0.8138003), (0.6330131, -0.5631714, -0.53116137), (0.41316763, -0.5631556, -0.7156454), (0.5000093, 0, -0.8660201), (-0.9396903, 0, 0.3420265), (-0.7765061, -0.56316614, 0.2826343), (-0.6330123, -0.56314796, 0.531187), (0.17365244, 0, 0.984807), (0.14350146, -0.5631457, 0.8138023), (0.4131671, -0.56315523, 0.7156459), (0.5000093, 0, -0.8660201), (0.41316763, -0.5631556, -0.7156454), (0.14351246, -0.5631572, -0.81379247), (-1, 0, 0.0000029451303), (-0.82632476, -0.56319404, -9.126961e-8), (-0.7765061, -0.56316614, 0.2826343), (0.5000028, 0, 0.8660238), (0.4131671, -0.56315523, 0.7156459), (0.63302666, -0.5631466, 0.53117144), (-0.93969584, 0, -0.34201124), (-0.7765179, -0.56315744, -0.2826192), (-0.82632476, -0.56319404, -9.126961e-8), (0.76604104, 0, 0.6427917), (0.63302666, -0.5631466, 0.53117144), (0.7765099, -0.56316555, 0.28262532), (-0.7660528, 0, -0.6427777), (-0.63303745, -0.5631495, -0.5311555), (-0.7765179, -0.56315744, -0.2826192), (0.9396915, 0, 0.34202307), (0.7765099, -0.56316555, 0.28262532), (0.826358, -0.56314504, -0.000015750527), (0.7660348, 0, 0.64279914), (0.9396862, 0, 0.34203777), (0.9397019, 0, 0.34199458), (-0.27097365, -0.84042615, 0.4693157), (0, -1, 0.000003461667), (0, -1, -0.0000025994223), (0.14350146, -0.5631457, 0.8138023), (-0.1434913, -0.56316614, 0.81378996), (-0.091679275, -0.84932196, 0.51985294), (0.091695875, -0.8492962, -0.5198922), (0, -1, 0.000025428075), (0, -1, -0.0000022164188), (0.26393828, -0.8493031, 0.4571879), (0, -1, -0.0000012357635), (0, -1, -0.000054819106), (-0.52789456, -0.8493099, 0.0000063333414), (0, -1, 0.00004586943), (0, -1, 0.000058629947), (0.4043904, -0.8493037, 0.33933982), (0, -1, -0.000054819106), (0, -1, -0.0000042260067), (-0.49607095, -0.8493, -0.1805627), (0, -1, -0.00004588058), (0, -1, 0.00004586943), (0.4960512, -0.8493148, 0.18054812), (0, -1, -0.0000042260067), (0, -1, -0.00001754998), (-0.4043943, -0.849309, -0.33932197), (0, -1, -0.000017000219), (0, -1, -0.00004588058), (0.5278945, -0.8493099, -0.000007951537), (0, -1, -0.00001754998), (0, -1, -0.000037162266), (-0.26395184, -0.8493237, -0.45714188), (0, -1, -0.000011733935), (0, -1, -0.000017000219), (0.49607202, -0.8493013, -0.18055442), (0, -1, -0.000037162266), (0, -1, -0.000028988223), (-0.09169462, -0.8493037, -0.5198801), (0, -1, -0.0000022164188), (0, -1, -0.000011733935), (-0.2639384, -0.84930456, 0.45718503), (0, -1, -0.000031129606), (0, -1, 0.000007084434), (0.40438202, -0.8493188, -0.33931217), (0, -1, -0.000028988223), (0, -1, 0.000010423767), (-0.091679275, -0.84932196, 0.51985294), (0, -1, 0.000007084434), (0, -1, 0.000011260435), (-0.40439397, -0.84930766, 0.3393259), (0, -1, -0.0000538695), (0, -1, -0.000031129606), (0.2639592, -0.8493092, -0.45716456), (0, -1, 0.000010423767), (0, -1, 0.000025428075), (0.09166977, -0.84931, 0.5198742), (0, -1, 0.000011260435), (0, -1, -0.0000012357635), (-0.5000024, 0.000007843512, 0.8660241), (-0.49756154, -0.09959221, 0.8616925), (-0.17287849, -0.09951931, 0.9799025), (-0.939678, 0, -0.34206024), (-0.9350273, -0.099524796, -0.34032166), (-0.99503326, -0.09954253, -0.00003999917), (-1, 0, -0.000030535855), (-0.99503326, -0.09954253, -0.00003999917), (-0.93503, -0.09952608, 0.3403135), (0.5000014, 0, -0.8660246), (0.49752194, -0.09959653, -0.86171484), (0.17279084, -0.09958595, -0.97991115), (-0.17361186, 0.0000093606695, 0.98481417), (-0.17287849, -0.09951931, 0.9799025), (0.17278545, -0.09950477, 0.9799204), (-0.9396855, 0, 0.3420395), (-0.93503, -0.09952608, 0.3403135), (-0.76217353, -0.09958902, 0.63966674), (-0.17362402, 0, -0.984812), (-0.1728585, -0.09960753, -0.979897), (-0.49761787, -0.099612266, -0.8616576), (1, 0, -0.000030747506), (0.99503493, -0.099526644, -0.00001308333), (0.9350238, -0.09950182, -0.3403378), (0.9396954, 0, 0.3420124), (0.9350161, -0.09951502, 0.3403551), (0.99503493, -0.099526644, -0.00001308333), (0.76602817, -0.000010327106, -0.642807), (0.7622424, -0.0995478, -0.639591), (0.49752194, -0.09959653, -0.86171484), (0.17375626, 0, -0.98478866), (0.17279084, -0.09958595, -0.97991115), (-0.1728585, -0.09960753, -0.979897), (0.50002396, 0, 0.86601156), (0.49750954, -0.09954324, 0.86172825), (0.7622052, -0.099545926, 0.63963574), (0.9397111, -0.0000083461455, -0.34196946), (0.9350238, -0.09950182, -0.3403378), (0.7622424, -0.0995478, -0.639591), (0.17374396, 0, 0.98479086), (0.17278545, -0.09950477, 0.9799204), (0.49750954, -0.09954324, 0.86172825), (-0.7660428, 0, 0.6427895), (-0.76217353, -0.09958902, 0.63966674), (-0.49756154, -0.09959221, 0.8616925), (-0.5002478, 4.2703869e-7, -0.86588234), (-0.49761787, -0.099612266, -0.8616576), (-0.7622872, -0.09959644, -0.63953006), (-0.7658985, -0.000014768548, -0.64296156), (-0.7622872, -0.09959644, -0.63953006), (-0.9350273, -0.099524796, -0.34032166), (0.76597494, 0, 0.64287037), (0.7622052, -0.099545926, 0.63963574), (0.9350161, -0.09951502, 0.3403551), (-0.06261025, -0.9921407, -0.10833633), (-0.49761787, -0.099612266, -0.8616576), (-0.1728585, -0.09960753, -0.979897), (0.021766812, -0.99213624, 0.12325583), (0.17278545, -0.09950477, 0.9799204), (-0.17287849, -0.09951931, 0.9799025), (0.062679514, -0.9921425, 0.108280174), (0.49750954, -0.09954324, 0.86172825), (0.17278545, -0.09950477, 0.9799204), (0.095904425, -0.99214417, 0.08032687), (0.7622052, -0.099545926, 0.63963574), (0.49750954, -0.09954324, 0.86172825), (0.11758943, -0.99214137, 0.04275857), (0.9350161, -0.09951502, 0.3403551), (0.7622052, -0.099545926, 0.63963574), (0.1251067, -0.9921433, -0.00021159649), (0.99503493, -0.099526644, -0.00001308333), (0.9350161, -0.09951502, 0.3403551), (0.11754979, -0.9921433, -0.042823076), (0.9350238, -0.09950182, -0.3403378), (0.99503493, -0.099526644, -0.00001308333), (0.0957894, -0.99214005, -0.08051519), (0.7622424, -0.0995478, -0.639591), (0.9350238, -0.09950182, -0.3403378), (0.062543966, -0.99214387, -0.108345404), (0.49752194, -0.09959653, -0.86171484), (0.7622424, -0.0995478, -0.639591), (0.021744676, -0.992143, -0.1232048), (0.17279084, -0.09958595, -0.97991115), (0.49752194, -0.09959653, -0.86171484), (-0.02174028, -0.99214494, -0.12318972), (-0.1728585, -0.09960753, -0.979897), (0.17279084, -0.09958595, -0.97991115), (-0.062473312, -0.992144, 0.10838501), (-0.49756154, -0.09959221, 0.8616925), (-0.76217353, -0.09958902, 0.63966674), (-0.12508303, -0.99214625, -0.00016202033), (-0.99503326, -0.09954253, -0.00003999917), (-0.9350273, -0.099524796, -0.34032166), (-0.09587672, -0.99214214, 0.08038393), (-0.76217353, -0.09958902, 0.63966674), (-0.93503, -0.09952608, 0.3403135), (-0.1175372, -0.9921464, -0.04278661), (-0.9350273, -0.099524796, -0.34032166), (-0.7622872, -0.09959644, -0.63953006), (-0.09581633, -0.9921456, -0.08041313), (-0.7622872, -0.09959644, -0.63953006), (-0.49761787, -0.099612266, -0.8616576), (-0.021768514, -0.9921387, 0.12323633), (-0.17287849, -0.09951931, 0.9799025), (-0.49756154, -0.09959221, 0.8616925), (-0.117572084, -0.99214166, 0.04279685), (-0.93503, -0.09952608, 0.3403135), (-0.99503326, -0.09954253, -0.00003999917), (-0.06261025, -0.9921407, -0.10833633), (-0.02174028, -0.99214494, -0.12318972), (0.021744676, -0.992143, -0.1232048), (0.021744676, -0.992143, -0.1232048), (0.062543966, -0.99214387, -0.108345404), (-0.06261025, -0.9921407, -0.10833633), (0.062543966, -0.99214387, -0.108345404), (0.0957894, -0.99214005, -0.08051519), (-0.06261025, -0.9921407, -0.10833633), (0.0957894, -0.99214005, -0.08051519), (0.11754979, -0.9921433, -0.042823076), (0.1251067, -0.9921433, -0.00021159649), (0.1251067, -0.9921433, -0.00021159649), (0.11758943, -0.99214137, 0.04275857), (0.095904425, -0.99214417, 0.08032687), (0.095904425, -0.99214417, 0.08032687), (0.062679514, -0.9921425, 0.108280174), (-0.062473312, -0.992144, 0.10838501), (0.062679514, -0.9921425, 0.108280174), (0.021766812, -0.99213624, 0.12325583), (-0.062473312, -0.992144, 0.10838501), (0.021766812, -0.99213624, 0.12325583), (-0.021768514, -0.9921387, 0.12323633), (-0.062473312, -0.992144, 0.10838501), (-0.062473312, -0.992144, 0.10838501), (-0.09587672, -0.99214214, 0.08038393), (-0.117572084, -0.99214166, 0.04279685), (-0.117572084, -0.99214166, 0.04279685), (-0.12508303, -0.99214625, -0.00016202033), (-0.062473312, -0.992144, 0.10838501), (-0.12508303, -0.99214625, -0.00016202033), (-0.1175372, -0.9921464, -0.04278661), (-0.062473312, -0.992144, 0.10838501), (-0.1175372, -0.9921464, -0.04278661), (-0.09581633, -0.9921456, -0.08041313), (-0.06261025, -0.9921407, -0.10833633), (0.0957894, -0.99214005, -0.08051519), (0.1251067, -0.9921433, -0.00021159649), (-0.062473312, -0.992144, 0.10838501), (0.1251067, -0.9921433, -0.00021159649), (0.095904425, -0.99214417, 0.08032687), (-0.062473312, -0.992144, 0.10838501), (-0.1175372, -0.9921464, -0.04278661), (-0.06261025, -0.9921407, -0.10833633), (-0.062473312, -0.992144, 0.10838501), (0.005108878, -0.9570176, -0.28998497), (-0.007416755, -0.9142187, 0.4051531), (0.000032098687, -0.9142042, 0.40525386), (0.364394, -0.68473774, -0.6311508), (0.36439782, -0.6847377, -0.6311485), (0.2492635, -0.68473756, -0.6848373), (-5.4276896e-8, -1, 7.0661616e-7), (-1.6026551e-7, -1, 0.0000016530287), (6.176104e-7, -1, -8.6244984e-7), (-0.6848374, -0.68473893, -0.24925956), (-0.6848365, -0.68473876, -0.2492627), (-0.71771646, -0.6847386, -0.12655509), (0.728789, -0.6847384, -8.151717e-7), (0.72878915, -0.6847382, 0.0000025125607), (0.71771765, -0.6847383, -0.12655014), (-0.63115066, -0.68473816, -0.36439332), (-0.6311492, -0.6847379, -0.3643963), (-0.6848365, -0.68473876, -0.2492627), (-0.3643959, -0.6847379, -0.6311495), (-0.36439317, -0.68473786, -0.63115114), (-0.4684548, -0.6847383, -0.5582863), (0.4684553, -0.68473876, -0.5582853), (0.46845934, -0.6847384, -0.5582824), (0.36439782, -0.6847377, -0.6311485), (0.55828375, -0.6847384, -0.46845752), (0.55828685, -0.684738, -0.46845448), (0.46845934, -0.6847384, -0.5582824), (0.6311495, -0.6847382, -0.36439535), (0.6311515, -0.68473816, -0.36439195), (0.55828685, -0.684738, -0.46845448), (0, -1, -2.892069e-7), (0, -1, -5.749633e-7), (0, -1, 0.0000017248905), (0.71771646, -0.6847388, -0.12655346), (0.71771765, -0.6847383, -0.12655014), (0.68483853, -0.6847385, -0.24925752), (-0.72878885, -0.68473846, 8.2505255e-7), (-0.72878873, -0.6847385, -0.0000024541823), (-0.7177173, -0.68473864, 0.12655038), (-0.7177171, -0.68473846, -0.12655175), (-0.71771646, -0.6847386, -0.12655509), (-0.72878873, -0.6847385, -0.0000024541823), (-0.558285, -0.6847385, -0.468456), (-0.5582827, -0.6847386, -0.46845862), (-0.6311492, -0.6847379, -0.3643963), (-0.46845737, -0.68473834, -0.55828404), (-0.4684548, -0.6847383, -0.5582863), (-0.5582827, -0.6847386, -0.46845862), (-0.7177168, -0.68473834, 0.12655373), (-0.7177173, -0.68473864, 0.12655038), (-0.6848386, -0.6847381, 0.24925873), (-0.46845603, -0.6847386, 0.558285), (-0.4684588, -0.6847384, 0.55828273), (-0.3643967, -0.6847384, 0.63114846), (-0.12655218, -0.68473786, 0.71771765), (-0.12655528, -0.6847382, 0.71771675), (-0.0000026270272, -0.6847382, 0.7287891), (-9.019855e-8, -1, 5.003645e-7), (-9.072784e-8, -1, 4.7569287e-7), (0, -1, -3.4460788e-7), (-0.3643938, -0.6847381, 0.6311504), (-0.3643967, -0.6847384, 0.63114846), (-0.2492627, -0.68473846, 0.6848367), (-1.6005073e-7, -1, 5.4905587e-7), (-1.6698048e-7, -1, 6.567581e-7), (-9.072784e-8, -1, 4.7569287e-7), (0.68483686, -0.68473893, -0.24926113), (0.68483853, -0.6847385, -0.24925752), (0.6311515, -0.68473816, -0.36439195), (0.6848382, -0.68473804, 0.24925977), (0.68483716, -0.684738, 0.2492628), (0.7177164, -0.6847385, 0.1265554), (6.9166094e-7, -0.6847379, 0.7287893), (-0.0000026270272, -0.6847382, 0.7287891), (0.12655067, -0.68473804, 0.7177177), (0.71771693, -0.68473846, 0.1265523), (0.7177164, -0.6847385, 0.1265554), (0.72878915, -0.6847382, 0.0000025125607), (0.12655227, -0.68473786, -0.71771765), (0.12655504, -0.6847381, -0.717717), (0.0000027575197, -0.6847378, -0.7287895), (0.24926105, -0.6847382, 0.6848375), (0.24925826, -0.68473816, 0.68483865), (0.36439264, -0.68473816, 0.63115114), (-0.5582841, -0.6847382, 0.46845746), (-0.55828625, -0.6847381, 0.4684552), (-0.4684588, -0.6847384, 0.55828273), (0.63115025, -0.6847382, 0.36439392), (0.6311485, -0.6847382, 0.36439705), (0.68483716, -0.684738, 0.2492628), (0.5582855, -0.684738, 0.46845627), (0.5582829, -0.6847381, 0.46845907), (0.6311485, -0.6847382, 0.36439705), (0.36439514, -0.68473834, 0.63114935), (0.36439264, -0.68473816, 0.63115114), (0.46845445, -0.6847385, 0.55828625), (1.7023356e-7, -1, -4.1186848e-8), (-1.6606606e-7, -1, -0.00000133334), (0, -1, 3.1527316e-7), (0.12655386, -0.6847379, 0.71771735), (0.12655067, -0.68473804, 0.7177177), (0.24925826, -0.68473816, 0.68483865), (-1.6889322e-10, 1, -1.491955e-7), (0.0047063828, 0.9999889, 0.00004751864), (0.0048745684, 0.9999772, -0.004692018), (-1.6889322e-10, 1, -1.491955e-7), (0.000027159695, 0.99998844, 0.0048077106), (0.004747343, 0.99997735, 0.004782968), (-0.004709646, 0.9999889, 0.000034689903), (-0.0048012277, 0.99997735, 0.004709472), (0.000027159695, 0.99998844, 0.0048077106), (0, -1, 9.570183e-8), (0, -1, 2.5969146e-7), (-1.6026551e-7, -1, 0.0000016530287), (0.29003912, -0.95701444, -0.0007651597), (-0.4053446, -0.91416365, 0.0007660389), (-0.4053507, -0.9141612, 1.3543408e-7), (-0.0000049886294, -0.95702934, -0.28999108), (0.000032098687, -0.9142042, 0.40525386), (0.0073344633, -0.91419137, 0.40521652), (0.40508568, -0.9142788, -4.0128361e-7), (0.40509155, -0.9142759, 0.00075861067), (-0.28989792, -0.95705736, -0.0007419586), (-0.07695529, -0.996044, -0.04443313), (-0.17881899, -0.97845, -0.103243805), (-0.15817262, -0.97845, -0.13272873), (-0.17881899, -0.97845, -0.103243805), (-0.29266632, -0.9411668, -0.1689716), (-0.2588746, -0.9411669, -0.21722978), (-0.29266632, -0.9411668, -0.1689716), (-0.3960158, -0.8893224, -0.22864215), (-0.35029674, -0.88932216, -0.293936), (-0.3960158, -0.8893224, -0.22864215), (-0.50222063, -0.81467676, -0.2899592), (-0.44436544, -0.8145598, -0.3728693), (-0.50222063, -0.81467676, -0.2899592), (-0.556438, -0.76626974, -0.32125905), (-0.4921978, -0.76627016, -0.41300303), (-0.21975455, -0.7662704, -0.6037695), (-0.19836973, -0.81461793, -0.54502004), (-0.28997752, -0.8146472, -0.5022577), (-0.19836973, -0.81461793, -0.54502004), (-0.15638219, -0.88934505, -0.4296627), (-0.22863953, -0.8893222, -0.39601752), (-0.15638219, -0.88934505, -0.4296627), (-0.11558218, -0.9411669, -0.31756195), (-0.16897054, -0.94116694, -0.29266667), (-0.11558218, -0.9411669, -0.31756195), (-0.070619226, -0.97845, -0.19403222), (-0.10324192, -0.97845006, -0.17881984), (-0.070619226, -0.97845, -0.19403222), (-0.03039293, -0.99604386, -0.08350323), (-0.044431087, -0.996044, -0.07695622), (-7.715249e-7, -0.76627004, -0.64251864), (0.0000010789954, -0.81458896, -0.5800386), (-0.1007146, -0.81461823, -0.5711862), (0.0000010789954, -0.81458896, -0.5800386), (9.3807466e-7, -0.8893222, -0.45728117), (-0.079396926, -0.88934517, -0.45029026), (9.3807466e-7, -0.8893222, -0.45728117), (3.2410026e-7, -0.94116706, -0.33794153), (-0.05868285, -0.941167, -0.3328077), (3.2410026e-7, -0.94116706, -0.33794153), (0.0000021003652, -0.97844994, -0.20648383), (-0.035855655, -0.9784502, -0.20334598), (0.0000021003652, -0.97844994, -0.20648383), (7.812497e-8, -0.99604386, -0.08886277), (-0.015430423, -0.9960441, -0.08751109), (0.55643743, -0.7662697, -0.32126024), (0.5022582, -0.81464726, -0.2899768), (0.44427392, -0.8146472, -0.3727876), (0.5022582, -0.81464726, -0.2899768), (0.39601755, -0.8893224, -0.22863905), (0.3503324, -0.8892996, -0.2939618), (0.39601755, -0.8893224, -0.22863905), (0.29266718, -0.9411668, -0.16896962), (0.25887945, -0.9411669, -0.21722414), (0.29266718, -0.9411668, -0.16896962), (0.17881903, -0.97845006, -0.1032428), (0.1581759, -0.9784498, -0.1327255), (0.17881903, -0.97845006, -0.1032428), (0.07695726, -0.996044, -0.044429794), (0.068072684, -0.9960441, -0.057116933), (-0.06809618, -0.99604434, 0.057083935), (-0.1581864, -0.9784504, 0.13270919), (-0.17882173, -0.9784502, 0.10323772), (-0.1581864, -0.9784504, 0.13270919), (-0.25888205, -0.9411672, 0.21722004), (-0.29266685, -0.9411675, 0.16896681), (-0.25888205, -0.9411672, 0.21722004), (-0.35030004, -0.88932174, 0.29393303), (-0.3960178, -0.88932216, 0.22863927), (-0.35030004, -0.88932174, 0.29393303), (-0.4443357, -0.8145895, 0.3728403), (-0.50229305, -0.8146184, 0.28999734), (-0.4443357, -0.8145895, 0.3728403), (-0.4921967, -0.7662699, 0.4130046), (-0.55643713, -0.76627004, 0.32126), (0.5564374, -0.76627034, 0.32125866), (0.50229174, -0.8146184, 0.28999972), (0.5449801, -0.8146475, 0.19835865), (0.50229174, -0.8146184, 0.28999972), (0.39597735, -0.8893453, 0.22861923), (0.4296615, -0.88934475, 0.15638714), (0.39597735, -0.8893453, 0.22861923), (0.29266486, -0.9411673, 0.16897161), (0.31755936, -0.941167, 0.115588225), (0.29266486, -0.9411673, 0.16897161), (0.17881905, -0.97845024, 0.10324115), (0.19402434, -0.97845036, 0.07063584), (0.17881905, -0.97845024, 0.10324115), (0.07695742, -0.99604344, 0.044442642), (0.083484426, -0.99604434, 0.030432774), (0.60377, -0.76627, -0.21975455), (0.54498136, -0.8146475, -0.19835515), (0.5022582, -0.81464726, -0.2899768), (0.54498136, -0.8146475, -0.19835515), (0.4296627, -0.88934493, -0.1563825), (0.39601755, -0.8893224, -0.22863905), (0.4296627, -0.88934493, -0.1563825), (0.3175628, -0.9411667, -0.11558119), (0.29266718, -0.9411668, -0.16896962), (0.3175628, -0.9411667, -0.11558119), (0.19403085, -0.97845, -0.070622586), (0.17881903, -0.97845006, -0.1032428), (0.19403085, -0.97845, -0.070622586), (0.083502874, -0.996044, -0.030392606), (0.07695726, -0.996044, -0.044429794), (-0.015431462, -0.99604386, 0.087512925), (-0.03585788, -0.97845006, 0.20334607), (-0.070609465, -0.97844964, 0.19403751), (-0.03585788, -0.97845006, 0.20334607), (-0.05868464, -0.94116664, 0.3328084), (-0.115578644, -0.9411663, 0.31756493), (-0.05868464, -0.94116664, 0.3328084), (-0.07940067, -0.8893448, 0.45029032), (-0.15641494, -0.8892992, 0.42974567), (-0.07940067, -0.8893448, 0.45029032), (-0.10070998, -0.8146471, 0.5711459), (-0.1983569, -0.8146472, 0.5449811), (-0.10070998, -0.8146471, 0.5711459), (-0.111571245, -0.7662697, 0.63275796), (-0.2197527, -0.76626986, 0.6037709), (0.6327585, -0.76626915, 0.11157191), (0.57122624, -0.81458896, 0.10072494), (0.57999814, -0.8146179, 0.000001086278), (0.57122624, -0.81458896, 0.10072494), (0.45029017, -0.8893449, 0.07940042), (0.4572812, -0.88932216, 9.927943e-7), (0.45029017, -0.8893449, 0.07940042), (0.33280757, -0.9411669, 0.058684606), (0.3379421, -0.9411669, 7.951605e-7), (0.33280757, -0.9411669, 0.058684606), (0.20334646, -0.97845, 0.035855982), (0.20648378, -0.97845, 6.6183034e-8), (0.20334646, -0.97845, 0.035855982), (0.08751249, -0.996044, 0.015429952), (0.08886218, -0.996044, 2.2507069e-7), (0.32125884, -0.7662706, 0.5564371), (0.28997758, -0.814647, 0.5022582), (0.37278837, -0.81464666, 0.44427425), (0.28997758, -0.814647, 0.5022582), (0.22861831, -0.8893442, 0.39598036), (0.29396337, -0.88929904, 0.35033253), (0.22861831, -0.8893442, 0.39598036), (0.1689705, -0.9411662, 0.29266867), (0.21722786, -0.94116646, 0.2588777), (0.1689705, -0.9411662, 0.29266867), (0.10324233, -0.97844976, 0.17882076), (0.13273683, -0.97844964, 0.15816806), (0.10324233, -0.97844976, 0.17882076), (0.044426825, -0.9960443, 0.07695471), (0.0571542, -0.99604374, 0.068047285), (-0.07695949, -0.9960437, 0.044434547), (-0.17882173, -0.9784502, 0.10323772), (-0.19402395, -0.9784504, 0.07063583), (-0.17882173, -0.9784502, 0.10323772), (-0.29266685, -0.9411675, 0.16896681), (-0.31755948, -0.9411673, 0.11558572), (-0.29266685, -0.9411675, 0.16896681), (-0.3960178, -0.88932216, 0.22863927), (-0.42966166, -0.8893451, 0.15638459), (-0.3960178, -0.88932216, 0.22863927), (-0.50229305, -0.8146184, 0.28999734), (-0.5450582, -0.8145891, 0.19838431), (-0.50229305, -0.8146184, 0.28999734), (-0.55643713, -0.76627004, 0.32126), (-0.6037699, -0.76626986, 0.21975535), (0.49219668, -0.76627064, 0.4130033), (0.44430304, -0.814618, 0.37281665), (0.50229174, -0.8146184, 0.28999972), (0.44430304, -0.814618, 0.37281665), (0.35029796, -0.8893223, 0.29393438), (0.39597735, -0.8893453, 0.22861923), (0.35029796, -0.8893223, 0.29393438), (0.25888062, -0.94116724, 0.21722105), (0.29266486, -0.9411673, 0.16897161), (0.25888062, -0.94116724, 0.21722105), (0.15818334, -0.9784507, 0.13271092), (0.17881905, -0.97845024, 0.10324115), (0.15818334, -0.9784507, 0.13271092), (0.068102166, -0.9960442, 0.057079848), (0.07695742, -0.99604344, 0.044442642), (0.49219704, -0.76627, -0.41300398), (0.44427392, -0.8146472, -0.3727876), (0.3728169, -0.8146181, -0.44430268), (0.44427392, -0.8146472, -0.3727876), (0.3503324, -0.8892996, -0.2939618), (0.29393622, -0.88932234, -0.350296), (0.3503324, -0.8892996, -0.2939618), (0.25887945, -0.9411669, -0.21722414), (0.21722677, -0.94116694, -0.25887704), (0.25887945, -0.9411669, -0.21722414), (0.1581759, -0.9784498, -0.1327255), (0.13272657, -0.97845, -0.1581746), (0.1581759, -0.9784498, -0.1327255), (0.068072684, -0.9960441, -0.057116933), (0.05711946, -0.9960442, -0.068068184), (-0.11157323, -0.76627, -0.63275725), (-0.1007146, -0.81461823, -0.5711862), (-0.19836973, -0.81461793, -0.54502004), (-0.1007146, -0.81461823, -0.5711862), (-0.079396926, -0.88934517, -0.45029026), (-0.15638219, -0.88934505, -0.4296627), (-0.079396926, -0.88934517, -0.45029026), (-0.05868285, -0.941167, -0.3328077), (-0.11558218, -0.9411669, -0.31756195), (-0.05868285, -0.941167, -0.3328077), (-0.035855655, -0.9784502, -0.20334598), (-0.070619226, -0.97845, -0.19403222), (-0.035855655, -0.9784502, -0.20334598), (-0.015430423, -0.9960441, -0.08751109), (-0.03039293, -0.99604386, -0.08350323), (-0.08751219, -0.99604386, -0.015431549), (-0.20334627, -0.9784501, -0.035857007), (-0.19403581, -0.9784501, -0.07060792), (-0.20334627, -0.9784501, -0.035857007), (-0.3328083, -0.9411668, -0.058682445), (-0.31756133, -0.9411668, -0.11558416), (-0.3328083, -0.9411668, -0.058682445), (-0.45028996, -0.889345, -0.07940018), (-0.42970303, -0.8893223, -0.15640076), (-0.45028996, -0.889345, -0.07940018), (-0.5711859, -0.8146182, -0.10071725), (-0.5450961, -0.8145598, -0.19839956), (-0.5711859, -0.8146182, -0.10071725), (-0.632758, -0.7662695, -0.111571856), (-0.60377127, -0.7662693, -0.21975341), (-0.06807076, -0.99604386, -0.057121865), (-0.15817262, -0.97845, -0.13272873), (-0.13273683, -0.97845, -0.15816599), (-0.15817262, -0.97845, -0.13272873), (-0.2588746, -0.9411669, -0.21722978), (-0.21722461, -0.941167, -0.25887847), (-0.2588746, -0.9411669, -0.21722978), (-0.35029674, -0.88932216, -0.293936), (-0.29390547, -0.88934517, -0.3502639), (-0.35029674, -0.88932216, -0.293936), (-0.44436544, -0.8145598, -0.3728693), (-0.3727887, -0.81464726, -0.4442729), (-0.44436544, -0.8145598, -0.3728693), (-0.4921978, -0.76627016, -0.41300303), (-0.41300386, -0.76627016, -0.49219695), (0.3212586, -0.76626956, -0.55643857), (0.2900203, -0.8145887, -0.5023281), (0.19835792, -0.8146473, -0.5449805), (0.2900203, -0.8145887, -0.5023281), (0.22864154, -0.88932234, -0.39601624), (0.15641518, -0.8892993, -0.4297455), (0.22864154, -0.88932234, -0.39601624), (0.16897166, -0.9411668, -0.29266602), (0.11558364, -0.941167, -0.31756106), (0.16897166, -0.9411668, -0.29266602), (0.10324155, -0.97845, -0.17882036), (0.07062121, -0.9784501, -0.194031), (0.10324155, -0.97845, -0.17882036), (0.044429533, -0.996044, -0.076957956), (0.030393118, -0.9960438, -0.08350485), (0.64251894, -0.7662698, -8.012949e-7), (0.57999814, -0.8146179, 0.000001086278), (0.57114583, -0.8146473, -0.100708015), (0.57999814, -0.8146179, 0.000001086278), (0.4572812, -0.88932216, 9.927943e-7), (0.45029035, -0.889345, -0.079398334), (0.4572812, -0.88932216, 9.927943e-7), (0.3379421, -0.9411669, 7.951605e-7), (0.3328079, -0.9411669, -0.0586828), (0.3379421, -0.9411669, 7.951605e-7), (0.20648378, -0.97845, 6.6183034e-8), (0.20334648, -0.97845, -0.035856973), (0.20648378, -0.97845, 6.6183034e-8), (0.08886218, -0.996044, 2.2507069e-7), (0.08751174, -0.996044, -0.015431096), (6.095506e-7, -0.996044, 0.088861905), (-9.4715506e-7, -0.9784501, 0.20648374), (-0.03585788, -0.97845006, 0.20334607), (-9.4715506e-7, -0.9784501, 0.20648374), (-6.2724575e-7, -0.94116664, 0.3379428), (-0.05868464, -0.94116664, 0.3328084), (-6.2724575e-7, -0.94116664, 0.3379428), (-0.000001626322, -0.8893221, 0.4572813), (-0.07940067, -0.8893448, 0.45029032), (-0.000001626322, -0.8893221, 0.4572813), (-0.0000014188117, -0.81458855, 0.58003914), (-0.10070998, -0.8146471, 0.5711459), (-0.0000014188117, -0.81458855, 0.58003914), (9.985174e-7, -0.7662694, 0.6425194), (-0.111571245, -0.7662697, 0.63275796), (0.044426825, -0.9960443, 0.07695471), (0.10324233, -0.97844976, 0.17882076), (0.07060324, -0.97844964, 0.19403996), (0.10324233, -0.97844976, 0.17882076), (0.1689705, -0.9411662, 0.29266867), (0.11558, -0.94116646, 0.31756404), (0.1689705, -0.9411662, 0.29266867), (0.22861831, -0.8893442, 0.39598036), (0.15639517, -0.88932174, 0.42970613), (0.22861831, -0.8893442, 0.39598036), (0.28997758, -0.814647, 0.5022582), (0.1983553, -0.8146471, 0.54498196), (0.28997758, -0.814647, 0.5022582), (0.32125884, -0.7662706, 0.5564371), (0.21975347, -0.7662706, 0.6037697), (0.6037702, -0.76627, 0.21975417), (0.5449801, -0.8146475, 0.19835865), (0.57122624, -0.81458896, 0.10072494), (0.5449801, -0.8146475, 0.19835865), (0.4296615, -0.88934475, 0.15638714), (0.45029017, -0.8893449, 0.07940042), (0.4296615, -0.88934475, 0.15638714), (0.31755936, -0.941167, 0.115588225), (0.33280757, -0.9411669, 0.058684606), (0.31755936, -0.941167, 0.115588225), (0.19402434, -0.97845036, 0.07063584), (0.20334646, -0.97845, 0.035855982), (0.19402434, -0.97845036, 0.07063584), (0.083484426, -0.99604434, 0.030432774), (0.08751249, -0.996044, 0.015429952), (-0.044429198, -0.99604434, 0.07695281), (-0.10323946, -0.97844976, 0.17882293), (-0.13274045, -0.9784497, 0.1581647), (-0.10323946, -0.97844976, 0.17882293), (-0.16897081, -0.9411661, 0.29266927), (-0.21723169, -0.9411664, 0.25887507), (-0.16897081, -0.9411661, 0.29266927), (-0.22864182, -0.8893215, 0.39601797), (-0.29390934, -0.8893444, 0.35026252), (-0.22864182, -0.8893215, 0.39601797), (-0.29002032, -0.8145891, 0.5023274), (-0.37279016, -0.814647, 0.44427213), (-0.29002032, -0.8145891, 0.5023274), (-0.3212587, -0.7662706, 0.55643713), (-0.41300365, -0.76626915, 0.49219868), (-0.08751227, -0.99604386, 0.015430905), (-0.20334633, -0.9784501, 0.035855524), (-0.20648356, -0.97845, -0.000002155142), (-0.20334633, -0.9784501, 0.035855524), (-0.33280802, -0.9411668, 0.058684297), (-0.33794263, -0.94116676, -0.000003476098), (-0.33280802, -0.9411668, 0.058684297), (-0.45033368, -0.88932246, 0.07940525), (-0.4572807, -0.88932246, -0.0000012013534), (-0.45033368, -0.88932246, 0.07940525), (-0.57118654, -0.81461793, 0.10071489), (-0.5799568, -0.8146472, -0.0000015146214), (-0.57118654, -0.81461793, 0.10071489), (-0.6327576, -0.7662696, 0.11157359), (-0.64251906, -0.7662697, 7.504387e-7), (0.21975374, -0.7662702, -0.6037701), (0.19835792, -0.8146473, -0.5449805), (0.100716524, -0.81461823, -0.5711858), (0.19835792, -0.8146473, -0.5449805), (0.15641518, -0.8892993, -0.4297455), (0.07940737, -0.8893224, -0.45033345), (0.15641518, -0.8892993, -0.4297455), (0.11558364, -0.941167, -0.31756106), (0.05868332, -0.9411671, -0.3328073), (0.11558364, -0.941167, -0.31756106), (0.07062121, -0.9784501, -0.194031), (0.035855237, -0.9784501, -0.20334634), (0.07062121, -0.9784501, -0.194031), (0.030393118, -0.9960438, -0.08350485), (0.015431121, -0.996044, -0.08751197), (0.015431077, -0.99604386, 0.08751279), (0.035855353, -0.97845, 0.20334734), (-9.4715506e-7, -0.9784501, 0.20648374), (0.035855353, -0.97845, 0.20334734), (0.05868425, -0.9411666, 0.3328087), (-6.2724575e-7, -0.94116664, 0.3379428), (0.05868425, -0.9411666, 0.3328087), (0.07941332, -0.8892992, 0.45037812), (-0.000001626322, -0.8893221, 0.4572813), (0.07941332, -0.8892992, 0.45037812), (0.10070023, -0.81467605, 0.5711064), (-0.0000014188117, -0.81458855, 0.58003914), (0.10070023, -0.81467605, 0.5711064), (0.111572705, -0.76626986, 0.6327575), (9.985174e-7, -0.7662694, 0.6425194), (0.63275677, -0.76627034, -0.111573555), (0.57114583, -0.8146473, -0.100708015), (0.54498136, -0.8146475, -0.19835515), (0.57114583, -0.8146473, -0.100708015), (0.45029035, -0.889345, -0.079398334), (0.4296627, -0.88934493, -0.1563825), (0.45029035, -0.889345, -0.079398334), (0.3328079, -0.9411669, -0.0586828), (0.3175628, -0.9411667, -0.11558119), (0.3328079, -0.9411669, -0.0586828), (0.20334648, -0.97845, -0.035856973), (0.19403085, -0.97845, -0.070622586), (0.20334648, -0.97845, -0.035856973), (0.08751174, -0.996044, -0.015431096), (0.083502874, -0.996044, -0.030392606), (0.030361032, -0.9960436, 0.08351882), (0.07060324, -0.97844964, 0.19403996), (0.035855353, -0.97845, 0.20334734), (0.07060324, -0.97844964, 0.19403996), (0.11558, -0.94116646, 0.31756404), (0.05868425, -0.9411666, 0.3328087), (0.11558, -0.94116646, 0.31756404), (0.15639517, -0.88932174, 0.42970613), (0.07941332, -0.8892992, 0.45037812), (0.15639517, -0.88932174, 0.42970613), (0.1983553, -0.8146471, 0.54498196), (0.10070023, -0.81467605, 0.5711064), (0.1983553, -0.8146471, 0.54498196), (0.21975347, -0.7662706, 0.6037697), (0.111572705, -0.76626986, 0.6327575), (-0.030360064, -0.9960436, 0.08352003), (-0.070609465, -0.97844964, 0.19403751), (-0.10323946, -0.97844976, 0.17882293), (-0.070609465, -0.97844964, 0.19403751), (-0.115578644, -0.9411663, 0.31756493), (-0.16897081, -0.9411661, 0.29266927), (-0.115578644, -0.9411663, 0.31756493), (-0.15641494, -0.8892992, 0.42974567), (-0.22864182, -0.8893215, 0.39601797), (-0.15641494, -0.8892992, 0.42974567), (-0.1983569, -0.8146472, 0.5449811), (-0.29002032, -0.8145891, 0.5023274), (-0.1983569, -0.8146472, 0.5449811), (-0.2197527, -0.76626986, 0.6037709), (-0.3212587, -0.7662706, 0.55643713), (0.41300386, -0.7662699, 0.49219728), (0.37278837, -0.81464666, 0.44427425), (0.44430304, -0.814618, 0.37281665), (0.37278837, -0.81464666, 0.44427425), (0.29396337, -0.88929904, 0.35033253), (0.35029796, -0.8893223, 0.29393438), (0.29396337, -0.88929904, 0.35033253), (0.21722786, -0.94116646, 0.2588777), (0.25888062, -0.94116724, 0.21722105), (0.21722786, -0.94116646, 0.2588777), (0.13273683, -0.97844964, 0.15816806), (0.15818334, -0.9784507, 0.13271092), (0.13273683, -0.97844964, 0.15816806), (0.0571542, -0.99604374, 0.068047285), (0.068102166, -0.9960442, 0.057079848), (-0.05714923, -0.99604374, 0.06805021), (-0.13274045, -0.9784497, 0.1581647), (-0.1581864, -0.9784504, 0.13270919), (-0.13274045, -0.9784497, 0.1581647), (-0.21723169, -0.9411664, 0.25887507), (-0.25888205, -0.9411672, 0.21722004), (-0.21723169, -0.9411664, 0.25887507), (-0.29390934, -0.8893444, 0.35026252), (-0.35030004, -0.88932174, 0.29393303), (-0.29390934, -0.8893444, 0.35026252), (-0.37279016, -0.814647, 0.44427213), (-0.4443357, -0.8145895, 0.3728403), (-0.37279016, -0.814647, 0.44427213), (-0.41300365, -0.76626915, 0.49219868), (-0.4921967, -0.7662699, 0.4130046), (-0.08348772, -0.9960444, 0.0304232), (-0.19402395, -0.9784504, 0.07063583), (-0.20334633, -0.9784501, 0.035855524), (-0.19402395, -0.9784504, 0.07063583), (-0.31755948, -0.9411673, 0.11558572), (-0.33280802, -0.9411668, 0.058684297), (-0.31755948, -0.9411673, 0.11558572), (-0.42966166, -0.8893451, 0.15638459), (-0.45033368, -0.88932246, 0.07940525), (-0.42966166, -0.8893451, 0.15638459), (-0.5450582, -0.8145891, 0.19838431), (-0.57118654, -0.81461793, 0.10071489), (-0.5450582, -0.8145891, 0.19838431), (-0.6037699, -0.76626986, 0.21975535), (-0.6327576, -0.7662696, 0.11157359), (-0.08886254, -0.99604386, -0.0000013939571), (-0.20648356, -0.97845, -0.000002155142), (-0.20334627, -0.9784501, -0.035857007), (-0.20648356, -0.97845, -0.000002155142), (-0.33794263, -0.94116676, -0.000003476098), (-0.3328083, -0.9411668, -0.058682445), (-0.33794263, -0.94116676, -0.000003476098), (-0.4572807, -0.88932246, -0.0000012013534), (-0.45028996, -0.889345, -0.07940018), (-0.4572807, -0.88932246, -0.0000012013534), (-0.5799568, -0.8146472, -0.0000015146214), (-0.5711859, -0.8146182, -0.10071725), (-0.5799568, -0.8146472, -0.0000015146214), (-0.64251906, -0.7662697, 7.504387e-7), (-0.632758, -0.7662695, -0.111571856), (0.4130032, -0.76626974, -0.4921981), (0.3728169, -0.8146181, -0.44430268), (0.2900203, -0.8145887, -0.5023281), (0.3728169, -0.8146181, -0.44430268), (0.29393622, -0.88932234, -0.350296), (0.22864154, -0.88932234, -0.39601624), (0.29393622, -0.88932234, -0.350296), (0.21722677, -0.94116694, -0.25887704), (0.16897166, -0.9411668, -0.29266602), (0.21722677, -0.94116694, -0.25887704), (0.13272657, -0.97845, -0.1581746), (0.10324155, -0.97845, -0.17882036), (0.13272657, -0.97845, -0.1581746), (0.05711946, -0.9960442, -0.068068184), (0.044429533, -0.996044, -0.076957956), (0.1115712, -0.7662698, -0.6327578), (0.100716524, -0.81461823, -0.5711858), (0.0000010789954, -0.81458896, -0.5800386), (0.100716524, -0.81461823, -0.5711858), (0.07940737, -0.8893224, -0.45033345), (9.3807466e-7, -0.8893222, -0.45728117), (0.07940737, -0.8893224, -0.45033345), (0.05868332, -0.9411671, -0.3328073), (3.2410026e-7, -0.94116706, -0.33794153), (0.05868332, -0.9411671, -0.3328073), (0.035855237, -0.9784501, -0.20334634), (0.0000021003652, -0.97844994, -0.20648383), (0.035855237, -0.9784501, -0.20334634), (0.015431121, -0.996044, -0.08751197), (7.812497e-8, -0.99604386, -0.08886277), (-0.05712103, -0.996044, -0.068070404), (-0.13273683, -0.97845, -0.15816599), (-0.10324192, -0.97845006, -0.17881984), (-0.13273683, -0.97845, -0.15816599), (-0.21722461, -0.941167, -0.25887847), (-0.16897054, -0.94116694, -0.29266667), (-0.21722461, -0.941167, -0.25887847), (-0.29390547, -0.88934517, -0.3502639), (-0.22863953, -0.8893222, -0.39601752), (-0.29390547, -0.88934517, -0.3502639), (-0.3727887, -0.81464726, -0.4442729), (-0.28997752, -0.8146472, -0.5022577), (-0.3727887, -0.81464726, -0.4442729), (-0.41300386, -0.76627016, -0.49219695), (-0.32125995, -0.76627004, -0.5564372), (-0.08350237, -0.99604404, -0.030393464), (-0.19403581, -0.9784501, -0.07060792), (-0.17881899, -0.97845, -0.103243805), (-0.19403581, -0.9784501, -0.07060792), (-0.31756133, -0.9411668, -0.11558416), (-0.29266632, -0.9411668, -0.1689716), (-0.31756133, -0.9411668, -0.11558416), (-0.42970303, -0.8893223, -0.15640076), (-0.3960158, -0.8893224, -0.22864215), (-0.42970303, -0.8893223, -0.15640076), (-0.5450961, -0.8145598, -0.19839956), (-0.50222063, -0.81467676, -0.2899592), (-0.5450961, -0.8145598, -0.19839956), (-0.60377127, -0.7662693, -0.21975341), (-0.556438, -0.76626974, -0.32125905), (-0.0069795838, -0.99997246, -0.0025418904), (-0.0064729857, -0.999972, -0.0037403142), (-0.005692972, -0.9999724, -0.004783913), (-0.005692972, -0.9999724, -0.004783913), (-0.0047848453, -0.9999723, -0.005706087), (-0.0037188558, -0.9999724, -0.0064429515), (-0.0037188558, -0.9999724, -0.0064429515), (-0.0025464967, -0.9999722, -0.0070004286), (-0.0012926455, -0.9999723, -0.0073318277), (-0.0012926455, -0.9999723, -0.0073318277), (-6.046903e-7, -0.9999718, -0.007503437), (0.0012935039, -0.99997216, -0.007338772), (0.0012935039, -0.99997216, -0.007338772), (0.002549169, -0.99997216, -0.0070083393), (0.003740712, -0.99997205, -0.0064848275), (0.003740712, -0.99997205, -0.0064848275), (0.0047718687, -0.9999724, -0.0056887656), (0.0012935039, -0.99997216, -0.007338772), (0.0047718687, -0.9999724, -0.0056887656), (0.0057302653, -0.999972, -0.004813184), (0.0012935039, -0.99997216, -0.007338772), (0.0057302653, -0.999972, -0.004813184), (0.00647311, -0.999972, -0.0037417342), (0.0069742845, -0.99997246, -0.002538526), (0.0069742845, -0.99997246, -0.002538526), (0.007408735, -0.99997175, -0.0013079867), (0.0057302653, -0.999972, -0.004813184), (0.007408735, -0.99997175, -0.0013079867), (0.007474091, -0.99997205, -0.0000030916417), (0.0057302653, -0.999972, -0.004813184), (0.007474091, -0.99997205, -0.0000030916417), (0.007324323, -0.99997234, 0.0012900997), (0.006983697, -0.9999722, 0.0026015441), (0.006983697, -0.9999722, 0.0026015441), (0.0064426675, -0.9999723, 0.0037179852), (0.0057721054, -0.999972, 0.00476551), (0.0057721054, -0.999972, 0.00476551), (0.00484471, -0.99997205, 0.005686646), (0.0013125949, -0.9999714, 0.0074388636), (0.00484471, -0.99997205, 0.005686646), (0.0037185107, -0.9999724, 0.0064399447), (0.0013125949, -0.9999714, 0.0074388636), (0.0037185107, -0.9999724, 0.0064399447), (0.0024861272, -0.99997246, 0.0069995765), (0.0013125949, -0.9999714, 0.0074388636), (0.0013125949, -0.9999714, 0.0074388636), (2.3772009e-7, -0.9999722, 0.007449807), (-0.0012939614, -0.9999723, 0.007333893), (-0.0012939614, -0.9999723, 0.007333893), (-0.002492906, -0.99997216, 0.0070238486), (0.0013125949, -0.9999714, 0.0074388636), (-0.002492906, -0.99997216, 0.0070238486), (-0.0037378096, -0.9999721, 0.0064721787), (0.0013125949, -0.9999714, 0.0074388636), (-0.0037378096, -0.9999721, 0.0064721787), (-0.004823755, -0.99997234, 0.0056597413), (-0.00706892, -0.9999715, 0.0026344983), (-0.004823755, -0.99997234, 0.0056597413), (-0.0057347585, -0.9999723, 0.0047356198), (-0.00706892, -0.9999715, 0.0026344983), (-0.0057347585, -0.9999723, 0.0047356198), (-0.0064617996, -0.99997216, 0.0037308065), (-0.00706892, -0.9999715, 0.0026344983), (-0.00706892, -0.9999715, 0.0026344983), (-0.0073144776, -0.99997234, 0.0012865837), (-0.007382065, -0.9999727, -0.0000045297493), (-0.007382065, -0.9999727, -0.0000045297493), (-0.0072691995, -0.9999729, -0.0012828171), (-0.00706892, -0.9999715, 0.0026344983), (-0.0072691995, -0.9999729, -0.0012828171), (-0.0069795838, -0.99997246, -0.0025418904), (-0.00706892, -0.9999715, 0.0026344983), (-0.0069795838, -0.99997246, -0.0025418904), (-0.005692972, -0.9999724, -0.004783913), (-0.0037188558, -0.9999724, -0.0064429515), (-0.0037188558, -0.9999724, -0.0064429515), (-0.0012926455, -0.9999723, -0.0073318277), (-0.0069795838, -0.99997246, -0.0025418904), (-0.0012926455, -0.9999723, -0.0073318277), (0.0012935039, -0.99997216, -0.007338772), (-0.0069795838, -0.99997246, -0.0025418904), (0.007474091, -0.99997205, -0.0000030916417), (0.006983697, -0.9999722, 0.0026015441), (0.0013125949, -0.9999714, 0.0074388636), (0.006983697, -0.9999722, 0.0026015441), (0.0057721054, -0.999972, 0.00476551), (0.0013125949, -0.9999714, 0.0074388636), (0.0012935039, -0.99997216, -0.007338772), (0.0057302653, -0.999972, -0.004813184), (0.007474091, -0.99997205, -0.0000030916417), (0.0013125949, -0.9999714, 0.0074388636), (-0.0037378096, -0.9999721, 0.0064721787), (0.0012935039, -0.99997216, -0.007338772), (-0.0037378096, -0.9999721, 0.0064721787), (-0.00706892, -0.9999715, 0.0026344983), (0.0012935039, -0.99997216, -0.007338772), (-0.00706892, -0.9999715, 0.0026344983), (-0.0069795838, -0.99997246, -0.0025418904), (0.0012935039, -0.99997216, -0.007338772), (-0.0322656, -0.9993056, -0.01863037), (-0.07695529, -0.996044, -0.04443313), (-0.06807076, -0.99604386, -0.057121865), (-0.018629162, -0.99930567, -0.03226626), (-0.044431087, -0.996044, -0.07695622), (-0.03039293, -0.99604386, -0.08350323), (-0.0064618597, -0.99930745, -0.036643505), (-0.015430423, -0.9960441, -0.08751109), (7.812497e-8, -0.99604386, -0.08886277), (0.028502958, -0.99930745, -0.023918899), (0.068072684, -0.9960441, -0.057116933), (0.07695726, -0.996044, -0.044429794), (-0.028601443, -0.999306, 0.02386015), (-0.06809618, -0.99604434, 0.057083935), (-0.07695949, -0.9960437, 0.044434547), (0.034965694, -0.99930596, 0.01284283), (0.083484426, -0.99604434, 0.030432774), (0.07695742, -0.99604344, 0.044442642), (0.032225013, -0.99930745, -0.01860664), (0.07695726, -0.996044, -0.044429794), (0.083502874, -0.996044, -0.030392606), (-0.0064611463, -0.9993076, 0.03664163), (-0.015431462, -0.99604386, 0.087512925), (-0.030360064, -0.9960436, 0.08352003), (0.037256055, -0.9993058, -9.2491973e-7), (0.08886218, -0.996044, 2.2507069e-7), (0.08751249, -0.996044, 0.015429952), (0.024002958, -0.99930716, 0.028442921), (0.0571542, -0.99604374, 0.068047285), (0.044426825, -0.9960443, 0.07695471), (-0.032234047, -0.9993069, 0.018614879), (-0.07695949, -0.9960437, 0.044434547), (-0.08348772, -0.9960444, 0.0304232), (0.032238103, -0.99930686, 0.018614845), (0.07695742, -0.99604344, 0.044442642), (0.068102166, -0.9960442, 0.057079848), (0.023918575, -0.9993075, -0.028504035), (0.05711946, -0.9960442, -0.068068184), (0.068072684, -0.9960441, -0.057116933), (-0.012742778, -0.99930567, -0.035011373), (-0.03039293, -0.99604386, -0.08350323), (-0.015430423, -0.9960441, -0.08751109), (-0.03664228, -0.9993076, -0.0064595207), (-0.08751219, -0.99604386, -0.015431549), (-0.08350237, -0.99604404, -0.030393464), (-0.028466046, -0.99930924, -0.02389148), (-0.06807076, -0.99604386, -0.057121865), (-0.05712103, -0.996044, -0.068070404), (0.012725834, -0.9993076, -0.03496287), (0.030393118, -0.9960438, -0.08350485), (0.044429533, -0.996044, -0.076957956), (0.036642943, -0.9993076, -0.0064594448), (0.08751174, -0.996044, -0.015431096), (0.08886218, -0.996044, 2.2507069e-7), (-2.6682392e-7, -0.99930567, 0.03725533), (6.095506e-7, -0.996044, 0.088861905), (-0.015431462, -0.99604386, 0.087512925), (0.018595122, -0.99930793, 0.03221274), (0.044426825, -0.9960443, 0.07695471), (0.030361032, -0.9960436, 0.08351882), (0.03664251, -0.9993076, 0.0064610466), (0.08751249, -0.996044, 0.015429952), (0.083484426, -0.99604434, 0.030432774), (-0.018620364, -0.9993063, 0.03225097), (-0.044429198, -0.99604434, 0.07695281), (-0.05714923, -0.99604374, 0.06805021), (-0.03668973, -0.9993057, 0.0064673363), (-0.08751227, -0.99604386, 0.015430905), (-0.08886254, -0.99604386, -0.0000013939571), (0.006460854, -0.9993077, -0.03664111), (0.015431121, -0.996044, -0.08751197), (0.030393118, -0.9960438, -0.08350485), (0.0064615537, -0.99930745, 0.036643326), (0.015431077, -0.99604386, 0.08751279), (6.095506e-7, -0.996044, 0.088861905), (0.03496609, -0.99930745, -0.012724463), (0.083502874, -0.996044, -0.030392606), (0.08751174, -0.996044, -0.015431096), (0.012649318, -0.9993072, 0.034999575), (0.030361032, -0.9960436, 0.08351882), (0.015431077, -0.99604386, 0.08751279), (-0.012664163, -0.99930567, 0.03504148), (-0.030360064, -0.9960436, 0.08352003), (-0.044429198, -0.99604434, 0.07695281), (0.028552407, -0.99930775, 0.023851018), (0.068102166, -0.9960442, 0.057079848), (0.0571542, -0.99604374, 0.068047285), (-0.02401264, -0.9993055, 0.028492266), (-0.05714923, -0.99604374, 0.06805021), (-0.06809618, -0.99604434, 0.057083935), (-0.034973048, -0.9993061, 0.012816595), (-0.08348772, -0.9960444, 0.0304232), (-0.08751227, -0.99604386, 0.015430905), (-0.037255652, -0.9993057, -0.0000034080585), (-0.08886254, -0.99604386, -0.0000013939571), (-0.08751219, -0.99604386, -0.015431549), (0.018627794, -0.99930567, -0.032269064), (0.044429533, -0.996044, -0.076957956), (0.05711946, -0.9960442, -0.068068184), (6.588525e-7, -0.9993075, -0.037208658), (7.812497e-8, -0.99604386, -0.08886277), (0.015431121, -0.996044, -0.08751197), (-0.023916358, -0.9993075, -0.028504647), (-0.05712103, -0.996044, -0.068070404), (-0.044431087, -0.996044, -0.07695622), (-0.0349639, -0.9993076, -0.01272594), (-0.08350237, -0.99604404, -0.030393464), (-0.07695529, -0.996044, -0.04443313), (-0.0064729857, -0.999972, -0.0037403142), (-0.0322656, -0.9993056, -0.01863037), (-0.028466046, -0.99930924, -0.02389148), (-0.0037188558, -0.9999724, -0.0064429515), (-0.018629162, -0.99930567, -0.03226626), (-0.012742778, -0.99930567, -0.035011373), (-0.0012926455, -0.9999723, -0.0073318277), (-0.0064618597, -0.99930745, -0.036643505), (6.588525e-7, -0.9993075, -0.037208658), (0.0057302653, -0.999972, -0.004813184), (0.028502958, -0.99930745, -0.023918899), (0.032225013, -0.99930745, -0.01860664), (-0.0057347585, -0.9999723, 0.0047356198), (-0.028601443, -0.999306, 0.02386015), (-0.032234047, -0.9993069, 0.018614879), (0.006983697, -0.9999722, 0.0026015441), (0.034965694, -0.99930596, 0.01284283), (0.032238103, -0.99930686, 0.018614845), (0.00647311, -0.999972, -0.0037417342), (0.032225013, -0.99930745, -0.01860664), (0.03496609, -0.99930745, -0.012724463), (-0.0012939614, -0.9999723, 0.007333893), (-0.0064611463, -0.9993076, 0.03664163), (-0.012664163, -0.99930567, 0.03504148), (0.007474091, -0.99997205, -0.0000030916417), (0.037256055, -0.9993058, -9.2491973e-7), (0.03664251, -0.9993076, 0.0064610466), (0.00484471, -0.99997205, 0.005686646), (0.024002958, -0.99930716, 0.028442921), (0.018595122, -0.99930793, 0.03221274), (-0.0064617996, -0.99997216, 0.0037308065), (-0.032234047, -0.9993069, 0.018614879), (-0.034973048, -0.9993061, 0.012816595), (0.0064426675, -0.9999723, 0.0037179852), (0.032238103, -0.99930686, 0.018614845), (0.028552407, -0.99930775, 0.023851018), (0.0047718687, -0.9999724, -0.0056887656), (0.023918575, -0.9993075, -0.028504035), (0.028502958, -0.99930745, -0.023918899), (-0.0025464967, -0.9999722, -0.0070004286), (-0.012742778, -0.99930567, -0.035011373), (-0.0064618597, -0.99930745, -0.036643505), (-0.0072691995, -0.9999729, -0.0012828171), (-0.03664228, -0.9993076, -0.0064595207), (-0.0349639, -0.9993076, -0.01272594), (-0.005692972, -0.9999724, -0.004783913), (-0.028466046, -0.99930924, -0.02389148), (-0.023916358, -0.9993075, -0.028504647), (0.002549169, -0.99997216, -0.0070083393), (0.012725834, -0.9993076, -0.03496287), (0.018627794, -0.99930567, -0.032269064), (0.007408735, -0.99997175, -0.0013079867), (0.036642943, -0.9993076, -0.0064594448), (0.037256055, -0.9993058, -9.2491973e-7), (2.3772009e-7, -0.9999722, 0.007449807), (-2.6682392e-7, -0.99930567, 0.03725533), (-0.0064611463, -0.9993076, 0.03664163), (0.0037185107, -0.9999724, 0.0064399447), (0.018595122, -0.99930793, 0.03221274), (0.012649318, -0.9993072, 0.034999575), (0.007324323, -0.99997234, 0.0012900997), (0.03664251, -0.9993076, 0.0064610466), (0.034965694, -0.99930596, 0.01284283), (-0.0037378096, -0.9999721, 0.0064721787), (-0.018620364, -0.9993063, 0.03225097), (-0.02401264, -0.9993055, 0.028492266), (-0.0073144776, -0.99997234, 0.0012865837), (-0.03668973, -0.9993057, 0.0064673363), (-0.037255652, -0.9993057, -0.0000034080585), (0.0012935039, -0.99997216, -0.007338772), (0.006460854, -0.9993077, -0.03664111), (0.012725834, -0.9993076, -0.03496287), (0.0013125949, -0.9999714, 0.0074388636), (0.0064615537, -0.99930745, 0.036643326), (-2.6682392e-7, -0.99930567, 0.03725533), (0.0069742845, -0.99997246, -0.002538526), (0.03496609, -0.99930745, -0.012724463), (0.036642943, -0.9993076, -0.0064594448), (0.0024861272, -0.99997246, 0.0069995765), (0.012649318, -0.9993072, 0.034999575), (0.0064615537, -0.99930745, 0.036643326), (-0.002492906, -0.99997216, 0.0070238486), (-0.012664163, -0.99930567, 0.03504148), (-0.018620364, -0.9993063, 0.03225097), (0.0057721054, -0.999972, 0.00476551), (0.028552407, -0.99930775, 0.023851018), (0.024002958, -0.99930716, 0.028442921), (-0.004823755, -0.99997234, 0.0056597413), (-0.02401264, -0.9993055, 0.028492266), (-0.028601443, -0.999306, 0.02386015), (-0.00706892, -0.9999715, 0.0026344983), (-0.034973048, -0.9993061, 0.012816595), (-0.03668973, -0.9993057, 0.0064673363), (-0.007382065, -0.9999727, -0.0000045297493), (-0.037255652, -0.9993057, -0.0000034080585), (-0.03664228, -0.9993076, -0.0064595207), (0.003740712, -0.99997205, -0.0064848275), (0.018627794, -0.99930567, -0.032269064), (0.023918575, -0.9993075, -0.028504035), (-6.046903e-7, -0.9999718, -0.007503437), (6.588525e-7, -0.9993075, -0.037208658), (0.006460854, -0.9993077, -0.03664111), (-0.0047848453, -0.9999723, -0.005706087), (-0.023916358, -0.9993075, -0.028504647), (-0.018629162, -0.99930567, -0.03226626), (-0.0069795838, -0.99997246, -0.0025418904), (-0.0349639, -0.9993076, -0.01272594), (-0.0322656, -0.9993056, -0.01863037), (-0.9886246, -0.15038458, 0.002441857), (-0.9886273, -0.1503859, -0.000019116058), (-1, 1.4834353e-7, 2.3882418e-8), (-0.4053507, -0.9141612, 1.3543408e-7), (-0.40534434, -0.91416377, -0.00076016784), (0.2900427, -0.9570134, 0.000750646), (0.0000010662479, -0.91421884, -0.40522075), (-0.007379204, -0.9141824, -0.40523592), (0.0050666183, -0.95700914, 0.2900135), (-1.6900034e-7, 3.6679324e-8, 1), (-0.0001024098, -0.15033264, 0.9886354), (0.017490188, -0.15033351, 0.9884806), (-0.017691221, 1.2845682e-7, 0.99984354), (-0.017451126, -0.15031898, 0.9884835), (-0.0001024098, -0.15033264, 0.9886354), (1, -1.2859303e-7, 4.678242e-10), (0.9886387, -0.15031126, 0.000014675345), (0.9886406, -0.15027769, 0.0025594898), (-1, 1.4834353e-7, 2.3882418e-8), (-0.9886273, -0.1503859, -0.000019116058), (-0.9886244, -0.15038398, -0.0025594276), (-0.000008895062, -0.9999117, 0.013288999), (0, -1, 9.570183e-8), (-5.4276896e-8, -1, 7.0661616e-7), (-0.012935572, -0.9998329, 0.012916079), (0, -1, 3.4692528e-7), (0, -1, 9.570183e-8), (0.01292351, -0.99983305, 0.0129174795), (-5.4276896e-8, -1, 7.0661616e-7), (2.0395727e-7, -1, -3.475496e-7), (-0.01296141, -0.99983233, 0.012925552), (-1.6518972e-7, -1, 0.0000017230217), (0, -1, 3.4692528e-7), (0.012919401, -0.999833, 0.0129199), (2.0395727e-7, -1, -3.475496e-7), (8.511627e-8, -1, 0.0000019163133), (-0.012948867, -0.9998323, 0.012945693), (-5.226828e-8, -1, 1.0767384e-7), (-1.6518972e-7, -1, 0.0000017230217), (0.012919897, -0.9998329, 0.01293148), (-1.0669879e-7, -1, 2.919827e-7), (-6.0132564e-8, -1, 3.6296157e-7), (0.012934114, -0.9998327, 0.012935135), (0, -1, -9.856836e-8), (-1.0669879e-7, -1, 2.919827e-7), (0.012911284, -0.9998332, 0.012916278), (-0.000008805984, -1, 0.0001233103), (0, -1, -9.856836e-8), (0.012918875, -0.99983305, 0.012919616), (-0.000016711041, -0.99999994, 0.000137628), (-0.000008805984, -1, 0.0001233103), (0.012922548, -0.99983305, 0.012915269), (8.511627e-8, -1, 0.0000019163133), (-0.000016711041, -0.99999994, 0.000137628), (-0.01293124, -0.99983275, 0.012930848), (0, -1, 0.0000012104888), (-5.226828e-8, -1, 1.0767384e-7), (-0.012940437, -0.9998326, 0.012942146), (0, -1, -2.892069e-7), (0, -1, 0.0000012104888), (-0.01293618, -0.99983275, 0.0129358675), (0, -1, 6.845314e-7), (0, -1, -2.892069e-7), (-0.012932481, -0.99983263, 0.012943437), (9.82534e-8, -1, -3.7819407e-7), (0, -1, 6.845314e-7), (-0.012944565, -0.9998326, 0.012930714), (5.8361227e-8, -1, 3.3721832e-7), (9.82534e-8, -1, -3.7819407e-7), (0.012937, -0.9998329, 0.012913366), (-6.0132564e-8, -1, 3.6296157e-7), (0, -1, -8.081885e-8), (-0.013300523, -0.99991167, -0.000024151057), (0, -1, 8.0819454e-8), (5.8361227e-8, -1, 3.3721832e-7), (0.013277172, -0.9999119, 0.0000128399115), (0, -1, -8.081885e-8), (8.754291e-8, -1, -4.6273065e-9), (-0.0129355695, -0.9998323, -0.012960913), (-9.019855e-8, -1, 5.003645e-7), (0, -1, 8.0819454e-8), (0.012946736, -0.99983287, -0.012901576), (8.754291e-8, -1, -4.6273065e-9), (1.473814e-7, -1, 8.0829227e-7), (0.012950698, -0.99983287, -0.012900686), (1.473814e-7, -1, 8.0829227e-7), (0, -1, 2.4937404e-7), (0.012933611, -0.99983346, -0.01287632), (0, -1, 2.4937404e-7), (0, -1, 4.9100095e-7), (0.012965435, -0.9998325, -0.012918098), (0, -1, 4.9100095e-7), (0, -1, -0.0000016098161), (0.012954368, -0.9998328, -0.012904845), (0, -1, -0.0000016098161), (-1.0453689e-7, -1, 0.0000015102356), (0.012931295, -0.99983335, -0.012886744), (-1.0453689e-7, -1, 0.0000015102356), (-3.303765e-7, -1, 0.000001530121), (0.012924045, -0.9998331, -0.0129108885), (-3.303765e-7, -1, 0.000001530121), (0, -1, 0.0000011203834), (0.01294584, -0.9998327, -0.012918269), (0, -1, 0.0000011203834), (0, -1, 3.89099e-8), (-6.2573235e-7, -0.9999116, -0.013299126), (0, -1, 3.89099e-8), (-1.08553785e-7, -1, -2.0544374e-7), (-0.012927392, -0.9998322, -0.012975213), (1.7023356e-7, -1, -4.1186848e-8), (-3.7609443e-8, -1, 3.890691e-7), (-0.012918755, -0.9998324, -0.012967956), (4.0791164e-7, -1, 0.0000014227749), (1.7023356e-7, -1, -4.1186848e-8), (-0.012915434, -0.9998324, -0.012980036), (-1.08553785e-7, -1, -2.0544374e-7), (4.0791164e-7, -1, 0.0000014227749), (-0.012915703, -0.9998324, -0.012976903), (-1.6005073e-7, -1, 5.4905587e-7), (-9.019855e-8, -1, 5.003645e-7), (-0.012909817, -0.9998328, -0.012954446), (0, -1, -1.8905811e-7), (-1.6005073e-7, -1, 5.4905587e-7), (-0.012914089, -0.9998326, -0.01296575), (0, -1, 1.6160936e-7), (0, -1, -1.8905811e-7), (-0.012907497, -0.99983275, -0.012957014), (-3.7609443e-8, -1, 3.890691e-7), (0, -1, 1.6160936e-7), (-0.28989834, -0.9570572, 0.0007572621), (0.4050922, -0.9142755, -0.00076355785), (0.40508568, -0.9142788, -4.0128361e-7), (-0.0050562173, -0.95701885, 0.28998142), (0.007387288, -0.9142004, -0.40519497), (0.0000010662479, -0.91421884, -0.40522075), (0.98864067, -0.15027913, -0.0024419092), (0.29003912, -0.95701444, -0.0007651597), (0.29009557, -0.95699775, -0.000009660551), (-0.0001024098, -0.15033264, 0.9886354), (-0.000059447942, -0.9570311, 0.2899854), (0.0050666183, -0.95700914, 0.2900135), (0.29009557, -0.95699775, -0.000009660551), (0.2900427, -0.9570134, 0.000750646), (0.9886406, -0.15027769, 0.0025594898), (0.013461963, -0.64298433, -0.7657611), (0.005108878, -0.9570176, -0.28998497), (-0.0000049886294, -0.95702934, -0.28999108), (-0.28986993, -0.95706606, 1.6756363e-7), (-0.28989792, -0.95705736, -0.0007419586), (-0.9886244, -0.15038398, -0.0025594276), (-0.017451126, -0.15031898, 0.9884835), (-0.0050562173, -0.95701885, 0.28998142), (-0.000059447942, -0.9570311, 0.2899854), (-0.9886246, -0.15038458, 0.002441857), (-0.28989834, -0.9570572, 0.0007572621), (-0.28986993, -0.95706606, 1.6756363e-7), (0.00013535813, -0.64297485, -0.76588726), (-0.0000049886294, -0.95702934, -0.28999108), (-0.005014509, -0.9570252, -0.2899615), (0.000032098687, -0.9142042, 0.40525386), (-0.000100173056, -0.28677574, 0.9579978), (0.017000098, -0.286705, 0.9578681), (0.9579644, -0.28688106, -0.0018373801), (0.9579818, -0.2868289, -0.000001247503), (0.40508568, -0.9142788, -4.0128361e-7), (0.007387288, -0.9142004, -0.40519497), (0.016948195, -0.28672472, -0.9578631), (0.0000032670796, -0.28677827, -0.957997), (0.40508568, -0.9142788, -4.0128361e-7), (0.9579818, -0.2868289, -0.000001247503), (0.95796293, -0.28688392, 0.0021495223), (-0.007416755, -0.9142187, 0.4051531), (-0.017072147, -0.28683114, 0.957829), (-0.000100173056, -0.28677574, 0.9579978), (-0.4053507, -0.9141612, 1.3543408e-7), (-0.9580012, -0.28676406, -0.000005064532), (-0.95799285, -0.2867838, -0.0021489896), (0.0000010662479, -0.91421884, -0.40522075), (0.0000032670796, -0.28677827, -0.957997), (-0.017121322, -0.28681102, -0.9578341), (-0.95800745, -0.2867371, 0.0018365936), (-0.9580012, -0.28676406, -0.000005064532), (-0.4053507, -0.9141612, 1.3543408e-7), (-0.01362378, -0.9998144, 0.013622582), (-0.01362003, -0.9999072, -0.000021519954), (-0.012932481, -0.99983263, 0.012943437), (-0.01362003, -0.9999072, -0.000021519954), (-0.013300523, -0.99991167, -0.000024151057), (-0.012944565, -0.9998326, 0.012930714), (-0.01362003, -0.9999072, -0.000021519954), (-0.012944565, -0.9998326, 0.012930714), (-0.012932481, -0.99983263, 0.012943437), (-0.000008895062, -0.9999117, 0.013288999), (-0.000010089076, -0.99990684, 0.013651434), (-0.012935572, -0.9998329, 0.012916079), (-0.000010089076, -0.99990684, 0.013651434), (-0.01362378, -0.9998144, 0.013622582), (-0.01296141, -0.99983233, 0.012925552), (-0.012935572, -0.9998329, 0.012916079), (-0.000010089076, -0.99990684, 0.013651434), (-0.01296141, -0.99983233, 0.012925552), (-0.01362378, -0.9998144, 0.013622582), (-0.012932481, -0.99983263, 0.012943437), (-0.01293618, -0.99983275, 0.0129358675), (-0.012948867, -0.9998323, 0.012945693), (-0.01296141, -0.99983233, 0.012925552), (-0.01362378, -0.9998144, 0.013622582), (-0.01362378, -0.9998144, 0.013622582), (-0.01293618, -0.99983275, 0.0129358675), (-0.012940437, -0.9998326, 0.012942146), (-0.01293124, -0.99983275, 0.012930848), (-0.012948867, -0.9998323, 0.012945693), (-0.01362378, -0.9998144, 0.013622582), (-0.013630397, -0.9998135, -0.013682966), (0.000034420227, -0.99990696, -0.013636984), (-0.012918755, -0.9998324, -0.012967956), (0.000034420227, -0.99990696, -0.013636984), (-6.2573235e-7, -0.9999116, -0.013299126), (-0.012915434, -0.9998324, -0.012980036), (0.000034420227, -0.99990696, -0.013636984), (-0.012915434, -0.9998324, -0.012980036), (-0.012918755, -0.9998324, -0.012967956), (-0.013300523, -0.99991167, -0.000024151057), (-0.01362003, -0.9999072, -0.000021519954), (-0.0129355695, -0.9998323, -0.012960913), (-0.01362003, -0.9999072, -0.000021519954), (-0.013630397, -0.9998135, -0.013682966), (-0.012915703, -0.9998324, -0.012976903), (-0.0129355695, -0.9998323, -0.012960913), (-0.01362003, -0.9999072, -0.000021519954), (-0.012915703, -0.9998324, -0.012976903), (-0.013630397, -0.9998135, -0.013682966), (-0.012918755, -0.9998324, -0.012967956), (-0.012927392, -0.9998322, -0.012975213), (-0.012909817, -0.9998328, -0.012954446), (-0.012915703, -0.9998324, -0.012976903), (-0.013630397, -0.9998135, -0.013682966), (-0.013630397, -0.9998135, -0.013682966), (-0.012927392, -0.9998322, -0.012975213), (-0.012907497, -0.99983275, -0.012957014), (-0.012914089, -0.9998326, -0.01296575), (-0.012909817, -0.9998328, -0.012954446), (-0.013630397, -0.9998135, -0.013682966), (0.01294584, -0.9998327, -0.012918269), (-6.2573235e-7, -0.9999116, -0.013299126), (0.000034420227, -0.99990696, -0.013636984), (0.013615462, -0.99981534, -0.013560383), (0.013626117, -0.99990714, 0.000005328475), (0.012950698, -0.99983287, -0.012900686), (0.013626117, -0.99990714, 0.000005328475), (0.013277172, -0.9999119, 0.0000128399115), (0.012946736, -0.99983287, -0.012901576), (0.013626117, -0.99990714, 0.000005328475), (0.012946736, -0.99983287, -0.012901576), (0.012950698, -0.99983287, -0.012900686), (0.01294584, -0.9998327, -0.012918269), (0.000034420227, -0.99990696, -0.013636984), (0.012924045, -0.9998331, -0.0129108885), (0.000034420227, -0.99990696, -0.013636984), (0.013615462, -0.99981534, -0.013560383), (0.012924045, -0.9998331, -0.0129108885), (0.013615462, -0.99981534, -0.013560383), (0.012950698, -0.99983287, -0.012900686), (0.012933611, -0.99983346, -0.01287632), (0.012931295, -0.99983335, -0.012886744), (0.012924045, -0.9998331, -0.0129108885), (0.013615462, -0.99981534, -0.013560383), (0.012954368, -0.9998328, -0.012904845), (0.012931295, -0.99983335, -0.012886744), (0.013615462, -0.99981534, -0.013560383), (0.013615462, -0.99981534, -0.013560383), (0.012933611, -0.99983346, -0.01287632), (0.012965435, -0.9998325, -0.012918098), (0.012937, -0.9998329, 0.012913366), (0.013277172, -0.9999119, 0.0000128399115), (0.013626117, -0.99990714, 0.000005328475), (0.013619632, -0.99981457, 0.013615709), (-0.000010089076, -0.99990684, 0.013651434), (0.012919401, -0.999833, 0.0129199), (-0.000010089076, -0.99990684, 0.013651434), (-0.000008895062, -0.9999117, 0.013288999), (0.01292351, -0.99983305, 0.0129174795), (-0.000010089076, -0.99990684, 0.013651434), (0.01292351, -0.99983305, 0.0129174795), (0.012919401, -0.999833, 0.0129199), (0.012937, -0.9998329, 0.012913366), (0.013626117, -0.99990714, 0.000005328475), (0.012919897, -0.9998329, 0.01293148), (0.013626117, -0.99990714, 0.000005328475), (0.013619632, -0.99981457, 0.013615709), (0.012919897, -0.9998329, 0.01293148), (0.013619632, -0.99981457, 0.013615709), (0.012919401, -0.999833, 0.0129199), (0.012922548, -0.99983305, 0.012915269), (0.012934114, -0.9998327, 0.012935135), (0.012919897, -0.9998329, 0.01293148), (0.013619632, -0.99981457, 0.013615709), (0.012911284, -0.9998332, 0.012916278), (0.012934114, -0.9998327, 0.012935135), (0.013619632, -0.99981457, 0.013615709), (0.013619632, -0.99981457, 0.013615709), (0.012922548, -0.99983305, 0.012915269), (0.012918875, -0.99983305, 0.012919616), (1, 0, -5.5468826e-7), (1, 2.3866568e-7, 5.5230765e-7), (0.9848077, 0, -0.17364804), (0.9848077, 0, -0.17364804), (0.9396928, 0, -0.3420195), (0.93969244, 0, -0.34202054), (0.93969244, 0, -0.34202054), (0.9396928, 0, -0.3420195), (0.866026, 0, -0.49999887), (0.8660246, 0, -0.5000013), (0.866026, 0, -0.49999887), (0.7660451, 0, -0.64278686), (0.76604325, 0, -0.642789), (0.7660451, 0, -0.64278686), (0.64278936, 0, -0.76604295), (0.64278716, 0, -0.7660448), (0.64278936, 0, -0.76604295), (0.50000155, 0, -0.86602455), (0.4999995, 0, -0.86602575), (0.50000155, 0, -0.86602455), (0.3420207, 0, -0.93969244), (0.3420194, 0, -0.93969285), (0.3420207, 0, -0.93969244), (0.1736477, 0, -0.98480785), (0, 0, -1), (0.17364855, 0, -0.9848077), (0.1736477, 0, -0.98480785), (0, 0, -1), (0, 0, -1), (-0.17364717, 0, -0.9848079), (-0.17364916, 0, -0.98480755), (-0.17364717, 0, -0.9848079), (-0.3420196, 0, -0.9396928), (-0.34202057, 0, -0.9396925), (-0.3420196, 0, -0.9396928), (-0.49999988, 0, -0.8660255), (-0.5000013, 0, -0.8660247), (-0.49999988, 0, -0.8660255), (-0.6427872, 0, -0.7660448), (-0.64278907, 0, -0.7660432), (-0.6427872, 0, -0.7660448), (-0.7660432, 0, -0.642789), (-0.76604503, 0, -0.6427869), (-0.7660432, 0, -0.642789), (-0.86602485, 0, -0.5000009), (-0.86602604, 0, -0.49999893), (-0.86602485, 0, -0.5000009), (-0.9396925, 0, -0.34202045), (-0.9396925, 0, -0.34202045), (-0.9848077, 0, -0.17364833), (-0.9848077, 0, -0.17364804), (-0.9848077, 0, -0.17364804), (-0.9848077, 0, -0.17364833), (-1, 0, -5.5468826e-7), (-1, 1.6589277e-7, 5.5468826e-7), (-1, 0, -5.5468826e-7), (-0.9848078, -2.8212267e-7, 0.17364782), (-0.98480767, 1.2242756e-7, 0.17364882), (-0.9848078, -2.8212267e-7, 0.17364782), (-0.93969285, -2.3866582e-7, 0.3420195), (-0.9396925, 0, 0.34202042), (-0.93969285, -2.3866582e-7, 0.3420195), (-0.86602587, 0, 0.49999923), (-0.86602527, 0, 0.50000024), (-0.86602587, 0, 0.49999923), (-0.7660441, 0, 0.64278793), (-0.7660437, 0, 0.64278847), (-0.7660441, 0, 0.64278793), (-0.64278805, 0, 0.76604414), (-0.64278775, 0, 0.76604426), (-0.64278805, 0, 0.76604414), (-0.5000007, 0, 0.8660251), (-0.49999973, 0, 0.86602557), (-0.5000007, 0, 0.8660251), (-0.34202048, 0, 0.9396925), (-0.34201953, 0, 0.9396928), (-0.34202048, 0, 0.9396925), (-0.17364863, 0, 0.98480767), (-0.17364793, 0, 0.9848078), (-0.17364863, 0, 0.98480767), (-3.4757292e-7, 0, 1), (3.6185673e-7, 0, 1), (-3.4757292e-7, 0, 1), (0.17364793, 0, 0.9848078), (0.17364861, 0, 0.98480767), (0.17364793, 0, 0.9848078), (0.3420196, 0, 0.9396928), (0.34202045, 0, 0.9396925), (0.3420196, 0, 0.9396928), (0.49999997, 0, 0.86602545), (0.5000005, 0, 0.8660251), (0.49999997, 0, 0.86602545), (0.64278793, 0, 0.7660442), (0.6427879, 0, 0.76604426), (0.64278793, 0, 0.7660442), (0.76604354, 0, 0.6427886), (0.7660441, 0, 0.64278793), (0.76604354, 0, 0.6427886), (0.8660251, 0, 0.5000005), (0.86602604, 0, 0.49999905), (0.8660251, 0, 0.5000005), (0.93969256, 0, 0.34202042), (0.9396929, -1.6589293e-7, 0.34201926), (0.93969256, 0, 0.34202042), (0.98480755, 2.8212165e-7, 0.17364885), (0.9848078, -1.2242793e-7, 0.17364784), (0.98480755, 2.8212165e-7, 0.17364885), (1, 2.3866568e-7, 5.5230765e-7), (-5.5703396e-7, -0.6847374, -0.7287899), (0.0000027575197, -0.6847378, -0.7287895), (-0.12655024, -0.68473774, -0.7177181), (-0.01756314, -2.878832e-7, -0.9998458), (-0.017563123, -2.9219635e-7, -0.99984574), (0.0001286121, -6.6171673e-9, -1), (-0.017563064, -5.5723426e-8, -0.9998458), (-0.017563038, -1.8644536e-7, -0.9998458), (-0.017563123, -2.9219635e-7, -0.99984574), (0.017820725, 1.913607e-7, -0.9998412), (0.017820729, 1.7796985e-7, -0.99984115), (0.01782086, -4.3074985e-7, -0.99984115), (0.00012890022, 6.7815606e-9, -1), (0.0001286121, -6.6171673e-9, -1), (0.017820729, 1.7796985e-7, -0.99984115), (0.017821724, -9.314478e-7, -0.99984115), (0.01782144, -0.0000011027352, -0.99984115), (0.0001288761, -0.0000018757128, -1), (0.00012857783, -0.0000018695571, -1), (0.0001288761, -0.0000018757128, -1), (-0.017563693, -0.000001079001, -0.99984574), (0.017821003, -3.453243e-7, -0.99984115), (0.01782086, -4.3074985e-7, -0.99984115), (0.01782144, -0.0000011027352, -0.99984115), (-0.01756371, -9.791108e-7, -0.9998457), (-0.017563693, -0.000001079001, -0.99984574), (-0.017563038, -1.8644536e-7, -0.9998458), (-0.22253387, -0.9381538, -0.2652282), (-0.58064336, -0.4289685, -0.6919822), (-0.45166716, -0.42896834, -0.78229344), (-0.6330123, -0.56314796, 0.531187), (-0.7765061, -0.56316614, 0.2826343), (-0.49605903, -0.84931505, 0.18052568), (-0.017691135, -5.3661196e-8, -0.99984354), (-3.0421188e-7, -1.0633508e-7, -1), (3.0243316e-7, -1.5916132e-7, -1), (-0.0176913, 0, -0.99984354), (-7.442219e-7, 0, -1), (-3.0421188e-7, -1.0633508e-7, -1), (0.017687192, -0.000001949133, -0.9998436), (0.017689211, -0.0000028735417, -0.9998435), (0.017693356, -0.0000010202457, -0.9998434), (0.017691216, 0.0000015102468, 0.99984354), (0.017679695, 0.0000013202051, 0.99984366), (0.017679414, 0.0000013737681, 0.9998437), (0.017679414, 0.0000013737681, 0.9998437), (1.529917e-7, 0, 1), (-3.7805023e-8, 1.4625866e-7, 1), (0, 7.25888e-7, 1), (0, 7.258783e-7, 1), (0, 0.0000014517674, 1), (-2.2809834e-9, -1, 0), (0, -0.99999994, 0), (0, -1, 0), (0, -1, 0), (2.282032e-9, -1, 6.608362e-8), (3.461717e-9, -1, 1.2720795e-8), (0, 1, 0), (-0.0011190458, 0.99799675, 0.06325528), (-0.0013416803, 0.9971255, 0.075755425), (0, -1, 0), (0, -1, 0), (0, -1, 0), (0.01769095, 0, 0.99984354), (0.017691052, 0, 0.9998435), (0.017705219, 0, 0.99984324), (0, 0.0000014517676, 1), (0, 0.0000014517684, 1), (0, 7.258876e-7, 1), (0, -1, 0), (0, -1, 0), (0, -1, 0), (-1, 0, 0), (-1, -5.9259735e-9, 0), (-1, 0, 0), (-1, -1.758806e-8, 0), (-1, -4.702916e-8, 0), (-1, -5.9259735e-9, 0), (1, 0, 0), (1, 0, 0), (1, -2.3496758e-8, 0), (1, -8.787262e-9, 0), (1, -2.3496758e-8, 0), (1, -1.1843379e-8, 0), (0.001118232, 0.9980007, 0.06319403), (0, 1, 0), (0, 1, 0), (0, 1, 0), (0, 1, 0), (0, 1, 0), (0, -1, 0), (0, -1, 0), (0, -1, 0), (1, 0, 0), (1, 0, 0), (1, 0, 0), (0, 0, 1), (0, 0, 1), (0, 7.258783e-7, 1), (1, -8.787262e-9, 0), (1, 0, 0), (1, 0, 0), (0, 1, 0), (0, 1, 0), (0, 1, 0), (0, 7.2587704e-7, 1), (0, 7.258876e-7, 1), (0, 0, 1), (0, -1, 0), (-3.460354e-9, -1, 5.001616e-8), (-2.2809834e-9, -1, 0), (0, 1, 0), (-0.0013416803, 0.9971255, 0.075755425), (0, 1, 0), (1, -1.23716e-7, 0), (1, -3.94452e-7, 0), (1, -5.370954e-7, 0), (0.017687336, -5.737318e-7, -0.9998436), (0.017687192, -0.000001949133, -0.9998436), (0.017693771, -5.1394085e-7, -0.9998434), (0.017691914, -4.837167e-8, -0.9998435), (0.017692823, -3.419901e-8, -0.9998434), (0.01769004, 0, -0.99984354), (0, 1, 0), (0.00152168, 0.9963031, 0.08589347), (0.001118232, 0.9980007, 0.06319403), (0, -1, 0), (3.461717e-9, -1, 1.2720795e-8), (3.4609509e-9, -1, 8.4813436e-8), (2.282032e-9, -1, 6.608362e-8), (6.917108e-9, -1, 0.0000011425825), (6.9198682e-9, -1, 9.542147e-7), (-1, -0.000020228379, 6.366992e-7), (-1, -0.0000026495989, -3.8035373e-7), (-1, -0.0000011728629, -8.9728235e-7), (-1, -0.0000026495989, -3.8035373e-7), (-1, 0, -3.935082e-7), (-1, -4.7747176e-7, -4.08537e-7), (-1, 0, -3.935082e-7), (-1, 1.1527915e-7, -2.580976e-7), (-1, -4.7747176e-7, -4.08537e-7), (-1, -4.7747176e-7, -4.08537e-7), (-1, -0.000001966711, -4.98638e-7), (-1, -0.0000026495989, -3.8035373e-7), (-1, -0.000001966711, -4.98638e-7), (-1, 0, -6.9468655e-7), (-1, -0.0000026495989, -3.8035373e-7), (-0.01768848, -8.8150625e-7, -0.9998436), (-0.017689146, 0, -0.9998436), (-0.017689256, -5.6686514e-7, -0.9998436), (-0.017699152, -0.0000015055336, -0.99984336), (-0.017689256, -5.6686514e-7, -0.9998436), (-0.01769358, -1.3213366e-9, -0.9998434), (-1, -7.085887e-7, -3.6651434e-7), (-1, -0.0000023755422, -6.503316e-7), (-1, -0.0000023160596, -5.6793573e-7), (-0.017687919, 0.009043574, 0.9998026), (-0.017642783, 0.0004700343, 0.99984425), (-0.017766163, 0.0003156513, 0.99984217), (0.017690687, 0.009021856, 0.99980277), (0.017711453, 0.00020095753, 0.999843), (0.017690346, 0.00044050207, 0.9998434), (1, -3.94452e-7, 0), (1, -1.23716e-7, 0), (1, 0, 0), (1, -1.23716e-7, 0), (1, 3.799544e-7, 0), (1, 0, 0), (1, 3.799544e-7, 0), (1, 0.0000101141895, 0), (1, -0.000005979625, 0), (1, -0.000005979625, 0), (1, -7.856518e-7, 0), (1, 3.799544e-7, 0), (1, -7.856518e-7, 0), (1, 0, 0), (1, 3.799544e-7, 0), (0.017688401, 0.009025165, 0.9998028), (0.016916487, 0.29271123, 0.95605123), (0.016918903, 0.29293433, 0.9559828), (0.016916487, 0.29271123, 0.95605123), (0.01459839, 0.5648334, 0.8250758), (0.014594581, 0.5646491, 0.82520205), (0.01459839, 0.5648334, 0.8250758), (0.010804219, 0.79182196, 0.61065644), (0.010803381, 0.79183674, 0.6106373), (0.010804219, 0.79182196, 0.61065644), (0.005769445, 0.9453481, 0.32601178), (0.0057701427, 0.9453294, 0.32606563), (0.005769445, 0.9453481, 0.32601178), (0.001118232, 0.9980007, 0.06319403), (0.00152168, 0.9963031, 0.08589347), (-0.01769019, 0.009002679, 0.99980295), (-0.016915059, 0.29260018, 0.95608526), (-0.016909512, 0.29275343, 0.9560384), (-0.016915059, 0.29260018, 0.95608526), (-0.014595166, 0.56507677, 0.8249092), (-0.014579278, 0.5647839, 0.8251101), (-0.014595166, 0.56507677, 0.8249092), (-0.010803074, 0.79184264, 0.61062956), (-0.010769258, 0.7918175, 0.6106629), (-0.010803074, 0.79184264, 0.61062956), (-0.005769106, 0.9453322, 0.3260578), (-0.00576932, 0.945328, 0.32607028), (-0.005769106, 0.9453322, 0.3260578), (-0.0013416803, 0.9971255, 0.075755425), (-0.0011190458, 0.99799675, 0.06325528), (0, -1, 0), (2.324621e-9, -1, 0), (0, -1, 0), (1, 0, 0), (1, 0, 0), (1, 0, 0), (-0.017691955, 0, -0.99984354), (-0.017691998, 0, -0.99984354), (-0.017691452, -3.9933028e-8, -0.99984354), (-0.017686006, -6.360352e-8, -0.9998436), (-0.017691452, -3.9933028e-8, -0.99984354), (-0.01769182, -7.3286714e-8, -0.99984354), (0.017692022, -3.9690768e-8, -0.99984354), (0.017690651, -3.068221e-8, -0.99984354), (0.017690549, -5.3637564e-8, -0.99984354), (0.017692234, 0, -0.99984354), (0.017690232, 0, -0.99984354), (0.017690651, -3.068221e-8, -0.99984354), (-0.01769105, 0.00000238124, 0.9998435), (-0.017691052, 0.0000029131434, 0.9998436), (-0.017691702, 2.659451e-7, 0.99984354), (0.017690651, -3.068221e-8, -0.99984354), (0.017691972, -6.6872e-8, -0.99984354), (0.017691914, -4.837167e-8, -0.9998435), (0, -1, 0), (-2.3248337e-9, -1, 1.172927e-7), (-3.4608287e-9, -1, 2.5333833e-8), (-0.00014785692, -0.9999644, 0.008436295), (-0.00014773298, -0.9999644, 0.008436272), (-0.00014883383, -0.9999644, 0.008434405), (-1, 9.0261744e-7, 0.000043839224), (-1, 9.835292e-7, 0.000043839325), (-1, 8.0909885e-8, 0.000043838212), (-0.00014884304, -0.9999644, 0.008434553), (-0.00014883383, -0.9999644, 0.008434405), (-0.00014766182, -0.99996436, 0.008436692), (0.00017586251, 0.9999646, -0.008417676), (0.00017650603, 0.9999646, -0.008417617), (0.0002017652, 0.9999645, -0.008426563), (-1, 0, 0), (-1, 0, 0), (-1, 0, 0), (3.461717e-9, -1, 1.2720795e-8), (6.9198682e-9, -1, 9.542147e-7), (6.921935e-9, -1, 8.4973834e-7), (-1, 1.0594639e-7, -2.6906037e-7), (-1, 3.350057e-7, 0), (-1, 1.1527915e-7, -2.580976e-7), (-3.460354e-9, -1, 5.001616e-8), (-6.9216806e-9, -1, 9.4872905e-7), (-6.922731e-9, -1, 9.3679006e-7), (-2.3248337e-9, -1, 1.172927e-7), (-6.9221286e-9, -1, 8.465568e-7), (-6.9213826e-9, -1, 6.8014657e-7), (-0.017694743, 0, 0.9998435), (-0.017696451, 0, 0.99984336), (-0.01769739, 0, 0.9998434), (7.2414696e-9, 1, -4.3566837e-7), (9.376112e-9, 1, -4.3610567e-7), (9.089473e-9, 1, -4.3604695e-7), (1, 0, 3.932969e-7), (1, 0, 3.9329694e-7), (1, 0, 3.932967e-7), (-3.4608287e-9, -1, 2.5333833e-8), (-6.9213826e-9, -1, 6.8014657e-7), (-6.9216806e-9, -1, 9.4872905e-7), (-0.00017915333, 0.99996454, -0.008424889), (-0.0001798153, 0.99996454, -0.008427169), (-0.00014992346, 0.9999646, -0.008420333), (0, -1, 0), (-3.4608287e-9, -1, 2.5333833e-8), (-3.460354e-9, -1, 5.001616e-8), (0.017690232, 0, -0.99984354), (0.017687336, -5.737318e-7, -0.9998436), (0.017691972, -6.6872e-8, -0.99984354), (-7.1008714e-9, 1, -4.1459137e-7), (-9.484403e-9, 1, 0), (-9.352766e-9, 1, -2.2897002e-8), (3.4609509e-9, -1, 8.4813436e-8), (6.921935e-9, -1, 8.4973834e-7), (6.9224417e-9, -1, 4.431932e-7), (1, 0.00005054227, -0.000051601506), (0.99999994, 0.00005037123, -0.00005303657), (1, 0.00005228831, -0.000036951693), (-0.01769358, -1.3213366e-9, -0.9998434), (-0.017697504, 0, -0.9998435), (-0.017687159, 0, -0.9998436), (-0.017689146, 0, -0.9998436), (-0.017691955, 0, -0.99984354), (-0.017686006, -6.360352e-8, -0.9998436), (0, 1, 0), (0, 1, 0), (0.00152168, 0.9963031, 0.08589347), (0, -1, 0), (3.4609509e-9, -1, 8.4813436e-8), (2.324621e-9, -1, 0), (-0.00073933264, 0.999992, -0.0039431434), (-0.00077725376, 0.9999922, -0.003869954), (-0.00011044587, 0.99998665, -0.005181155), (0.00010481372, 0.9999866, -0.005179413), (0.00012373453, 0.99998665, -0.005193581), (0.000560267, 0.9999905, -0.004304747), (0.024119511, 0, 0.9997091), (0.024120646, 0, 0.99970907), (0.3388993, 1.6382184e-9, 0.9408226), (-0.3494102, -2.6360267e-9, 0.9369699), (-0.34942093, 0, 0.9369658), (-0.02382047, 0, 0.9997162), (1.787176e-7, -1, 2.2408891e-7), (-7.0432664e-9, -1, 3.4956705e-7), (6.310127e-8, -1, 3.2176828e-7), (-7.0432664e-9, -1, 3.4956705e-7), (-1.6470256e-8, -1, 1.711097e-7), (6.310127e-8, -1, 3.2176828e-7), (0.017691052, 0, 0.9998435), (0.017707573, 0, 0.99984324), (0.017703095, 0, 0.9998433), (1.787176e-7, -1, 2.2408891e-7), (6.310127e-8, -1, 3.2176828e-7), (5.4131886e-9, -1, 4.5020664e-7), (6.310127e-8, -1, 3.2176828e-7), (1.2974154e-8, -1, 0.0000011907854), (5.4131886e-9, -1, 4.5020664e-7), (5.4131886e-9, -1, 4.5020664e-7), (0, -1, 1.4603025e-7), (0, -1, 0), (-1, 0, 0), (-1, 0, 0), (-1, 0, 0), (0.01767647, 0, 0.99984384), (0.017705219, 0, 0.99984324), (0.017704852, 0, 0.9998432), (-0.017694743, 0, 0.9998435), (-0.017690131, 0, 0.9998436), (-0.0176924, 0, 0.99984354), (-0.017690131, 0, 0.9998436), (-0.017691594, 1.1403663e-7, 0.99984354), (-0.017691184, 0, 0.99984354), (-0.017695999, 0, 0.99984336), (-0.017689036, 0, 0.99984354), (-0.017692126, 0, 0.9998435), (-6.3451716e-7, 2.8720237e-7, 1), (0.017691577, 1.733214e-7, 0.99984354), (0.017691173, 2.8710872e-7, 0.99984354), (-0.56100154, -0.000009888102, 0.8278147), (-0.5610098, 0, 0.8278092), (-0.34942093, 0, 0.9369658), (0.00070315856, 0.9999916, -0.004028612), (0.000560267, 0.9999905, -0.004304747), (0.00007921236, 0.9999942, -0.003400556), (0.000560267, 0.9999905, -0.004304747), (0.0011753163, 0.99999446, -0.0031266673), (-0.00003703276, 0.99999416, -0.0034044434), (5.4131886e-9, -1, 4.5020664e-7), (1.29745095e-8, -1, 3.7267608e-7), (-7.294561e-8, -1, 5.6986204e-7), (-7.294561e-8, -1, 5.6986204e-7), (-5.5923277e-8, -1, 4.233203e-7), (5.4131886e-9, -1, 4.5020664e-7), (-5.5923277e-8, -1, 4.233203e-7), (0, -1, -2.2877187e-7), (5.4131886e-9, -1, 4.5020664e-7), (0.017691577, 1.733214e-7, 0.99984354), (0.01769095, 0, 0.99984354), (0.017690947, 1.1346369e-7, 0.99984354), (-0.00073933264, 0.999992, -0.0039431434), (-0.000022832264, 0.9999948, -0.0031975608), (-0.00077725376, 0.9999922, -0.003869954), (-0.000022832264, 0.9999948, -0.0031975608), (-0.000012397271, 0.99999446, -0.003309765), (-0.00077725376, 0.9999922, -0.003869954), (0, -1, 0), (0, -1, 0), (0, -1, 0), (-1, 0, 0), (-1, 0, 0), (-1, 0, 0), (0.017679695, 0.0000013202051, 0.99984366), (0.017691216, 0.0000015102468, 0.99984354), (0.017691135, 2.613864e-7, 0.9998434), (-0.017691998, 0, -0.99984354), (-0.0176913, 0, -0.99984354), (-0.017691135, -5.3661196e-8, -0.99984354), (-0.017691452, -3.9933028e-8, -0.99984354), (-0.017691135, -5.3661196e-8, -0.99984354), (-0.017690966, -5.4312245e-8, -0.99984354), (0.58905315, 0, 0.8080943), (0.58905303, 0, 0.80809444), (0.5611205, 2.2553346e-9, 0.8277342), (-0.017691594, 1.1403663e-7, 0.99984354), (-6.3451716e-7, 2.8720237e-7, 1), (2.9946838e-7, 1.734716e-7, 1), (0, -1, 0), (-2.7114802e-9, -1, 3.461041e-7), (-1.6470256e-8, -1, 1.711097e-7), (-2.7114802e-9, -1, 3.461041e-7), (-6.9224018e-9, -0.99999994, 7.0281413e-7), (-3.5810874e-9, -1, 4.7624115e-7), (1, 0, 0), (1, 0, 0), (1, 0, 0), (-0.017691582, 0, 0.99984354), (-0.017691702, 2.659451e-7, 0.99984354), (-3.7805023e-8, 1.4625866e-7, 1), (-7.442219e-7, 0, -1), (0.017692234, 0, -0.99984354), (0.017692022, -3.9690768e-8, -0.99984354), (-3.0421188e-7, -1.0633508e-7, -1), (0.017692022, -3.9690768e-8, -0.99984354), (0.017691037, -1.8684094e-7, -0.99984354), (0, -1, 0), (0, -1, 0), (-2.3248337e-9, -1, 1.172927e-7), (-0.5609995, -3.885366e-8, 0.8278161), (-0.5610081, -5.085117e-8, 0.82781035), (-0.58893764, -2.8190254e-8, 0.8081785), (0.3389068, 0, 0.94082), (0.3388993, 1.6382184e-9, 0.9408226), (0.5611188, 2.2553326e-9, 0.8277353), (-5.521324e-7, 0.9999939, -0.0034797224), (0.00007921236, 0.9999942, -0.003400556), (-0.00003703276, 0.99999416, -0.0034044434), (-0.00003703276, 0.99999416, -0.0034044434), (-0.0010692918, 0.9999932, -0.0035357564), (-5.521324e-7, 0.9999939, -0.0034797224), (0.5611188, 2.2553326e-9, 0.8277353), (0.38791272, 5.651135e-8, 0.9216961), (0.38792092, 1.2011456e-7, 0.9216927), (0.38791272, 5.651135e-8, 0.9216961), (0.19189578, 0, 0.9814153), (0.19185603, -4.9133325e-7, 0.981423), (0.19189578, 0, 0.9814153), (0.000068146706, -3.0361964e-8, 1), (0.00007546551, 0, 1), (0.000068146706, -3.0361964e-8, 1), (-0.19161387, -9.0090296e-8, 0.9814703), (-0.19156118, -2.792914e-8, 0.98148066), (-0.19161387, -9.0090296e-8, 0.9814703), (-0.38783002, 0.00000332259, 0.921731), (-0.3877784, -2.825571e-8, 0.9217527), (-0.38783002, 0.00000332259, 0.921731), (-0.5610081, -5.085117e-8, 0.82781035), (-0.5609995, -3.885366e-8, 0.8278161), (0.5611205, 2.2553346e-9, 0.8277342), (0.3879146, 0, 0.9216953), (0.38791826, -2.8484737e-10, 0.9216938), (0.3879146, 0, 0.9216953), (0.1917032, 0, 0.98145294), (0.19171067, 5.516785e-7, 0.9814515), (0.1917032, 0, 0.98145294), (0.00006822298, 0, 1), (0.000075484626, 0, 1), (0.00006822298, 0, 1), (-0.19161391, 0.0000013359305, 0.98147035), (-0.19161025, 0, 0.98147106), (-0.19161391, 0.0000013359305, 0.98147035), (-0.3877838, -0.0000012488645, 0.9217504), (-0.38777855, 0, 0.92175263), (-0.3877838, -0.0000012488645, 0.9217504), (-0.5610098, 0, 0.8278092), (-0.56100154, -0.000009888102, 0.8278147), (0.000024100998, 0.9999939, -0.0034887046), (0.0008816335, 0.99999285, -0.0036756946), (-0.000012397271, 0.99999446, -0.003309765), (-0.000012397271, 0.99999446, -0.003309765), (-0.000022832264, 0.9999948, -0.0031975608), (0.000024100998, 0.9999939, -0.0034887046), (-0.99615663, -0.087589145, 3.2309189e-9), (-0.9961567, -0.08758918, 0), (-0.9961567, -0.087588936, 2.2438357e-8), (0, 1, 0), (0, 1, 0), (0, 1, 0), (0.9961567, -0.08758844, 3.2309186e-9), (0.9961567, -0.08758846, 0), (0.9961568, -0.08758836, 2.2438318e-8), (0, -1, 1.783326e-7), (0, -1, 0), (0, -1, 2.4690348e-7), (0, 0, 1), (0, 0, 1), (0, 0, 1), (0.017634384, 0.010483539, 0.99978954), (0.017719747, 0.010718574, 0.99978554), (0.017690346, 0.00044050207, 0.9998434), (-0.020311935, 0.009494376, 0.9997486), (-0.017766163, 0.0003156513, 0.99984217), (-0.017642783, 0.0004700343, 0.99984425), (0.017668832, 0.01070476, 0.9997866), (0.017690346, 0.00044050207, 0.9998434), (0.017711453, 0.00020095753, 0.999843), (-0.017720502, 0.0106820455, 0.9997859), (-0.01768668, 0.010737007, 0.99978596), (-0.018143177, 0.009610299, 0.99978924), (-0.01824765, 0.009410994, 0.9997892), (-0.018143177, 0.009610299, 0.99978924), (-0.01827331, 0.0074895057, 0.999805), (0.022891836, 0.0044909595, 0.9997279), (0.02299732, 0.0045544263, 0.9997251), (0.018902374, 0.0044883257, 0.99981123), (0.024029117, 0.007955625, 0.9996795), (0.02382222, 0.008052144, 0.99968374), (0.02299732, 0.0045544263, 0.9997251), (0.018175147, 0.010225076, 0.99978256), (0.01810256, 0.010239264, 0.99978364), (0.017719747, 0.010718574, 0.99978554), (0.018890023, 0.004533316, 0.99981135), (0.018902374, 0.0044883257, 0.99981123), (0.017667398, 0.007572752, 0.9998153), (-0.018815992, 0.0040221545, 0.9998148), (-0.018874595, 0.003968584, 0.99981403), (-0.022638164, 0.0040929844, 0.99973536), (-0.023387266, 0.0079427995, 0.9996949), (-0.023611302, 0.0075522102, 0.9996927), (-0.017766163, 0.0003156513, 0.99984217), (-0.017534459, 0.010868634, 0.9997872), (-0.017642783, 0.0004700343, 0.99984425), (-0.01768668, 0.010737007, 0.99978596), (-0.017773436, 0.007418551, 0.9998145), (-0.01827331, 0.0074895057, 0.999805), (-0.018874595, 0.003968584, 0.99981403), (-0.02268718, 0.0041197482, 0.99973404), (-0.022638164, 0.0040929844, 0.99973536), (-0.023611302, 0.0075522102, 0.9996927), (0.018820977, 0.010230473, 0.9997705), (0.017711453, 0.00020095753, 0.999843), (0.02382222, 0.008052144, 0.99968374), (0.018021563, 0.008050151, 0.9998052), (0.017667398, 0.007572752, 0.9998153), (0.01810256, 0.010239264, 0.99978364), (0.018812392, 0.00070768635, -0.99982274), (0.01873261, 0.0005735502, -0.9998244), (0.018177595, -4.962483e-9, -0.9998348), (0.018178297, 2.9324487e-11, -0.9998347), (0.018177595, -4.962483e-9, -0.9998348), (0.01868268, 0, -0.9998255), (0.021420736, -0.0065567177, -0.9997491), (0.020727893, -0.005123944, -0.999772), (0.02209608, -0.007690897, -0.9997262), (0.020727893, -0.005123944, -0.999772), (0.020875216, -0.005381094, -0.99976766), (0.022110047, -0.007704702, -0.9997258), (0.02209608, -0.007690897, -0.9997262), (0.020727893, -0.005123944, -0.999772), (0.022110047, -0.007704702, -0.9997258), (0.018684287, 0, -0.9998255), (0.01868268, 0, -0.9998255), (0.020875216, -0.005381094, -0.99976766), (0.019762084, 0, -0.99980474), (0.019763255, 0, -0.9998047), (0.02357708, 0, -0.999722), (-0.00014878478, -0.9999644, 0.008432999), (-0.00014878578, -0.9999644, 0.008432783), (-0.00014773298, -0.9999644, 0.008436272), (-1, 0.000056571633, 0.00005212204), (-0.99999994, 0.000056232162, 0.00005212208), (-1, 0.000059990718, 0.000052121588), (0.0002017801, 0.9999645, -0.008428322), (0.0002017652, 0.9999645, -0.008426563), (0.00020123276, 0.9999645, -0.008426875), (-0.00020396187, 0.9999645, -0.0084217535), (-0.0002039619, 0.99996454, -0.008421168), (-0.00020680038, 0.9999645, -0.008434286), (-0.00020688568, 0.9999644, -0.008432917), (-0.00020680038, 0.9999645, -0.008434286), (-0.0001798153, 0.99996454, -0.008427169), (0.00014818026, -0.99996436, 0.008442386), (0.00014816568, -0.9999643, 0.0084465295), (0.00014678013, -0.9999644, 0.008434285), (1, -0.0000018048573, -0.00004383907), (1, -0.0000019670583, -0.000043839245), (1, -1.622032e-7, -0.000043837266), (0.00014610725, -0.9999644, 0.008428296), (0.00014678013, -0.9999644, 0.008434285), (0.00014537812, -0.99996436, 0.008435145), (0.00014456706, -0.9999645, 0.008430766), (0.00014537812, -0.99996436, 0.008435145), (0.00014849904, -0.99996454, 0.008417083), (0.00014986414, 0.9999644, -0.008433257), (0.00014982837, 0.9999645, -0.008436132), (0.00017650603, 0.9999646, -0.008417617), (0.0001974868, 0.99996614, -0.008237304), (0.00019746489, 0.999966, -0.008237336), (0.00017612406, 0.9999661, -0.008237072), (-0.018642224, 0.0009891436, -0.99982566), (-0.018544018, 0.0008439063, -0.99982774), (-0.019964663, 0.0021629282, -0.99979836), (-0.019964663, 0.0021629282, -0.99979836), (-0.01995651, 0.0021773519, -0.9997985), (-0.018642224, 0.0009891436, -0.99982566), (-0.01995651, 0.0021773519, -0.9997985), (-0.022355229, 0.00089883286, -0.9997497), (-0.022185184, 0.0010172275, -0.99975336), (-0.00015007982, -0.999966, 0.0082412595), (-0.00015395826, -0.999966, 0.008242389), (-0.00014414545, -0.9999661, 0.008242274), (-0.00014468502, -0.999966, 0.008241827), (-0.00014414545, -0.9999661, 0.008242274), (-0.00014389755, -0.9999661, 0.008238884), (-0.00014447971, -0.9999661, 0.008240523), (-0.00014389755, -0.9999661, 0.008238884), (-0.000047040703, -0.9999661, 0.008241063), (0.023673145, -1.0700246e-8, -0.99971974), (0.02357708, 0, -0.999722), (0.022134773, 0.0008514, -0.9997546), (-0.022185184, 0.0010172275, -0.99975336), (-0.022355229, 0.00089883286, -0.9997497), (-0.023910258, -5.239605e-8, -0.999714), (-0.023914337, 0, -0.99971396), (-0.023910258, -5.239605e-8, -0.999714), (-0.018778512, 3.591619e-10, -0.99982363), (-0.01782117, 0, -0.99984115), (-0.017820254, 0, -0.9998412), (-0.01862292, 2.9846305e-7, -0.99982655), (-0.9177245, -0.37748075, -0.1236528), (-0.9177245, -0.31766456, -0.23847634), (-0.99951905, 0.012413602, 0.028418196), (-0.018814392, -1.4363942e-9, -0.999823), (-0.01862292, 2.9846305e-7, -0.99982655), (-0.017898042, -1.2981381e-10, -0.9998399), (-0.017992897, -4.578898e-8, -0.99983805), (-0.017898042, -1.2981381e-10, -0.9998399), (-0.018544018, 0.0008439063, -0.99982774), (0.021420736, -0.0065567177, -0.9997491), (0.021439191, -0.006595005, -0.9997484), (0.019763255, 0, -0.9998047), (-0.018784033, 1.1830133e-8, -0.99982363), (-0.018778512, 3.591619e-10, -0.99982363), (-0.01756655, 0, -0.9998457), (-0.018311294, 0.00776038, 0.99980223), (-0.018841345, 0.007690585, 0.99979293), (-0.019060751, 0.0076511037, 0.9997891), (-0.019440621, 0.0075031472, 0.99978286), (-0.019060751, 0.0076511037, 0.9997891), (-0.020742394, 0.003543718, 0.9997786), (0.019141912, 0.008449935, 0.9997811), (0.018604396, 0.008463965, 0.99979115), (0.018127585, 0.0084249955, 0.9998002), (0.020808112, 0.0027315011, 0.99977976), (0.020817988, 0.0027629712, 0.9997794), (0.020905871, 0.0037977926, 0.9997743), (-0.020759033, 0.003590412, 0.99977803), (-0.020742394, 0.003543718, 0.9997786), (-0.020648234, 0.0021066107, 0.9997846), (0.020905064, 0.0037563425, 0.99977446), (0.020905871, 0.0037977926, 0.9997743), (0.018604396, 0.008463965, 0.99979115), (-0.00018964942, 0.9999629, -0.0086088255), (-0.0001895135, 0.9999629, -0.008607309), (-0.00021077352, 0.9999629, -0.008607919), (-0.00021083502, 0.999963, -0.008608206), (-0.00021077352, 0.9999629, -0.008607919), (-0.00018328993, 0.999963, -0.008608769), (0.000057184603, -0.9999629, 0.008612312), (0.000053879754, -0.9999629, 0.008609456), (0.00015021383, -0.999963, 0.008606671), (0.018127585, 0.0084249955, 0.9998002), (0.019843562, 0.00838157, 0.999768), (0.019876733, 0.0083848005, 0.99976724), (0.00014855256, -0.9999629, 0.008612028), (0.00015021383, -0.999963, 0.008606671), (0.00014983275, -0.9999629, 0.008606164), (0.00014816315, -0.9999629, 0.00860955), (0.00014983275, -0.9999629, 0.008606164), (0.00016121863, -0.9999629, 0.0086091), (0.000049627022, 0.999966, -0.008240545), (0.000048955848, 0.999966, -0.008240395), (0.00017320237, 0.99996614, -0.008237889), (0.021469528, 0.0011673662, -0.99976885), (0.022134773, 0.0008514, -0.9997546), (0.020437364, 0.0017695054, -0.9997896), (0.020437364, 0.0017695054, -0.9997896), (0.02042018, 0.0017653503, -0.9997899), (0.018812392, 0.00070768635, -0.99982274), (0.02042018, 0.0017653503, -0.9997899), (0.01873261, 0.0005735502, -0.9998244), (0.018812392, 0.00070768635, -0.99982274), (-0.00018312411, 0.9999629, -0.008608805), (-0.00018328993, 0.999963, -0.008608769), (-0.000054928376, 0.9999629, -0.008611993), (0.000172975, 0.9999661, -0.008238565), (0.00017320237, 0.99996614, -0.008237889), (0.00019746489, 0.999966, -0.008237336), (-0.99980533, -0.00015169672, -0.019731991), (-0.9998053, -0.00015141147, -0.019731957), (-0.99980533, -0.00015229237, -0.019732056), (-0.000047040703, -0.9999661, 0.008241063), (0.00005092491, -0.9999661, 0.0082414895), (0.000047900307, -0.999966, 0.008244249), (-0.018311294, 0.00776038, 0.99980223), (-0.019763751, 0.007693681, 0.999775), (-0.01972562, 0.0076908716, 0.9997759), (0.000049627022, 0.999966, -0.008240545), (-0.00004851968, 0.999966, -0.008241839), (-0.00005005712, 0.9999661, -0.008242732), (0.9998052, 0.0000012474774, 0.019734984), (0.9998052, 0.0000010905328, 0.019735571), (0.9998053, 0.0000015770388, 0.019733755), (-0.020648234, 0.0021066107, 0.9997846), (-0.01973166, -0.0017680797, 0.9998038), (-0.019728208, -0.0017666442, 0.99980384), (0.00017612406, 0.9999661, -0.008237072), (0.00015496567, 0.9999661, -0.008236451), (0.00015695461, 0.9999661, -0.008239941), (-0.00015007982, -0.999966, 0.0082412595), (-0.00015238003, -0.9999661, 0.00823852), (-0.00016015102, -0.9999661, 0.008240431), (0.99980325, -0.00016589047, -0.019833073), (0.9998033, -0.00016573453, -0.019833095), (0.9998033, -0.0001661688, -0.019833038), (-0.000054928376, 0.9999629, -0.008611993), (0.000043401167, 0.9999629, -0.008614751), (0.000040476752, 0.99996287, -0.008613543), (-0.019818602, -0.008383595, -0.99976844), (-0.019864418, -0.0083850045, -0.9997674), (-0.019860774, -0.008384894, -0.9997676), (0.000057184603, -0.9999629, 0.008612312), (-0.000035787507, -0.99996287, 0.008614637), (-0.000042118736, -0.99996287, 0.008613472), (-0.9998033, 0.0000031059913, 0.019834379), (-0.9998033, 0.0000035442085, 0.019834334), (-0.9998033, 0.0000023284754, 0.019834463), (0.00016121863, -0.9999629, 0.0086091), (0.0001708025, -0.999963, 0.008608024), (0.00017063324, -0.999963, 0.008609735), (-0.00018964942, 0.9999629, -0.0086088255), (-0.00017101565, 0.99996287, -0.008610459), (-0.0001708451, 0.999963, -0.008607527), (0.020808112, 0.0027315011, 0.99977976), (0.019865392, -0.002177029, 0.99980026), (0.019822044, -0.0021754429, 0.99980116), (0, 0, -1), (0, 0, -1), (0, 0, -1), (0, 0, -1), (0, 0, -0.99999994), (0, 0, -1), (0, 0, -1), (0, 0, -1), (0, 0, -1), (0, 0, -1), (0, 0, -1), (0, 0, -1), (1, 0, 0), (1, 0, 0), (1, 0, 0), (1, 0, 0), (1, 0, 0), (1, 0, 0), (0, 1, 0), (0, 1, 0), (0, 1, 0), (-1, 0, 0), (-1, 0, 0), (-1, 0, 0), (0, -1, 0), (0, -1, 0), (0, -1, 0), (-1, 0, 0), (-1, 0, 0), (-1, 0, 0), (-1, 0, 0), (-1, 0, 0), (-1, 0, 0), (-1, 2.859447e-7, 0), (-1, 0, 0), (-1, 6.498031e-7, 0), (0, 1, 0), (0, 1, 0), (0, 1, 0), (0, 1, 0), (0, 1, 0), (0, 1, 0), (0, 1, 0), (0, 1, 0), (0, 1, 0), (0, 1, 0), (0, 1, 0), (0, 1, 0), (0, 1, 0), (0, 1, 0), (0, 1, 0), (0, 1, 0), (0, 1, 0), (0, 1, 0), (0, -1, -4.8670074e-8), (0, -1, 0), (0, -1, -3.751664e-7), (-1, 0, -0.00011836702), (-1, 1.0229079e-9, -0.00011836708), (-1, 0, -0.00011836705), (0, 1, -4.2337845e-8), (0, 1, -2.7709808e-8), (0, 1, -3.3499649e-7), (1, -3.1715935e-8, 0.000117634714), (1, -3.36153e-8, 0.00011763466), (1, -3.7992947e-9, 0.00011763467), (-7.678116e-9, 2.0912425e-7, 1), (-0.16143802, 6.100163e-7, 0.9868828), (-0.037566677, 0.0000011020826, 0.99929416), (0, 6.0950424e-7, 1), (0, 6.095042e-7, 1), (-0.10904269, 2.5687393e-7, 0.99403703), (1.4788482e-7, 9.497536e-8, 1), (0.20178631, -0.0000029064754, 0.97942954), (0.14165586, 2.748217e-7, 0.98991597), (0, 0.0000015950491, 1), (0, 0.0000015950492, 1), (0.051387355, -0.000065937194, 0.9986788), (0, 1, -3.6529695e-9), (0, 1, 0), (0, 1, -2.7709808e-8), (-1, 3.415228e-8, -0.000118367076), (-1, 3.619808e-8, -0.00011836707), (-1, 1.0229079e-9, -0.00011836708), (1, 0, 0.00011763467), (1, 0, 0.00011763455), (1, -3.36153e-8, 0.00011763466), (0, -1, -3.7596377e-7), (0, -1, -3.751664e-7), (0, -1, 7.342744e-7), (0, 1, 0), (0, 1, 0), (0, 1, 0), (0.051387355, -0.000065937194, 0.9986788), (0.43851334, 0.0000010746232, 0.8987247), (0.43851295, 5.819506e-7, 0.89872485), (0, -1, 8.887819e-7), (0, -1, 0.0000010068653), (1.0417115e-7, -1, 5.9642616e-7), (1.0417115e-7, -1, 5.9642616e-7), (0, -0.99999994, 0.0000024761116), (2.0601202e-7, -1, 0.0000010886253), (1.2742971e-7, 9.441587e-7, 1), (-0.037566677, 0.0000011020826, 0.99929416), (0, 0.0000015950492, 1), (1.9223143e-7, 3.6850895e-7, 1), (0.14165586, 2.748217e-7, 0.98991597), (0, 6.095042e-7, 1), (-1.5963329e-7, 3.868803e-7, 1), (-0.10904269, 2.5687393e-7, 0.99403703), (-0.16143802, 6.100163e-7, 0.9868828), (4.6120303e-9, 0.000001064379, 1), (0.051387355, -0.000065937194, 0.9986788), (0.20178631, -0.0000029064754, 0.97942954), (0, -1.6266192e-7, -1), (0, -5.657002e-7, -1), (0, -5.6569326e-7, -1), (0, -5.657025e-7, -1), (0, -5.657002e-7, -1), (0, -1.6266192e-7, -1), (0, -5.657025e-7, -1), (0, -9.687373e-7, -1), (0, -9.687353e-7, -1), (0, -5.657002e-7, -1), (0, -9.687353e-7, -1), (0, -9.687359e-7, -1), (-0.16143802, 6.100163e-7, 0.9868828), (-0.41339132, 5.7557133e-7, 0.9105535), (-0.41339138, 0.000001113477, 0.91055346), (-1.0472638e-7, -1, 0.0000012113404), (0, -1, 0.000001431987), (0, -1, 0.0000010068653), (0, 1, 0), (0, 1, 0), (0, 1, 0), (0, -5.6569326e-7, -1), (0, -5.657087e-7, -1), (0, -1.62662e-7, -1), (1, 1.1456238e-9, 0), (1, -2.070982e-7, 0), (1, 7.340086e-11, 0), (1, -4.951244e-7, 0), (0.99999994, -9.1167465e-7, 0), (1, -2.070982e-7, 0), (0.20178631, -0.0000029064754, 0.97942954), (0.43851295, 5.819506e-7, 0.89872485), (0.43851286, 1.6173784e-7, 0.89872485), (0, -5.657025e-7, -1), (0, -5.6569564e-7, -1), (0, -9.687368e-7, -1), (0, -1.626619e-7, -1), (0, -1.6266188e-7, -1), (0, -5.6569564e-7, -1), (0, 1, 0), (0, 0.99999994, 0), (0, 1, 0), (-1, -2.3679225e-7, 0), (-1, -5.4842485e-7, 0), (-1, -6.160828e-7, 0), (-1, -6.405768e-8, 0), (-1, -7.1271074e-8, 0), (-1, -5.4842485e-7, 0), (-1.0472638e-7, -1, 0.0000012113404), (-4.6963305e-7, -1, 0), (-1.6118294e-7, -1, 6.5362343e-7), (0, 1, 0), (0, 1, 0), (0, 1, 0), (-0.10904269, 2.5687393e-7, 0.99403703), (-0.4133915, 1.1484502e-7, 0.91055334), (-0.41339132, 5.7557133e-7, 0.9105535), (0, -9.687359e-7, -1), (0, -9.687358e-7, -1), (0, -5.657087e-7, -1), (-0.01769358, -1.3213366e-9, -0.9998434), (-0.017689256, -5.6686514e-7, -0.9998436), (-0.017686006, -6.360352e-8, -0.9998436), (0.017691914, -4.837167e-8, -0.9998435), (0.017691972, -6.6872e-8, -0.99984354), (0.017693771, -5.1394085e-7, -0.9998434), (0.017692823, -3.419901e-8, -0.9998434), (0.017693771, -5.1394085e-7, -0.9998434), (0.017693356, -0.0000010202457, -0.9998434), (1, -1.7550649e-7, 7.670663e-7), (1, 0, 0), (1, -0.0000010262455, 0.0000011710819), (-0.017689036, 0, 0.99984354), (-0.017696451, 0, 0.99984336), (-0.017694743, 0, 0.9998435), (0.017705219, 0, 0.99984324), (0.017691052, 0, 0.9998435), (0.017688904, 0, 0.9998436), (-1, -4.543782e-7, -5.6091795e-7), (-1, -0.0000023755422, -6.503316e-7), (-1, -7.085887e-7, -3.6651434e-7), (-1, -7.085887e-7, -3.6651434e-7), (-1, 0, -3.935081e-7), (-1, 0, -4.068929e-7), (-1, 0, -3.935081e-7), (-1, 0, -3.935081e-7), (-1, 0, -4.068929e-7), (-1, 0, -4.068929e-7), (-1, 0, -4.7010994e-7), (-1, -7.085887e-7, -3.6651434e-7), (1, -5.713418e-7, 8.132451e-7), (1, 0, 7.870157e-7), (1, 0, 7.870158e-7), (1, 0, 7.870158e-7), (1, -1.7550649e-7, 7.670663e-7), (1, -5.713418e-7, 8.132451e-7), (1, -1.7550649e-7, 7.670663e-7), (1, 0.000001275141, 0.0000012858488), (1, 4.618405e-7, 0.000001092711), (1, -0.0000016993362, 9.327154e-7), (1, -1.7550649e-7, 7.670663e-7), (1, 4.618405e-7, 0.000001092711)] (
                    interpolation = "faceVarying"
                )
                point3f[] points = [(-0.092937395, -0.058690783, 0.20222199), (-0.09261385, 0.058136355, 0.020395381), (-0.08895872, 0.053717308, 0.020008449), (-0.09261385, 0.058136385, 0.20190492), (-0.092937395, 0.057696633, 0.20222196), (0.092937335, -0.058690812, 0.02007835), (0.092937335, -0.058690783, 0.20222199), (0.0926138, 0.058136355, 0.020395381), (0.08895869, 0.053717308, 0.02000742), (0.0926138, 0.058136385, 0.20190492), (0.092937335, 0.057696633, 0.20222196), (0, -0.058690783, 0.2038664), (0, 0.058136385, 0.20342663), (0, 0.057696633, 0.2038664), (0.0006761878, 0.058136355, 0.018873658), (-0.092716254, -0.058690794, 0.11115016), (-0.09227649, 0.058136366, 0.111150146), (-0.092716254, 0.057696614, 0.111150146), (0.092716254, -0.058690794, 0.11115016), (0.092716254, 0.057696614, 0.111150146), (0.09227649, 0.058136366, 0.111150146), (0.012689497, -0.059130542, 0.18311587), (-5.2980162e-11, -0.059130542, 0.18422605), (-0.012689497, -0.059130542, 0.18311587), (0.024993429, -0.059130542, 0.17981903), (-0.024993429, -0.059130542, 0.17981903), (0.036537945, -0.059130542, 0.17443575), (-0.036537945, -0.059130542, 0.17443575), (0.068668865, -0.059130546, 0.1361436), (0.07196571, -0.059130553, 0.12383967), (0.06328558, -0.059130546, 0.1476881), (0.05597936, -0.059130546, 0.15812245), (0.046971753, -0.05912463, 0.16705541), (-0.046972275, -0.059130546, 0.16712953), (-0.05597936, -0.059130546, 0.15812245), (-0.06328558, -0.059130546, 0.1476881), (-0.068668865, -0.059130546, 0.1361436), (-0.07196571, -0.059130553, 0.12383967), (0.06784782, -0.059130553, 0.11115016), (-0.07307588, -0.059130553, 0.11115016), (0.07196571, -0.059130553, 0.09846067), (-0.07196571, -0.059130553, 0.09846067), (0.068668865, -0.059130564, 0.08615674), (0.06328558, -0.059130564, 0.074612215), (0.055979367, -0.059130564, 0.064177886), (0.04697228, -0.059130564, 0.055170793), (0.03653794, -0.05913057, 0.04786458), (0.024993433, -0.05913057, 0.042481292), (0.012689503, -0.05913057, 0.039184455), (-1.38792354e-11, -0.05913057, 0.038074277), (-0.012689504, -0.05913057, 0.039184455), (-0.04697228, -0.059130564, 0.055170797), (-0.03653794, -0.05913057, 0.04786458), (-0.024993433, -0.05913057, 0.042481292), (-0.068668865, -0.059130564, 0.08615674), (-0.06328558, -0.059130564, 0.074612215), (-0.055979367, -0.059130564, 0.064177886), (0, -0.035482295, 0.16910021), (-0.01006292, -0.05065642, 0.16821982), (-0.019820083, -0.035482295, 0.1656054), (-0.028975017, -0.05065642, 0.16133638), (-0.037249565, -0.035482306, 0.15554246), (-0.044392303, -0.050656427, 0.14839973), (-0.050186213, -0.035482306, 0.14012519), (-0.054455217, -0.05065644, 0.13097025), (-0.05706965, -0.05065644, 0.12121308), (-0.057950035, -0.035482313, 0.11115016), (-0.05706965, -0.05065644, 0.10108725), (-0.054455217, -0.05065644, 0.09133008), (-0.050186213, -0.05065645, 0.082175136), (-0.044392303, -0.03548232, 0.073900595), (-0.03724957, -0.05065645, 0.066757865), (-0.028975017, -0.050656453, 0.06096395), (-0.019820087, -0.035482332, 0.05669494), (-0.0100629255, -0.035482332, 0.054080512), (0, -0.050656453, 0.053200122), (0, -0.035482313, 0.114510536), (-0.00058352103, -0.035482313, 0.11445949), (-0.0011493135, -0.035482313, 0.11430788), (-0.001680185, -0.035482313, 0.11406033), (-0.002160004, -0.035482313, 0.11372435), (-0.0025741938, -0.035482313, 0.11331017), (-0.0029101684, -0.035482313, 0.11283034), (-0.0031577158, -0.035482313, 0.11229947), (-0.0033093193, -0.035482313, 0.11173369), (-0.0033603716, -0.035482313, 0.11115016), (-0.0033093193, -0.035482313, 0.11056664), (-0.0031577158, -0.035482313, 0.11000084), (-0.0029101684, -0.035482313, 0.10946997), (-0.0025741938, -0.035482313, 0.108990155), (-0.002160004, -0.035482313, 0.10857596), (-0.001680185, -0.035482313, 0.10823999), (-0.0011493142, -0.035482313, 0.10799243), (-0.00058352103, -0.035482313, 0.10784084), (0, -0.035482313, 0.10778979), (-0.030866206, -0.04223093, 0.07769795), (0.01006292, -0.035482295, 0.16821982), (0.019820083, -0.035482295, 0.1656054), (0.028975017, -0.035482295, 0.16133638), (0.037249565, -0.035482306, 0.15554246), (0.044392303, -0.035482306, 0.14839973), (0.050186213, -0.050656434, 0.14012519), (0.054455217, -0.035482313, 0.13097025), (0.05706965, -0.035482313, 0.12121308), (0.057950035, -0.035482313, 0.11115016), (0.05706965, -0.035482313, 0.10108724), (0.054455217, -0.035482313, 0.09133008), (0.050186213, -0.03548232, 0.082175136), (0.044392303, -0.05065645, 0.073900595), (0.03724957, -0.03548232, 0.066757865), (0.028975017, -0.035482332, 0.06096395), (0.019820087, -0.035482332, 0.05669494), (0.0100629255, -0.035482332, 0.054080512), (0.00058352103, -0.035482313, 0.11445949), (0.0011493135, -0.035482313, 0.11430788), (0.001680185, -0.035482313, 0.11406033), (0.002160004, -0.035482313, 0.11372435), (0.0025741938, -0.035482313, 0.11331017), (0.0029101684, -0.035482313, 0.11283034), (0.0031577158, -0.035482313, 0.11229947), (0.0033093193, -0.035482313, 0.11173369), (0.0033603716, -0.035482313, 0.11115016), (0.0033093193, -0.035482313, 0.11056664), (0.0031577158, -0.035482313, 0.11000084), (0.0029101684, -0.035482313, 0.10946997), (0.0025741938, -0.035482313, 0.108990155), (0.002160004, -0.035482313, 0.10857596), (0.001680185, -0.035482313, 0.10823999), (0.0011493142, -0.035482313, 0.10799243), (0.00058352103, -0.035482313, 0.10784084), (0.030866206, -0.04223093, 0.07769795), (0.0000808044, -0.03824071, 0.11101021), (0.00012380202, -0.03824071, 0.11104628), (-0.0004217029, -0.03611421, 0.11150401), (-0.00051729265, -0.03611421, 0.111338444), (-0.0005504925, -0.03611421, 0.11115016), (-0.0005172923, -0.03611421, 0.11096188), (0.00015186449, -0.03824071, 0.11109489), (0.00016161126, -0.03824071, 0.11115016), (-0.00009559137, -0.03611421, 0.11060803), (0.00015186463, -0.03824071, 0.111205444), (0.00027524203, -0.03611421, 0.11162691), (0.0004217029, -0.03611421, 0.11150401), (0.00012380177, -0.03824071, 0.111254044), (0.00008080443, -0.03824071, 0.11129012), (0.0000280633, -0.03824071, 0.11130932), (-0.00002806321, -0.03824071, 0.11099101), (-0.00008080422, -0.03824071, 0.11101021), (0.00009559137, -0.03611421, 0.11060803), (-0.0005314144, -0.03611421, 0.114163965), (0, -0.03611421, 0.114210464), (-0.0010466825, -0.03611421, 0.114025906), (-0.0015301482, -0.03611421, 0.11380046), (-0.0019671216, -0.03611421, 0.11349449), (-0.0023443254, -0.03611421, 0.11311728), (-0.0026502982, -0.03611421, 0.11268031), (-0.0028757406, -0.03611421, 0.11219684), (-0.0030138062, -0.03611421, 0.11168159), (-0.0030603, -0.03611421, 0.11115016), (-0.0030138062, -0.03611421, 0.11061875), (-0.0028757406, -0.03611421, 0.11010347), (-0.0026502982, -0.03611421, 0.109620005), (-0.0023443252, -0.03611421, 0.109183036), (-0.0019671216, -0.03611421, 0.108805835), (-0.0015301483, -0.03611421, 0.10849986), (-0.0010466848, -0.03611421, 0.108274415), (-0.0005314147, -0.03611421, 0.108136356), (0, -0.03611421, 0.10808985), (0.0005314144, -0.03611421, 0.114163965), (0.0010466825, -0.03611421, 0.114025906), (0.0015301482, -0.03611421, 0.11380046), (0.0019671216, -0.03611421, 0.11349449), (0.0023443254, -0.03611421, 0.11311728), (0.0026502982, -0.03611421, 0.11268031), (0.0028757406, -0.03611421, 0.11219684), (0.0030138062, -0.03611421, 0.11168159), (0.0030603, -0.03611421, 0.11115016), (0.0030138062, -0.03611421, 0.11061875), (0.0028757406, -0.03611421, 0.11010347), (0.0026502982, -0.03611421, 0.109620005), (0.0023443252, -0.03611421, 0.109183036), (0.0019671216, -0.03611421, 0.108805835), (0.0015301483, -0.03611421, 0.10849986), (0.0010466848, -0.03611421, 0.108274415), (0.0005314147, -0.03611421, 0.108136356), (-0.00009559173, -0.036727007, 0.111692294), (-0.00027524173, -0.036727007, 0.11162691), (-0.0004217029, -0.036727007, 0.11150401), (-0.00051729265, -0.036727007, 0.111338444), (-0.0005504925, -0.036727007, 0.11115016), (-0.0005172923, -0.036727007, 0.11096188), (-0.00042170365, -0.036727007, 0.11079631), (-0.00027524188, -0.036727007, 0.11067342), (-0.00009559137, -0.036727007, 0.11060803), (0.00009559112, -0.036727007, 0.111692294), (0.00027524203, -0.036727007, 0.11162691), (0.0004217029, -0.036727007, 0.11150401), (0.00051729265, -0.036727007, 0.111338444), (0.0005504925, -0.036727007, 0.11115016), (0.0005172923, -0.036727007, 0.11096188), (0.00042170365, -0.036727007, 0.11079631), (0.00027524188, -0.036727007, 0.11067342), (0.00009559137, -0.036727007, 0.11060803), (-0.00042253584, -0.036727007, 0.1135465), (-0.0012166273, -0.036727007, 0.113257475), (-0.0018640169, -0.036727007, 0.112714246), (-0.0022865438, -0.036727007, 0.11198242), (-0.0024332942, -0.036727007, 0.11115016), (-0.002286542, -0.036727007, 0.11031791), (-0.0018640198, -0.036727007, 0.10958607), (-0.0012166279, -0.036727007, 0.109042846), (-0.0004225342, -0.036727007, 0.10875382), (0.0004225332, -0.036727007, 0.11354651), (0.0012166287, -0.036727007, 0.113257475), (0.0018640171, -0.036727007, 0.112714246), (0.0022865445, -0.036727007, 0.11198242), (0.0024332944, -0.036727007, 0.11115016), (0.0022865422, -0.036727007, 0.11031791), (0.0018640202, -0.036727007, 0.10958607), (0.001216628, -0.036727007, 0.109042846), (0.00042253433, -0.036727007, 0.10875382), (-0.00021710877, -0.037330896, 0.11238145), (-0.00062513154, -0.037330896, 0.11223295), (-0.0009577755, -0.037330896, 0.11195383), (-0.00117488, -0.037330896, 0.1115778), (-0.0012502837, -0.037330896, 0.11115016), (-0.0011748788, -0.037330896, 0.11072253), (-0.000957777, -0.037330896, 0.110346496), (-0.0006251319, -0.037330896, 0.11006737), (-0.00021710794, -0.037330896, 0.10991886), (0.00021710749, -0.037330896, 0.112381466), (0.00062513247, -0.037330896, 0.11223295), (0.0009577758, -0.037330896, 0.11195383), (0.0011748802, -0.037330896, 0.1115778), (0.0012502839, -0.037330896, 0.11115016), (0.0011748791, -0.037330896, 0.11072253), (0.0009577775, -0.037330896, 0.110346496), (0.00062513206, -0.037330896, 0.11006737), (0.00021710809, -0.037330896, 0.10991886), (-0.00009149912, -0.03824071, 0.11166908), (-0.00026345777, -0.03824071, 0.11160649), (-0.00040364848, -0.03824071, 0.111488864), (-0.0004951458, -0.03824071, 0.11133039), (-0.0005269243, -0.03824071, 0.11115016), (-0.0004951454, -0.03824071, 0.11096994), (-0.00040364914, -0.03824071, 0.11081147), (-0.00026345797, -0.03824071, 0.110693835), (-0.00009149876, -0.03824071, 0.110631235), (0.00009149868, -0.03824071, 0.11166908), (0.00026345823, -0.03824071, 0.11160649), (0.0004036487, -0.03824071, 0.111488864), (0.0004951461, -0.03824071, 0.11133039), (0.0005269245, -0.03824071, 0.11115016), (0.0004951457, -0.03824071, 0.11096994), (0.00040364946, -0.03824071, 0.11081147), (0.0002634581, -0.03824071, 0.110693835), (0.0000914989, -0.03824071, 0.110631235), (-0.00009559173, -0.03611421, 0.111692294), (0.00009559112, -0.03611421, 0.111692294), (-0.00027524173, -0.03611421, 0.11162691), (-0.00012380177, -0.03824071, 0.11104628), (-0.00015186431, -0.03824071, 0.11109489), (-0.00016161108, -0.03824071, 0.11115016), (-0.00042170365, -0.03611421, 0.11079631), (-0.00027524188, -0.03611421, 0.11067342), (-0.00015186441, -0.03824071, 0.111205444), (-0.00012380157, -0.03824071, 0.111254044), (-0.00008080418, -0.03824071, 0.11129012), (-0.000028063321, -0.03824071, 0.11130931), (0.00051729265, -0.03611421, 0.111338444), (0.0005504925, -0.03611421, 0.11115016), (0.0005172923, -0.03611421, 0.11096188), (0.000028063374, -0.03824071, 0.11099101), (0.00042170365, -0.03611421, 0.11079631), (0.00027524188, -0.03611421, 0.11067342), (-0.0003853944, -0.037330896, 0.11333586), (-0.0011096842, -0.037330896, 0.11307225), (-0.0017001672, -0.037330896, 0.11257677), (-0.002085554, -0.037330896, 0.11190926), (-0.0022194043, -0.037330896, 0.11115016), (-0.002085552, -0.037330896, 0.110391065), (-0.0017001702, -0.037330896, 0.10972356), (-0.0011096848, -0.037330896, 0.10922808), (-0.00038539295, -0.037330896, 0.10896446), (0.00038539202, -0.037330896, 0.11333586), (0.0011096855, -0.037330896, 0.11307223), (0.0017001678, -0.037330896, 0.11257677), (0.0020855542, -0.037330896, 0.11190926), (0.0022194053, -0.037330896, 0.11115016), (0.0020855526, -0.037330896, 0.110391065), (0.0017001707, -0.037330896, 0.10972356), (0.0011096849, -0.037330896, 0.10922808), (0.0003853931, -0.037330896, 0.10896446), (-0.00021710877, -0.03770315, 0.11238145), (-0.00062513154, -0.03770315, 0.11223295), (-0.0009577755, -0.03770315, 0.11195383), (-0.00117488, -0.03770315, 0.1115778), (-0.0012502837, -0.03770315, 0.11115016), (-0.0011748788, -0.03770315, 0.11072253), (-0.000957777, -0.03770315, 0.110346496), (-0.0006251319, -0.03770315, 0.11006737), (-0.00021710794, -0.03770315, 0.10991886), (0.00021710749, -0.03770315, 0.112381466), (0.00062513247, -0.03770315, 0.11223295), (0.0009577758, -0.03770315, 0.11195383), (0.0011748802, -0.03770315, 0.1115778), (0.0012502839, -0.03770315, 0.11115016), (0.0011748791, -0.03770315, 0.11072253), (0.0009577775, -0.03770315, 0.110346496), (0.00062513206, -0.03770315, 0.11006737), (0.00021710809, -0.03770315, 0.10991886), (0.00008125286, -0.038709786, 0.11121835), (0.00012380177, -0.038655087, 0.111254044), (0.000053032476, -0.038709786, 0.11124202), (0.00008080443, -0.038655087, 0.11129012), (0.000018418199, -0.038709786, 0.111254625), (0.0000280633, -0.038655087, 0.11130932), (-0.00002806321, -0.038655087, 0.11099101), (-0.000018418175, -0.038709786, 0.11104571), (-0.00005303226, -0.038709786, 0.11105831), (-0.00008080422, -0.038655087, 0.11101021), (-0.00008125276, -0.038709786, 0.11108199), (-0.00012380177, -0.038655087, 0.11104629), (-0.00015186431, -0.038655087, 0.11109489), (-0.00009967034, -0.038709786, 0.11111388), (-0.00010606735, -0.038709786, 0.11115016), (-0.00016161108, -0.038655087, 0.11115016), (-0.00009967043, -0.038709786, 0.111186445), (-0.00015186441, -0.038655087, 0.111205444), (0.000099670644, -0.038709786, 0.111186445), (0.00015186463, -0.038655087, 0.111205444), (0.00010606753, -0.038709786, 0.11115016), (0.00016161126, -0.038655087, 0.11115016), (0.00009967051, -0.038709786, 0.11111388), (0.00015186449, -0.038655087, 0.11109489), (0.00008125299, -0.038709786, 0.11108199), (0.00012380202, -0.038655087, 0.11104629), (0.000053032443, -0.038709786, 0.11105831), (0.0000808044, -0.038655087, 0.11101021), (0.000018418352, -0.038709786, 0.11104571), (0.000028063374, -0.038655087, 0.11099101), (-0.000018418168, -0.038709786, 0.111254625), (-0.000028063321, -0.038655087, 0.11130932), (-0.00005303227, -0.038709786, 0.11124202), (-0.00008080418, -0.038655087, 0.11129012), (-0.00012380157, -0.038655087, 0.111254044), (-0.000081252634, -0.038709786, 0.11121835), (0.000338094, 0.058136366, 0.11115012), (-5.2980162e-11, -0.059130542, 0.17706211), (0.011445491, -0.059130542, 0.17606077), (-0.011445491, -0.059130542, 0.17606077), (0.022543214, -0.059130546, 0.17308713), (-0.022543214, -0.059130546, 0.17308713), (0.03295597, -0.059130546, 0.16823159), (-0.03295597, -0.059130546, 0.16823159), (0.06193696, -0.059130546, 0.1336934), (0.0649106, -0.059130553, 0.12259565), (0.057081424, -0.059130546, 0.14410613), (0.050491467, -0.059130546, 0.15351756), (0.042367384, -0.059130546, 0.16164164), (-0.042367384, -0.059130546, 0.16164164), (-0.050491467, -0.059130546, 0.15351756), (-0.057081424, -0.059130546, 0.14410613), (-0.06193696, -0.059130546, 0.1336934), (-0.0649106, -0.059130553, 0.12259565), (0.06591194, -0.059130553, 0.11115016), (-0.06591194, -0.059130553, 0.11115016), (0.0649106, -0.059130553, 0.099704675), (-0.0649106, -0.059130553, 0.099704675), (0.06193696, -0.059130564, 0.08860695), (0.057081424, -0.059130564, 0.07819418), (0.050491475, -0.059130564, 0.068782784), (0.042367384, -0.059130564, 0.060658686), (0.03295597, -0.059130564, 0.05406874), (0.022543222, -0.059130564, 0.0492132), (0.011445497, -0.05913057, 0.04623957), (-5.2980162e-11, -0.05913057, 0.04523822), (-0.011445497, -0.05913057, 0.04623957), (-0.042367384, -0.059130564, 0.060658686), (-0.03295597, -0.059130564, 0.05406874), (-0.022543222, -0.059130564, 0.0492132), (-0.06193696, -0.059130564, 0.08860695), (-0.057081424, -0.059130564, 0.07819418), (-0.050491475, -0.059130564, 0.068782784), (-0.0011610421, -0.06476288, 0.110479824), (-0.05136428, -0.043656286, 0.08149497), (-0.01731276, -0.06345216, 0.10115463), (-0.026819134, -0.06049566, 0.09566613), (-0.036263395, -0.055890806, 0.090213485), (-0.04472108, -0.05008836, 0.085330434), (-0.045434367, -0.04365628, 0.073026195), (-0.0010270247, -0.06476288, 0.110288434), (-0.03955811, -0.050088346, 0.07795697), (-0.032076858, -0.0558908, 0.08423449), (-0.023722922, -0.06049565, 0.091244295), (-0.015314047, -0.063452154, 0.098300196), (-0.00067032507, -0.06476288, 0.109989114), (-0.029655177, -0.043656286, 0.05978588), (-0.009995525, -0.06345216, 0.0938374), (-0.015484034, -0.060495667, 0.08433103), (-0.02093668, -0.05589081, 0.07488676), (-0.025819724, -0.05008836, 0.066429086), (-0.03812396, -0.043656286, 0.065715805), (-0.000861732, -0.064762875, 0.110123135), (-0.033193193, -0.050088353, 0.071592055), (-0.026915671, -0.055890806, 0.0790733), (-0.019905878, -0.060495656, 0.08742725), (-0.012849982, -0.06345215, 0.095836125), (-0.020285342, -0.043656286, 0.05541667), (-0.00045855818, -0.064762875, 0.10989038), (-0.017661737, -0.050088353, 0.06262497), (-0.0143215405, -0.055890806, 0.07180208), (-0.010591711, -0.060495656, 0.08204972), (-0.006837355, -0.06345215, 0.092364736), (-0.0002327805, -0.06476288, 0.10982988), (-0.010299142, -0.043656286, 0.05274086), (-0.0034713915, -0.06345216, 0.09146283), (-0.0053775385, -0.060495667, 0.08065258), (-0.007271231, -0.05589081, 0.06991296), (-0.008967099, -0.05008836, 0.06029523), (3.7481637e-12, -0.043656286, 0.051839814), (2.3658626e-9, -0.064762875, 0.1098095), (-4.016263e-11, -0.050088353, 0.05951072), (-6.693771e-11, -0.055890806, 0.069276795), (-6.693771e-11, -0.060495656, 0.08018211), (-4.016263e-11, -0.06345215, 0.09115913), (0.00023278827, -0.06476288, 0.10982988), (0.010299142, -0.043656286, 0.05274086), (0.0034714022, -0.06345216, 0.09146283), (0.005377545, -0.060495667, 0.08065258), (0.007271234, -0.05589081, 0.06991296), (0.008967101, -0.05008836, 0.06029523), (0.00045854528, -0.064762875, 0.109890364), (0.020285342, -0.043656286, 0.05541667), (0.0068373554, -0.06345215, 0.092364736), (0.010591711, -0.060495656, 0.08204972), (0.0143215405, -0.055890806, 0.07180208), (0.017661737, -0.050088353, 0.06262497), (0.029655177, -0.043656286, 0.05978588), (0.0006703342, -0.06476288, 0.109989114), (0.025819726, -0.05008836, 0.06642908), (0.020936685, -0.05589081, 0.07488676), (0.015484037, -0.060495667, 0.08433103), (0.009995533, -0.06345216, 0.0938374), (0.0008617313, -0.06476288, 0.110123135), (0.03812396, -0.043656286, 0.065715805), (0.012849983, -0.06345216, 0.095836125), (0.019905878, -0.060495667, 0.08742725), (0.026915673, -0.05589081, 0.0790733), (0.033193193, -0.05008836, 0.071592055), (0.0010270267, -0.06476288, 0.110288434), (0.045434367, -0.04365628, 0.073026195), (0.015314045, -0.063452154, 0.098300196), (0.023722922, -0.06049565, 0.091244295), (0.032076854, -0.0558908, 0.08423449), (0.03955811, -0.050088346, 0.07795697), (0.05136428, -0.043656286, 0.08149497), (0.0011610432, -0.06476288, 0.110479824), (0.04472108, -0.05008836, 0.085330434), (0.0362634, -0.055890806, 0.090213485), (0.026819134, -0.06049566, 0.09566613), (0.01731276, -0.06345216, 0.10115463), (-0.0557335, -0.04365628, 0.09086483), (-0.001259795, -0.06476288, 0.1106916), (-0.048525203, -0.050088353, 0.09348843), (-0.03934808, -0.055890806, 0.096828625), (-0.029100455, -0.06049566, 0.10055845), (-0.01878543, -0.06345216, 0.10431281), (0.0557335, -0.043656275, 0.09086483), (0.0012597946, -0.06476288, 0.1106916), (0.048525203, -0.05008834, 0.09348843), (0.03934808, -0.05589079, 0.096828625), (0.029100452, -0.06049565, 0.10055845), (0.01878543, -0.063452154, 0.10431281), (-0.0013202893, -0.06476288, 0.110917374), (-0.058409296, -0.04365628, 0.10085102), (-0.019687336, -0.06345216, 0.10767876), (-0.030497584, -0.06049566, 0.10577263), (-0.041237205, -0.055890806, 0.10387893), (-0.05085492, -0.050088353, 0.10218307), (0.0013202898, -0.06476288, 0.110917374), (0.058409296, -0.04365628, 0.10085102), (0.019687336, -0.06345216, 0.10767876), (0.030497584, -0.06049566, 0.10577263), (0.041237205, -0.055890806, 0.10387893), (0.05085492, -0.050088353, 0.10218307), (-0.059310354, -0.04365628, 0.11115016), (-0.0013406556, -0.06476288, 0.11115016), (-0.05163945, -0.050088353, 0.11115016), (-0.041873354, -0.055890806, 0.11115016), (-0.030968059, -0.06049566, 0.11115016), (-0.019991044, -0.06345216, 0.11115016), (-0.0013202885, -0.06476288, 0.11138297), (-0.058409296, -0.04365628, 0.121449284), (-0.019687336, -0.06345216, 0.11462157), (-0.030497584, -0.06049566, 0.116527714), (-0.04123721, -0.055890806, 0.1184214), (-0.05085493, -0.050088353, 0.12011726), (-0.0557335, -0.043656275, 0.1314355), (-0.0012598017, -0.06476288, 0.11160869), (-0.048525207, -0.05008834, 0.12881188), (-0.03934808, -0.05589079, 0.12547171), (-0.029100455, -0.06049565, 0.121741876), (-0.018785436, -0.063452154, 0.11798751), (-0.05136428, -0.043656275, 0.14080532), (-0.0011610519, -0.06476272, 0.11182047), (-0.044721078, -0.05008834, 0.13696988), (-0.036263395, -0.055890772, 0.13208683), (-0.026819134, -0.060495593, 0.1266342), (-0.01731276, -0.06345204, 0.12114567), (-0.0010269977, -0.064762875, 0.11201193), (-0.04543436, -0.043656267, 0.14927413), (-0.015314023, -0.063452154, 0.124000154), (-0.023722904, -0.060495656, 0.13105607), (-0.032076843, -0.05589079, 0.13806584), (-0.039558105, -0.05008834, 0.14434335), (0.04543436, -0.043656267, 0.14927413), (0.0010269983, -0.064762875, 0.11201193), (0.039558105, -0.05008834, 0.14434335), (0.032076843, -0.05589079, 0.13806584), (0.023722904, -0.060495656, 0.13105607), (0.015314023, -0.063452154, 0.124000154), (0.0013406551, -0.06476288, 0.11115016), (0.059310354, -0.04365628, 0.11115016), (0.019991044, -0.06345216, 0.11115016), (0.030968059, -0.06049566, 0.11115016), (0.041873354, -0.055890806, 0.11115016), (0.05163945, -0.050088353, 0.11115016), (0.058409296, -0.04365628, 0.121449284), (0.0013202886, -0.06476288, 0.11138297), (0.05085493, -0.050088353, 0.12011726), (0.04123721, -0.055890806, 0.1184214), (0.030497584, -0.06049566, 0.116527714), (0.019687336, -0.06345216, 0.11462157), (0.05136428, -0.043656275, 0.14080532), (0.0011610506, -0.06476272, 0.11182047), (0.044721074, -0.05008834, 0.13696988), (0.036263395, -0.055890772, 0.13208683), (0.026819134, -0.060495593, 0.1266342), (0.01731276, -0.06345204, 0.12114567), (0.0012598017, -0.06476288, 0.11160869), (0.0557335, -0.043656275, 0.1314355), (0.018785428, -0.063452154, 0.11798751), (0.029100452, -0.06049565, 0.121741876), (0.039348077, -0.05589079, 0.12547171), (0.0485252, -0.05008834, 0.12881188), (-0.03812396, -0.04365626, 0.1565845), (-0.00086173706, -0.064762875, 0.11217717), (-0.033193193, -0.05008834, 0.15070826), (-0.026915671, -0.05589079, 0.14322701), (-0.019905878, -0.060495656, 0.13487308), (-0.012849987, -0.06345216, 0.1264642), (0.00086173986, -0.06476288, 0.11217717), (0.03812396, -0.04365626, 0.1565845), (0.0128499875, -0.063452154, 0.1264642), (0.019905882, -0.06049565, 0.13487308), (0.026915673, -0.05589079, 0.14322701), (0.033193197, -0.050088335, 0.15070826), (-0.0006703278, -0.06476303, 0.11231119), (-0.029655177, -0.04365626, 0.16251446), (-0.009995527, -0.06345226, 0.12846294), (-0.015484034, -0.06049571, 0.1379693), (-0.02093668, -0.05589081, 0.14741355), (-0.025819724, -0.05008834, 0.15587123), (0.029655177, -0.04365626, 0.16251446), (0.00067032094, -0.06476303, 0.112311214), (0.02581972, -0.05008834, 0.15587123), (0.020936675, -0.05589081, 0.14741355), (0.015484027, -0.06049571, 0.1379693), (0.009995516, -0.06345226, 0.12846294), (-0.020285338, -0.043656252, 0.16688366), (-0.00045853964, -0.064762875, 0.11240996), (-0.017661735, -0.050088327, 0.15967536), (-0.014321536, -0.055890787, 0.15049824), (-0.010591707, -0.06049564, 0.14025061), (-0.0068373503, -0.063452154, 0.12993559), (0.02028534, -0.043656252, 0.16688366), (0.00045854918, -0.064762875, 0.11240996), (0.017661735, -0.050088327, 0.15967536), (0.014321536, -0.055890787, 0.15049824), (0.010591707, -0.06049564, 0.14025061), (0.0068373503, -0.063452154, 0.12993559), (0.0002327834, -0.06476287, 0.11247046), (0.010299136, -0.043656252, 0.16955945), (0.0034713992, -0.06345214, 0.1308375), (0.0053775418, -0.06049563, 0.14164774), (0.007271231, -0.055890772, 0.15238738), (0.008967095, -0.05008832, 0.16200508), (-0.00023278773, -0.06476287, 0.11247046), (-0.010299136, -0.043656252, 0.16955945), (-0.0034714018, -0.06345214, 0.1308375), (-0.0053775436, -0.06049563, 0.14164774), (-0.007271231, -0.055890772, 0.15238738), (-0.008967095, -0.05008832, 0.16200508), (-1.231052e-9, -0.064762875, 0.112490825), (3.748138e-12, -0.043656252, 0.1704605), (-1.874256e-10, -0.063452154, 0.13114123), (-1.5395674e-10, -0.06049564, 0.14211823), (-1.0710034e-10, -0.055890787, 0.15302353), (-4.68564e-11, -0.050088327, 0.16278961), (-0.00767335, -0.0644709, 0.104711495), (-0.008674822, -0.0644709, 0.10614176), (-0.003425972, -0.064470895, 0.10173745), (-0.0050084083, -0.0644709, 0.10247535), (0, -0.064470895, 0.101133354), (-0.001739375, -0.0644709, 0.10128553), (0.008674823, -0.0644709, 0.10614176), (0.007673351, -0.0644709, 0.104711495), (-0.008674826, -0.06447074, 0.11615856), (-0.0076733185, -0.064470895, 0.117588855), (0.008674826, -0.06447074, 0.11615856), (0.009412722, -0.0644709, 0.114576116), (0.009412716, -0.0644709, 0.10772419), (-0.0034259662, -0.064470895, 0.12056288), (-0.0017393928, -0.06447089, 0.1210148), (0.009864639, -0.0644709, 0.112889566), (0.010016812, -0.0644709, 0.11115016), (0.0050083995, -0.06447105, 0.11982499), (0.006438672, -0.0644709, 0.118823506), (-0.009412722, -0.0644709, 0.114576116), (0.007673319, -0.064470895, 0.117588855), (0.0064386665, -0.0644709, 0.10347684), (-0.009412716, -0.0644709, 0.10772419), (-0.0098646395, -0.0644709, 0.10941078), (-0.006438665, -0.064470895, 0.10347684), (0.0050084223, -0.0644709, 0.10247537), (0.0034259723, -0.064470895, 0.101737455), (0.0098646395, -0.0644709, 0.10941078), (-2.1420068e-10, -0.064470895, 0.12116698), (0.0034259674, -0.064470895, 0.12056288), (-0.006438671, -0.064470895, 0.118823506), (-0.005008414, -0.06447105, 0.11982499), (-0.010016812, -0.0644709, 0.11115016), (-0.009864639, -0.0644709, 0.112889566), (0.0017393909, -0.0644709, 0.10128553), (0.0017393882, -0.06447089, 0.1210148), (-0.0034313814, -0.0646981, 0.108270936), (-0.0038792067, -0.0646981, 0.10891051), (-0.0015320418, -0.0646981, 0.106940985), (-0.0022396587, -0.0646981, 0.107270956), (8.2830304e-10, -0.0646981, 0.10667085), (-0.00077780115, -0.0646981, 0.10673889), (0.0038792086, -0.0646981, 0.10891051), (0.0034313824, -0.0646981, 0.108270936), (-0.0038792146, -0.064697936, 0.11338981), (-0.0034313528, -0.0646981, 0.11402941), (0.0038792137, -0.064697936, 0.11338981), (0.00420918, -0.0646981, 0.11268218), (0.0042091734, -0.0646981, 0.10961811), (-0.0015320271, -0.0646981, 0.11535936), (-0.0007778129, -0.064698085, 0.11556143), (0.0044112704, -0.0646981, 0.11192798), (0.004479319, -0.0646981, 0.11115016), (0.0022396522, -0.06469826, 0.11502939), (0.0028792357, -0.0646981, 0.11458154), (-0.00420918, -0.0646981, 0.11268218), (0.0034313537, -0.0646981, 0.11402941), (0.0028792291, -0.0646981, 0.10771878), (-0.0042091734, -0.0646981, 0.10961811), (-0.004411271, -0.0646981, 0.11037236), (-0.0028792291, -0.0646981, 0.10771878), (0.0022396706, -0.0646981, 0.107270956), (0.001532033, -0.0646981, 0.106940985), (0.0044112713, -0.0646981, 0.11037236), (-7.733052e-10, -0.0646981, 0.11562949), (0.0015320345, -0.0646981, 0.115359336), (-0.0028792345, -0.0646981, 0.11458154), (-0.0022396627, -0.06469826, 0.115029365), (-0.004479319, -0.0646981, 0.11115016), (-0.0044112704, -0.0646981, 0.11192798), (0.00077781157, -0.0646981, 0.10673889), (0.00077780883, -0.064698085, 0.11556143), (-5.2980162e-11, -0.059130542, 0.17899798), (0.0117816515, -0.059130542, 0.17796722), (-0.0117816515, -0.059130542, 0.17796722), (0.023205323, -0.059130542, 0.17490625), (-0.023205323, -0.059130542, 0.17490625), (0.03392391, -0.059130546, 0.16990809), (-0.03392391, -0.059130546, 0.16990809), (0.063756086, -0.059130546, 0.13435549), (0.06681706, -0.059130553, 0.12293182), (0.058757946, -0.059130546, 0.14507407), (0.051974434, -0.059130546, 0.15476191), (0.04361174, -0.059130546, 0.1631246), (-0.04361174, -0.059130546, 0.1631246), (-0.051974434, -0.059130546, 0.15476191), (-0.058757946, -0.059130546, 0.14507407), (-0.063756086, -0.059130546, 0.13435549), (-0.06681706, -0.059130553, 0.12293182), (0.07307588, -0.059130553, 0.11115016), (-0.06784782, -0.059130553, 0.11115016), (0.06681706, -0.059130553, 0.09936851), (-0.06681706, -0.059130553, 0.09936851), (0.063756086, -0.059130564, 0.08794484), (0.058757946, -0.059130564, 0.07722625), (0.051974438, -0.059130564, 0.067538425), (0.04361174, -0.059130564, 0.05917572), (0.03392391, -0.059130564, 0.05239222), (0.023205329, -0.05913057, 0.047394074), (0.011781658, -0.05913057, 0.0443331), (-5.2980162e-11, -0.05913057, 0.043302342), (-0.011781659, -0.05913057, 0.0443331), (-0.04361174, -0.059130564, 0.059175726), (-0.03392391, -0.059130564, 0.05239222), (-0.023205329, -0.05913057, 0.047394074), (-0.063756086, -0.059130564, 0.08794484), (-0.058757946, -0.059130564, 0.07722625), (-0.051974438, -0.059130564, 0.067538425), (-0.08138417, -0.05871154, 0.031396165), (-0.08138417, -0.05871151, 0.19090416), (0.08139127, -0.05871154, 0.031396165), (0.08139127, -0.05871151, 0.19090416), (0.000003502839, -0.05871151, 0.19234423), (0.00059595285, -0.05871154, 0.029956087), (-0.08119058, -0.05871152, 0.11115016), (0.08119758, -0.05871152, 0.11115016), (0.092716254, -0.06895495, 0.11115017), (0.09076804, -0.071249, 0.11115017), (-0.092716254, -0.06895495, 0.11115017), (-0.0907674, -0.071249, 0.11115017), (0.0006628986, -0.07124902, 0.020382453), (0, -0.06895494, 0.2038664), (5.923704e-7, -0.071248986, 0.2019179), (0.092937335, -0.06895494, 0.20222199), (0.09102955, -0.071248986, 0.20035191), (0.09102955, -0.07124902, 0.021948442), (-0.09102878, -0.071248986, 0.20035227), (-0.092937395, -0.06895494, 0.20222199), (-0.09102878, -0.07124902, 0.021948079), (-0.08138417, -0.06684337, 0.031396173), (-0.085049585, -0.07124902, 0.027805435), (-0.085049585, -0.071248986, 0.19449492), (-0.08138417, -0.066843346, 0.19090417), (0.08505512, -0.07124902, 0.027804743), (0.08139127, -0.06684337, 0.031396173), (0.08139127, -0.066843346, 0.19090417), (0.08505512, -0.071248986, 0.19449559), (0.000003502839, -0.066843346, 0.19234423), (0.0000023652135, -0.071248986, 0.19608633), (0.00059595285, -0.06684337, 0.029956093), (0.00062212016, -0.07124902, 0.026214011), (-0.08119058, -0.06684335, 0.11115017), (-0.08493328, -0.071249, 0.11115017), (0.08119758, -0.06684335, 0.11115017), (0.08493904, -0.071249, 0.11115017), (-0.050186213, -0.050656434, 0.14012519), (-0.044392303, -0.035482306, 0.14839973), (-0.03724957, -0.03548232, 0.066757865), (-0.044392303, -0.05065645, 0.073900595), (0.044392303, -0.050656427, 0.14839973), (0.050186213, -0.035482306, 0.14012519), (0.044392303, -0.03548232, 0.073900595), (0.03724957, -0.05065645, 0.066757865), (-0.054455217, -0.035482313, 0.13097025), (-0.028975017, -0.035482332, 0.06096395), (0.054455217, -0.05065644, 0.13097025), (0.028975017, -0.050656453, 0.06096395), (0.019820087, -0.050656453, 0.05669494), (-0.05706965, -0.035482313, 0.12121308), (-0.019820087, -0.050656453, 0.05669494), (0.05706965, -0.05065644, 0.12121308), (0.0100629255, -0.050656453, 0.054080512), (0.057950035, -0.05065644, 0.11115016), (0, -0.05065642, 0.16910021), (0.01006292, -0.05065642, 0.16821982), (-0.01006292, -0.035482295, 0.16821982), (-0.057950035, -0.05065644, 0.11115016), (-0.0100629255, -0.050656453, 0.054080512), (-0.019820083, -0.05065642, 0.1656054), (-0.05706965, -0.035482313, 0.10108724), (0, -0.035482332, 0.053200122), (0.019820083, -0.05065642, 0.1656054), (0.05706965, -0.05065644, 0.10108725), (-0.028975017, -0.035482295, 0.16133638), (-0.054455217, -0.035482313, 0.09133008), (0.054455217, -0.05065644, 0.09133008), (0.028975017, -0.05065642, 0.16133638), (0.037249565, -0.050656427, 0.15554246), (0.050186213, -0.05065645, 0.082175136), (-0.037249565, -0.050656427, 0.15554246), (-0.050186213, -0.03548232, 0.082175136), (-0.01006292, -0.035482295, 0.16821982), (0, -0.035482295, 0.16910021), (-0.050186213, -0.035482306, 0.14012519), (-0.044392303, -0.035482306, 0.14839973), (-0.054455217, -0.035482313, 0.13097025), (-0.037249565, -0.035482306, 0.15554246), (-0.03724957, -0.03548232, 0.066757865), (-0.044392303, -0.03548232, 0.073900595), (-0.028975017, -0.035482332, 0.06096395), (-0.050186213, -0.03548232, 0.082175136), (0.044392303, -0.035482306, 0.14839973), (0.050186213, -0.035482306, 0.14012519), (0.037249565, -0.035482306, 0.15554246), (0.054455217, -0.035482313, 0.13097025), (0.044392303, -0.03548232, 0.073900595), (0.03724957, -0.03548232, 0.066757865), (0.050186213, -0.03548232, 0.082175136), (0.028975017, -0.035482332, 0.06096395), (-0.05706965, -0.035482313, 0.12121308), (-0.019820087, -0.035482332, 0.05669494), (0.05706965, -0.035482313, 0.12121308), (0.019820087, -0.035482332, 0.05669494), (0.0100629255, -0.035482332, 0.054080512), (-0.057950035, -0.035482313, 0.11115016), (-0.0100629255, -0.035482332, 0.054080512), (0.057950035, -0.035482313, 0.11115016), (0, -0.035482332, 0.053200122), (0.05706965, -0.035482313, 0.10108724), (0.01006292, -0.035482295, 0.16821982), (0.019820083, -0.035482295, 0.1656054), (-0.019820083, -0.035482295, 0.1656054), (-0.05706965, -0.035482313, 0.10108724), (-0.028975017, -0.035482295, 0.16133638), (-0.054455217, -0.035482313, 0.09133008), (0.028975017, -0.035482295, 0.16133638), (0.054455217, -0.035482313, 0.09133008), (0.00067652407, 0.057696603, 0.018433899), (-0.092937395, 0.057696603, 0.020078337), (-0.092937395, -0.058690812, 0.02007835), (0.092937335, 0.057696603, 0.020078337), (0.00067652407, -0.06895497, 0.01843392), (0.092937335, -0.06895497, 0.020078357), (-0.092937395, -0.06895497, 0.020078357), (0.00067652407, -0.06497568, 0.018433912), (0.08895869, -0.06497568, 0.020007435), (-0.092937395, -0.05869078, 0.20308667), (-0.092937395, 0.057696633, 0.20308667), (0.092937335, -0.05869078, 0.20308667), (0.092937335, 0.057696633, 0.20308667), (0, -0.05869078, 0.20473114), (0, -0.06895493, 0.20473114), (0.092937335, -0.06895493, 0.2030867), (-0.092937395, -0.06895493, 0.2030867), (0, -0.05869078, 0.20902103), (-0.092937395, -0.05869078, 0.20737657), (0.092937335, 0.057696633, 0.20737657), (0.07045636, -0.06895493, 0.20777436), (0.092937335, -0.05869078, 0.20737657), (0.092937335, -0.06895493, 0.20737658), (0, -0.06895493, 0.20902103), (-0.092937395, -0.06895493, 0.20737658), (-0.09967886, 0.057696633, 0.20308667), (-0.09967886, -0.05869078, 0.20308667), (0.09967881, 0.057696633, 0.20308667), (0.09967881, -0.05869078, 0.20308667), (0.09967881, -0.06895493, 0.2030867), (-0.09967886, -0.06895493, 0.2030867), (-0.09967886, 0.057696633, 0.20737657), (-0.09967886, -0.05869078, 0.20737657), (0.09967881, 0.057696633, 0.20737657), (0.09967881, -0.05869078, 0.20737657), (0.09967881, -0.06895493, 0.20737658), (-0.09967886, -0.06895493, 0.20737658), (-0.08754978, -0.05869078, 0.20318203), (-0.08754978, 0.057696633, 0.20318201), (-0.08754978, -0.06895493, 0.20318204), (-0.08754978, -0.05869078, 0.20747189), (0.07045636, -0.05869078, 0.20777436), (-0.08754978, -0.06895493, 0.20747192), (0.08758718, 0.057696633, 0.20318134), (0.08758718, -0.05869078, 0.20318136), (0.08758718, -0.06895493, 0.20318136), (0.08758718, 0.057696633, 0.20747124), (0.08758718, -0.05869078, 0.20747124), (0.08758718, -0.06895493, 0.20747127), (-0.087550186, -0.0605582, 0.22642471), (-0.09107016, -0.06055819, 0.22636339), (0.0910701, -0.06055819, 0.22636339), (0.08758757, -0.060558196, 0.22642456), (0.08758717, 0.03759945, 0.226405), (0.07045636, -0.06895493, 0.20348448), (0.08758717, 0.043809835, 0.22547829), (0.08758717, 0.049412295, 0.22278896), (0.08758717, 0.053858433, 0.2186002), (0.08758718, 0.056713026, 0.21332209), (0.07045636, -0.05869078, 0.20348448), (0.092937335, 0.03759945, 0.22631031), (0.092937335, 0.056713026, 0.21322739), (0.092937335, 0.053858433, 0.21850553), (0.092937335, 0.049412295, 0.22269428), (0.092937335, 0.043809835, 0.22538362), (-0.0929374, 0.03759945, 0.22631031), (-0.092937395, 0.057696633, 0.20737657), (-0.0929374, 0.043809835, 0.22538362), (-0.0929374, 0.049412295, 0.22269428), (-0.0929374, 0.053858433, 0.21850553), (-0.092937395, 0.056713026, 0.21322739), (-0.08754978, 0.057696633, 0.20747189), (-0.0875498, 0.03759945, 0.22640565), (-0.08754978, 0.056713026, 0.21332273), (-0.0875498, 0.053858433, 0.21860085), (-0.0875498, 0.049412295, 0.22278962), (-0.0875498, 0.043809835, 0.22547895), (-0.069583066, -0.05869078, 0.20349991), (-0.069583066, -0.06895493, 0.20349991), (-0.069583066, -0.05869078, 0.20778981), (-0.069583066, -0.06895493, 0.20778984), (-0.08754945, -0.067087494, 0.22649679), (-0.09107016, -0.06708751, 0.2264335), (0.0910701, -0.06708751, 0.2264335), (-0.07145036, -0.060558256, 0.226803), (-0.07145002, -0.06708744, 0.22678693), (0.07232367, -0.060558252, 0.2267883), (0.07232329, -0.06708744, 0.22677013), (0.08758683, -0.0670875, 0.22649556), (-0.0840251, 0.057696633, 0.20324437), (-0.0840251, -0.05869078, 0.20324439), (-0.0840251, -0.06895493, 0.20324439), (-0.0840251, -0.05869078, 0.20753427), (-0.0840251, -0.06895493, 0.20753427), (-0.0840251, 0.057696633, 0.20753427), (-0.08402487, -0.06708744, 0.22656514), (-0.084025405, -0.060558256, 0.2265027), (0.086005285, 0.057696633, 0.20320934), (0.086005285, 0.057696633, 0.20749924), (0.086005285, -0.06895493, 0.20749927), (0.086005285, -0.05869078, 0.20749924), (0.086005285, -0.06895493, 0.20320934), (0.086005285, -0.05869078, 0.20320934), (0.08600562, -0.060558252, 0.22645727), (0.08600504, -0.06708744, 0.22652905), (-0.069583066, -0.050604492, 0.20778981), (-0.069583066, -0.050506048, 0.22683372), (0.086005285, -0.050604492, 0.20749924), (0.07045636, -0.050604492, 0.20777436), (0.08600528, -0.050506048, 0.22644314), (0.07045636, -0.050506048, 0.22681828), (-0.0840251, -0.050604492, 0.20753427), (-0.0840251, -0.050506048, 0.22648962), (0, -0.050604492, 0.20902103), (0.08758718, -0.050604492, 0.20747124), (-0.08754978, -0.050604492, 0.20747189), (0.00043664724, -0.050506048, 0.22682597), (0.00043664724, -0.05869077, 0.22682597), (0.03522818, -0.05869078, 0.20410779), (0.03522818, -0.06895493, 0.20410779), (0.03522818, -0.05869078, 0.2083977), (0.03522818, -0.06895493, 0.20839772), (0.03522818, -0.050604492, 0.2083977), (-0.034791533, -0.05869078, 0.20411552), (-0.034791533, -0.050604492, 0.2084054), (-0.034791533, -0.06895493, 0.20411552), (-0.034791533, -0.05869078, 0.2084054), (-0.034791533, -0.06895493, 0.2084054), (0.014607662, -0.050506048, 0.23715271), (0.056283157, -0.050506048, 0.23714967), (0.035318393, -0.05056381, 0.22655383), (0.020711143, -0.050506048, 0.24056551), (0.027818665, -0.050506048, 0.24271065), (0.03544586, -0.050506048, 0.24344192), (0.043072958, -0.050506048, 0.24270956), (0.050180167, -0.050506048, 0.24056338), (0.056283157, -0.05869077, 0.23714967), (0.014607664, -0.05869077, 0.23715271), (0.035318393, -0.05869077, 0.22655377), (0.05018017, -0.05869077, 0.24056338), (0.043072958, -0.05869077, 0.24270956), (0.035445865, -0.05869077, 0.24344192), (0.027818669, -0.05869077, 0.24271065), (0.020711144, -0.05869077, 0.24056551), (-0.013736559, -0.05869077, 0.2371574), (-0.055412047, -0.05869077, 0.23716041), (-0.034701318, -0.05869077, 0.2265615), (-0.019839544, -0.05869077, 0.2405711), (-0.026946757, -0.05869077, 0.24271727), (-0.034573846, -0.05869077, 0.24344967), (-0.042201042, -0.05869077, 0.24271838), (-0.049308565, -0.05869077, 0.24057326), (-0.055412047, -0.050506048, 0.23716041), (-0.013736559, -0.050506048, 0.2371574), (-0.034701318, -0.05056381, 0.22656158), (-0.049308565, -0.050506048, 0.24057326), (-0.042201042, -0.050506048, 0.24271838), (-0.034573846, -0.050506048, 0.24344967), (-0.026946757, -0.050506048, 0.24271727), (-0.019839544, -0.050506048, 0.2405711), (-0.010075339, -0.06417302, 0.208868), (-0.010075339, -0.06417301, 0.2354636), (-0.010542091, -0.05886461, 0.208868), (-0.010542091, -0.058864605, 0.2354636), (0.010511994, -0.06417302, 0.208868), (0.010511994, -0.06417301, 0.2354636), (0.010978744, -0.05886461, 0.208868), (0.010978744, -0.058864605, 0.2354636), (0.092937335, -0.06895492, 0.22642052), (0.092937335, -0.05869077, 0.22631031), (-0.0875498, -0.05869077, 0.22640565), (-0.0929374, -0.05869077, 0.22631031), (0.08758717, -0.05869077, 0.226405), (-0.08754978, -0.06895492, 0.22651584), (-0.092937395, -0.06895492, 0.22642052), (-0.0840251, -0.06895492, 0.22657819), (0.07045636, -0.05869077, 0.22681828), (0.07045636, -0.06895492, 0.22681828), (0.08600528, -0.05869077, 0.22644314), (0.08758718, -0.06895492, 0.22651514), (0.086005285, -0.06895492, 0.22654314), (-0.069583066, -0.05869077, 0.22683372), (-0.069583066, -0.06895492, 0.22683372), (-0.0840251, -0.05869077, 0.22648962), (-0.08755014, -0.06055104, 0.22727439), (-0.0875494, -0.067080334, 0.22734648), (0.08758762, -0.060551032, 0.22727427), (0.087586865, -0.067080334, 0.22734527), (-0.08402536, -0.060551096, 0.22735241), (-0.084024824, -0.067080274, 0.22741485), (0.086005665, -0.06055109, 0.22730698), (0.086005084, -0.06708028, 0.22737874), (0.09107014, -0.06708034, 0.2272832), (0.09107014, -0.06055103, 0.2272131), (-0.09107012, -0.06055103, 0.2272131), (-0.09107012, -0.06708034, 0.2272832), (0.07232372, -0.06055109, 0.227638), (0.07232334, -0.06708028, 0.22761984), (-0.071450315, -0.060551096, 0.22765271), (-0.07144999, -0.067080274, 0.22763662), (-0.08755014, -0.059800576, 0.22727439), (-0.0875494, -0.06891308, 0.22734648), (0.08758762, -0.059691165, 0.22727427), (0.087586865, -0.06805044, 0.22734527), (-0.08402536, -0.059800632, 0.22735241), (-0.084024824, -0.06891303, 0.22741485), (0.086005665, -0.05969122, 0.22730698), (0.086005084, -0.06805038, 0.22737874), (0.09107014, -0.068050444, 0.2272832), (0.09107014, -0.05969116, 0.2272131), (-0.09107012, -0.05980056, 0.2272131), (-0.09107012, -0.068913095, 0.2272832), (0.07232372, -0.05969122, 0.227638), (0.07232334, -0.06805038, 0.22761984), (-0.071450315, -0.059800632, 0.22765271), (-0.07144999, -0.06891303, 0.22763662), (-0.087622836, -0.05977022, 0.23095757), (-0.087622106, -0.06888272, 0.23102966), (0.08766068, -0.059659444, 0.23095743), (0.08765993, -0.06801871, 0.23102842), (-0.08409806, -0.059770275, 0.23103559), (-0.08409752, -0.06888266, 0.23109803), (0.08607873, -0.0596595, 0.23099013), (0.08607815, -0.06801866, 0.2310619), (0.091143206, -0.06801872, 0.23096636), (0.091143206, -0.059659436, 0.23089625), (-0.09114282, -0.0597702, 0.23089628), (-0.09114282, -0.06888273, 0.23096637), (0.072396785, -0.0596595, 0.23132117), (0.072396405, -0.06801866, 0.23130299), (-0.07152302, -0.059770275, 0.2313359), (-0.071522675, -0.06888266, 0.2313198), (-0.09288771, -0.059770573, 0.23086183), (-0.09281501, -0.05980093, 0.22717865), (-0.09288771, -0.068883106, 0.23093195), (-0.09281501, -0.06891346, 0.22724877), (-0.0700184, -0.059800625, 0.227681), (-0.070018075, -0.06891301, 0.22766489), (-0.070091106, -0.059770264, 0.23136418), (-0.07009077, -0.06888266, 0.23134807), (0.092042625, -0.068050645, 0.22726391), (0.092042625, -0.059691366, 0.2271938), (0.09211569, -0.06801893, 0.23094705), (0.09211569, -0.059659645, 0.23087697), (0.07115319, -0.05969122, 0.22766125), (0.071152814, -0.06805038, 0.22764306), (0.07122626, -0.0596595, 0.2313444), (0.07122588, -0.06801866, 0.23132621), (-0.092937395, 0.057696633, 0.1938028), (-0.092937395, -0.05869078, 0.1938028), (0.092937335, 0.057696633, 0.1938028), (0.092937335, -0.05869078, 0.1938028), (0.092937335, -0.06895493, 0.1938028), (-0.092937395, -0.06895493, 0.1938028), (-0.09967886, 0.057696633, 0.1938028), (-0.09967886, -0.05869078, 0.1938028), (0.09967881, 0.057696633, 0.1938028), (0.09967881, -0.05869078, 0.1938028), (0.09967881, -0.06895493, 0.1938028), (-0.09967886, -0.06895493, 0.1938028), (-0.034791533, 0.05311789, 0.20411551), (0, 0.05311789, 0.2047311), (-0.0840251, 0.05311789, 0.20324437), (-0.069583066, 0.05311789, 0.20349991), (0, 0.05311789, 0.209021), (0.07045636, 0.05311789, 0.20348446), (0.07045636, 0.05311789, 0.20777436), (0.03522818, 0.05311789, 0.20839767), (0.03522818, 0.05311789, 0.20410779), (-0.034791533, 0.05311789, 0.2084054), (-0.0840251, 0.05311789, 0.20753427), (-0.069583066, 0.05311789, 0.20778981), (0.086005285, 0.05311789, 0.20320934), (0.086005285, 0.05311789, 0.20749924), (-0.08895872, -0.058690812, 0.020008462), (0.107617386, 0.06441331, 0.00011217262), (0.0007198429, -0.061995227, 0.000112193185), (0.088959865, -0.058690812, 0.010000252), (-0.08895753, -0.058690812, 0.010000252), (0.0006777113, 0.053717308, 0.010000238), (0.0006777113, -0.06497568, 0.010000252), (-0.08895753, 0.053717308, 0.010000238), (0.088959865, 0.053717308, 0.010000238), (0.088959865, -0.06497568, 0.010000252), (-0.08895753, -0.06497568, 0.010000252), (0.09999751, -0.06199522, 0.010000252), (-0.10007944, -0.06199522, 0.010000252), (0.0007198429, 0.06441331, 0.010000232), (0.0007198429, -0.06906286, 0.010000259), (-0.10007944, 0.06441331, 0.010000232), (0.09999751, 0.06441331, 0.010000232), (0.09999751, -0.06906286, 0.010000259), (-0.10007944, -0.06906286, 0.010000259), (0.09999751, -0.061995227, 0.000112193185), (-0.10007944, -0.061995227, 0.000112193185), (0.0007198429, 0.06441331, 0.00011217262), (0.0007198429, -0.069062866, 0.00011220003), (-0.10007944, 0.06441331, 0.00011217262), (0.09999751, 0.06441331, 0.00011217262), (0.09999751, -0.069062866, 0.00011220003), (-0.10007944, -0.069062866, 0.00011220003), (0.107617386, 0.06441331, 0.0062822835), (0.107617386, -0.061995227, 0.000112193185), (0.107617386, -0.06199522, 0.0062823044), (0.107617386, -0.06906286, 0.006282311), (0.107617386, -0.069062866, 0.00011220003), (-0.10599462, 0.06441331, 0.007314738), (-0.10599462, -0.06199522, 0.0073147584), (-0.10599462, -0.06906286, 0.007314765), (-0.10599462, 0.06441331, 0.00011217262), (-0.10599462, -0.061995227, 0.000112193185), (-0.10599462, -0.069062866, 0.00011220003), (0.00067652407, 0.053717308, 0.018433899), (0.08895869, -0.058690812, 0.020007435), (-0.08895872, -0.06497568, 0.020008462), (0.03527868, -0.05869077, 0.21856163), (0.034275606, -0.05869078, 0.20841455), (0.08758718, 0.052985836, 0.20318134), (-0.08754978, 0.053149957, 0.20318201), (-0.08754978, 0.05225548, 0.20747189), (0.08758718, 0.052881524, 0.20747124)]
                texCoord2f[] primvars:st = [(0.16412279, 0.9950608), (0.32193366, 0.7942908), (0.32193252, 0.9950608), (0.0044422224, 0.46858066), (0.20521227, 0.62639046), (0.0044422224, 0.62639046), (0.15866032, 0.15636179), (0.0059022084, 0.3102399), (0.008432902, 0.15889326), (0.419259, 0.46858066), (0.21848902, 0.62639046), (0.21848908, 0.46857953), (0.419259, 0.7842014), (0.21848902, 0.62639046), (0.4192591, 0.62639046), (0.0044422224, 0.62639046), (0.20521235, 0.7842002), (0.004442252, 0.7842014), (0.0063118115, 0.9950609), (0.16412264, 0.7942908), (0.16412279, 0.9950608), (0.0059022084, 0.3102399), (0.0076901987, 0.15814745), (0.008432902, 0.15889326), (0.79396105, 0.80528), (0.6573052, 0.8434658), (0.6527502, 0.8176348), (0.0076901987, 0.15814745), (0.15866032, 0.15636179), (0.008432902, 0.15889326), (0.15428509, 0.050761025), (0.28171515, 0.037528303), (0.28214538, 0.049644765), (0.4418567, 0.6112732), (0.42879975, 0.48459744), (0.44075537, 0.4841731), (0.3088882, 0.15889171), (0.31245056, 0.30912066), (0.3114197, 0.30912066), (0.42879975, 0.7360777), (0.4418567, 0.6112732), (0.44075543, 0.7365024), (0.15866032, 0.15636179), (0.30963424, 0.15814918), (0.3088882, 0.15889171), (0.026425183, 0.049644765), (0.15428509, 0.03778578), (0.15428509, 0.050761025), (0.008432902, 0.45934817), (0.0048738495, 0.31024054), (0.0059022084, 0.3102399), (0.15493573, 0.111047484), (0.28237152, 0.09783699), (0.28279966, 0.10995375), (0.15866038, 0.46187937), (0.007687129, 0.46009073), (0.008432902, 0.45934817), (0.3114197, 0.30912066), (0.30963126, 0.4600948), (0.30888855, 0.459349), (0.4715318, 0.7363051), (0.48458892, 0.6105646), (0.48348743, 0.73672956), (0.48458892, 0.6105646), (0.4715318, 0.48482433), (0.48348755, 0.4843998), (0.30963126, 0.4600948), (0.15866038, 0.46187937), (0.30888855, 0.459349), (0.027500972, 0.09783699), (0.15493573, 0.111047484), (0.027072832, 0.10995387), (0.008914828, 0.07320233), (0.15428509, 0.09046212), (0.008143783, 0.09016281), (0.72279316, 0.94285846), (0.74960834, 0.95035017), (0.74804825, 0.95463645), (0.64529896, 0.8321625), (0.65679413, 0.85752094), (0.6525073, 0.8590807), (0.6428722, 0.804405), (0.6497907, 0.83137095), (0.64529896, 0.8321625), (0.6453023, 0.77664757), (0.64743316, 0.8044052), (0.6428722, 0.804405), (0.6525151, 0.7497318), (0.6497939, 0.7774397), (0.6453023, 0.77664757), (0.664294, 0.724476), (0.6568015, 0.7512921), (0.6525151, 0.7497318), (0.6802795, 0.7016494), (0.6682442, 0.72675693), (0.664294, 0.724476), (0.6999862, 0.6819465), (0.6837736, 0.70458186), (0.6802795, 0.7016494), (0.7228152, 0.6659646), (0.7029179, 0.685441), (0.6999862, 0.6819465), (0.74807304, 0.65419006), (0.7250956, 0.6699153), (0.7228152, 0.6659646), (0.7749901, 0.6469817), (0.74963266, 0.6584766), (0.74807304, 0.65419006), (0.80274755, 0.64455605), (0.7757815, 0.65147316), (0.7749901, 0.6469817), (0.83050513, 0.64698684), (0.8027471, 0.6491169), (0.80274755, 0.64455605), (0.85742205, 0.6541995), (0.8297129, 0.6514785), (0.83050513, 0.64698684), (0.8826778, 0.66597843), (0.8558617, 0.658486), (0.85742205, 0.6541995), (0.9055037, 0.68196404), (0.88039666, 0.66992867), (0.8826778, 0.66597843), (0.9252067, 0.7016704), (0.9025714, 0.68545806), (0.9055037, 0.68196404), (0.9251893, 0.90718615), (0.9372242, 0.8820797), (0.9411744, 0.8843607), (0.9411744, 0.8843607), (0.94866616, 0.85754526), (0.9529523, 0.85910535), (0.9529523, 0.85910535), (0.95567137, 0.8313968), (0.96016306, 0.83218884), (0.96016306, 0.83218884), (0.9580324, 0.8044305), (0.96259356, 0.80443084), (0.3852626, 0.83196473), (0.39760664, 0.8561937), (0.37835813, 0.8510196), (0.9529616, 0.7497555), (0.9372376, 0.72677886), (0.94118816, 0.7244986), (0.94118816, 0.7244986), (0.9217122, 0.704602), (0.9252067, 0.7016704), (0.37835813, 0.8510196), (0.39470255, 0.8727304), (0.37485754, 0.8709702), (0.8826553, 0.9428704), (0.9025518, 0.92339456), (0.9054834, 0.92688894), (0.857398, 0.9546441), (0.880375, 0.9389198), (0.8826553, 0.9428704), (0.8304797, 0.9618505), (0.8558385, 0.9503573), (0.857398, 0.9546441), (0.80272144, 0.9642768), (0.82968825, 0.9573586), (0.8304797, 0.9618505), (0.55744565, 0.7862845), (0.5314396, 0.7941315), (0.5399344, 0.7761166), (0.59602225, 0.8324157), (0.5695701, 0.8262395), (0.58592045, 0.8148662), (0.5399344, 0.7761166), (0.51568055, 0.7883505), (0.5209266, 0.7691359), (0.69996744, 0.9268733), (0.7250741, 0.93890846), (0.72279316, 0.94285846), (0.38528365, 0.9301937), (0.41173464, 0.93636626), (0.39538673, 0.94774044), (0.6525073, 0.8590807), (0.66823286, 0.88205826), (0.6642822, 0.8843386), (0.68026423, 0.9071673), (0.70289963, 0.9233793), (0.69996744, 0.9268733), (0.48031038, 0.99704397), (0.4989295, 0.97726303), (0.5005634, 0.99711704), (0.8097996, 0.79951584), (0.9090545, 0.6981189), (0.92591417, 0.71821195), (0.7163437, 0.6812579), (0.7964834, 0.79835045), (0.6962506, 0.698118), (0.8105602, 0.800833), (0.92591417, 0.71821195), (0.9390288, 0.7409272), (0.8110803, 0.8022623), (0.9390288, 0.7409272), (0.9479999, 0.76557493), (0.76370704, 0.65917224), (0.7989644, 0.7966133), (0.7390592, 0.66814303), (0.8113447, 0.8037602), (0.9479999, 0.76557493), (0.9525547, 0.7914059), (0.6527502, 0.7914053), (0.7942253, 0.8022615), (0.7939611, 0.8037591), (0.8113447, 0.8052812), (0.9525547, 0.7914059), (0.9525547, 0.8176353), (0.80189115, 0.79582864), (0.76370704, 0.65917224), (0.78953826, 0.6546178), (0.6793906, 0.718211), (0.7947455, 0.8008324), (0.6662759, 0.74092644), (0.6962506, 0.698118), (0.7955059, 0.7995154), (0.6793906, 0.718211), (0.80341244, 0.79582864), (0.78953826, 0.6546178), (0.8157677, 0.65461797), (0.80491024, 0.79609257), (0.8157677, 0.65461797), (0.8415987, 0.65917295), (0.8063395, 0.7966128), (0.8415987, 0.65917295), (0.8662464, 0.66814405), (0.8076568, 0.7973731), (0.8662464, 0.66814405), (0.88896143, 0.68125904), (0.80882204, 0.7983508), (0.88896143, 0.68125904), (0.9090545, 0.6981189), (0.7390592, 0.66814303), (0.7976477, 0.79737335), (0.7163437, 0.6812579), (0.46462935, 0.88403213), (0.4693419, 0.88659674), (0.4651537, 0.8870023), (0.6662759, 0.74092644), (0.7942253, 0.8022615), (0.6573048, 0.7655742), (0.8889614, 0.92778194), (0.8088222, 0.81069), (0.9090543, 0.91092205), (0.7955057, 0.8095246), (0.696251, 0.9109218), (0.679391, 0.8908289), (0.9090543, 0.91092205), (0.80979985, 0.80952495), (0.92591417, 0.8908293), (0.92591417, 0.8908293), (0.8105602, 0.80820805), (0.9390288, 0.8681139), (0.79764825, 0.81166726), (0.7390592, 0.9408964), (0.7163438, 0.9277817), (0.9390288, 0.8681139), (0.8110803, 0.8067787), (0.9479999, 0.8434663), (0.79396105, 0.80528), (0.6527502, 0.7914053), (0.7939611, 0.8037591), (0.9479999, 0.8434663), (0.8113447, 0.8052812), (0.9525547, 0.8176353), (0.7390592, 0.9408964), (0.80039406, 0.81294787), (0.76370686, 0.94986755), (0.794225, 0.8067779), (0.6662763, 0.86811346), (0.6573052, 0.8434658), (0.7947453, 0.8082072), (0.679391, 0.8908289), (0.6662763, 0.86811346), (0.76370686, 0.94986755), (0.8018923, 0.81321204), (0.7895378, 0.9544222), (0.7895378, 0.9544222), (0.80341285, 0.81321204), (0.81576735, 0.9544222), (0.81576735, 0.9544222), (0.80491114, 0.81294805), (0.84159815, 0.94986755), (0.84159815, 0.94986755), (0.8063401, 0.81242764), (0.86624587, 0.9408967), (0.86624587, 0.9408967), (0.80765814, 0.8116669), (0.8889614, 0.92778194), (0.79648316, 0.81068957), (0.7163438, 0.9277817), (0.696251, 0.9109218), (0.4911101, 0.8863795), (0.47934508, 0.8827088), (0.49111003, 0.8827088), (0.45782754, 0.9025875), (0.45692682, 0.9077885), (0.45524704, 0.9040489), (0.43117115, 0.8841558), (0.4283689, 0.87964517), (0.43218818, 0.88133717), (0.44637042, 0.8712719), (0.44970247, 0.8671457), (0.4493774, 0.8712912), (0.44057328, 0.8728832), (0.4354517, 0.8708989), (0.43880016, 0.8690097), (0.46306893, 0.87325394), (0.45780638, 0.87434036), (0.46017298, 0.8708559), (0.44637042, 0.8712719), (0.44236046, 0.8677689), (0.446015, 0.8671721), (0.44652608, 0.9055294), (0.44262278, 0.9091193), (0.44357535, 0.9050623), (0.4651512, 0.89001554), (0.4686875, 0.8940367), (0.4646225, 0.8929789), (0.4337892, 0.89842194), (0.432761, 0.9038123), (0.43029135, 0.900865), (0.45244402, 0.9050249), (0.4499092, 0.90961343), (0.44950813, 0.90548724), (0.46012476, 0.9006838), (0.46020663, 0.906048), (0.45782754, 0.9025875), (0.46207762, 0.878584), (0.46739244, 0.8793722), (0.46359348, 0.88119674), (0.4356206, 0.87639034), (0.4354517, 0.8708989), (0.43795678, 0.8744443), (0.44074288, 0.90408736), (0.4357723, 0.90618265), (0.43811095, 0.90262437), (0.46359348, 0.88119674), (0.46868587, 0.8829002), (0.46462935, 0.88403213), (0.43120638, 0.89301175), (0.42841932, 0.8975778), (0.42716914, 0.8940529), (0.45524704, 0.9040489), (0.45350075, 0.9089905), (0.45244402, 0.9050249), (0.43218818, 0.88133717), (0.43017483, 0.8763673), (0.43368217, 0.8787186), (0.44703877, 0.83791715), (0.44928756, 0.83128744), (0.45100075, 0.8354214), (0.43064785, 0.88708645), (0.42656115, 0.8904019), (0.42658806, 0.8867488), (0.43811095, 0.90262437), (0.432761, 0.9038123), (0.43577406, 0.90071493), (0.4523453, 0.87181485), (0.4569058, 0.8690047), (0.45518452, 0.87283933), (0.43117115, 0.8841558), (0.42658806, 0.8867488), (0.42716855, 0.88314617), (0.43368217, 0.8787186), (0.4325491, 0.8734199), (0.4356206, 0.87639034), (0.4651537, 0.8870023), (0.4693419, 0.8903474), (0.4651512, 0.89001554), (0.44357535, 0.9050623), (0.43909144, 0.90795535), (0.44074288, 0.90408736), (0.43067154, 0.89007145), (0.42716914, 0.8940529), (0.42656115, 0.8904019), (0.45518452, 0.87283933), (0.46017298, 0.8708559), (0.45780638, 0.87434036), (0.4646225, 0.8929789), (0.46740037, 0.8975525), (0.46358448, 0.89580154), (0.44341072, 0.8718247), (0.43880016, 0.8690097), (0.44236046, 0.8677689), (0.4322524, 0.8958246), (0.43029135, 0.900865), (0.42841932, 0.8975778), (0.46206948, 0.8983967), (0.4631016, 0.90365064), (0.46012476, 0.9006838), (0.4911101, 0.92308456), (0.47934508, 0.9194143), (0.4911101, 0.9194143), (0.46358448, 0.89580154), (0.46552032, 0.9007892), (0.46206948, 0.8983967), (0.4493774, 0.8712912), (0.45337555, 0.867757), (0.4523453, 0.87181485), (0.4601284, 0.8762748), (0.4655008, 0.87612283), (0.46207762, 0.878584), (0.4456034, 0.8869017), (0.43874294, 0.8751623), (0.4463223, 0.8861939), (0.4463223, 0.8861939), (0.43874294, 0.8751623), (0.44123417, 0.87377733), (0.4463223, 0.8861939), (0.4439216, 0.87285244), (0.44724253, 0.8857748), (0.44724253, 0.8857748), (0.4439216, 0.87285244), (0.44672102, 0.8724108), (0.44724253, 0.8857748), (0.4495483, 0.8724564), (0.44825363, 0.8856958), (0.44825363, 0.8856958), (0.4495483, 0.8724564), (0.45232165, 0.87298816), (0.44825363, 0.8856958), (0.45495895, 0.873988), (0.44923234, 0.88596773), (0.44923234, 0.88596773), (0.45495895, 0.873988), (0.4573831, 0.8754259), (0.44923234, 0.88596773), (0.45952296, 0.87725806), (0.4500605, 0.886558), (0.4500605, 0.886558), (0.45952296, 0.87725806), (0.46131542, 0.8794309), (0.4500605, 0.886558), (0.4627083, 0.88188016), (0.45063773, 0.88739526), (0.45063773, 0.88739526), (0.46365714, 0.88453394), (0.45089453, 0.88837826), (0.45089453, 0.88837826), (0.46365714, 0.88453394), (0.46413773, 0.88731265), (0.45089453, 0.88837826), (0.46413204, 0.89013636), (0.45080054, 0.8893884), (0.45080054, 0.8893884), (0.46413204, 0.89013636), (0.46363872, 0.89292073), (0.45080054, 0.8893884), (0.46266928, 0.895583), (0.45036793, 0.89030194), (0.45036793, 0.89030194), (0.46266928, 0.895583), (0.46124673, 0.8980385), (0.45036793, 0.89030194), (0.45941272, 0.9002059), (0.44964898, 0.89100987), (0.4456034, 0.8869017), (0.43468922, 0.8791554), (0.43653235, 0.8769728), (0.44517022, 0.88781554), (0.43468922, 0.8791554), (0.4456034, 0.8869017), (0.44517022, 0.88781554), (0.4323014, 0.8842972), (0.43326664, 0.8816249), (0.445076, 0.88882536), (0.4323014, 0.8842972), (0.44517022, 0.88781554), (0.445076, 0.88882536), (0.43181807, 0.8899173), (0.4318152, 0.8870891), (0.44533297, 0.88980836), (0.43181807, 0.8899173), (0.445076, 0.88882536), (0.44533297, 0.88980836), (0.43326706, 0.89535064), (0.43230763, 0.89269847), (0.4459104, 0.8906454), (0.43326706, 0.89535064), (0.44533297, 0.88980836), (0.4459104, 0.8906454), (0.43646696, 0.89996386), (0.43466765, 0.8977965), (0.4467386, 0.8912353), (0.43646696, 0.89996386), (0.4459104, 0.8906454), (0.4467386, 0.8912353), (0.44103947, 0.9032187), (0.4386122, 0.9017891), (0.4467386, 0.8912353), (0.44367754, 0.904209), (0.44103947, 0.9032187), (0.44771737, 0.8915069), (0.44367754, 0.904209), (0.4467386, 0.8912353), (0.44771737, 0.8915069), (0.44927284, 0.9047702), (0.44644892, 0.90473324), (0.4487286, 0.89142853), (0.44927284, 0.9047702), (0.44771737, 0.8915069), (0.4487286, 0.89142853), (0.45474035, 0.9033895), (0.45206442, 0.9043187), (0.44964898, 0.89100987), (0.45474035, 0.9033895), (0.4487286, 0.89142853), (0.44964898, 0.89100987), (0.45941272, 0.9002059), (0.4572171, 0.90200585), (0.49364358, 0.93569076), (0.5053671, 0.9323584), (0.50538963, 0.93346715), (0.5112355, 0.93118644), (0.5233828, 0.93001366), (0.5116305, 0.9322133), (0.4911101, 0.92675525), (0.47934508, 0.92308456), (0.4911101, 0.92308456), (0.4911101, 0.9010614), (0.47934508, 0.89739096), (0.4911101, 0.89739096), (0.4911101, 0.9487784), (0.47934508, 0.9451077), (0.4911101, 0.9451077), (0.4911101, 0.9047319), (0.47934508, 0.9010614), (0.4911101, 0.9010614), (0.4911101, 0.93042576), (0.47934508, 0.92675525), (0.4911101, 0.92675525), (0.4911101, 0.9451077), (0.47934508, 0.9414374), (0.4911101, 0.9414374), (0.4911101, 0.9084026), (0.47934508, 0.9047319), (0.4911101, 0.9047319), (0.4911101, 0.9340962), (0.47934508, 0.93042576), (0.4911101, 0.93042576), (0.4911101, 0.9414374), (0.47934508, 0.93776673), (0.4911101, 0.93776673), (0.4911101, 0.9120731), (0.47934508, 0.9084026), (0.4911101, 0.9084026), (0.4911101, 0.89739096), (0.47934508, 0.8937207), (0.4911101, 0.8937207), (0.4911101, 0.93776673), (0.47934508, 0.9340962), (0.4911101, 0.9340962), (0.4911101, 0.9157436), (0.47934508, 0.9120731), (0.4911101, 0.9120731), (0.4911101, 0.8937207), (0.47934508, 0.89005), (0.4911101, 0.89005), (0.4911101, 0.9194143), (0.47934508, 0.9157436), (0.4911101, 0.9157436), (0.52162653, 0.94016457), (0.510592, 0.9352547), (0.51129186, 0.934379), (0.510592, 0.9352547), (0.51389337, 0.94688785), (0.50962955, 0.9358237), (0.5053671, 0.9323584), (0.49537927, 0.9255369), (0.5057251, 0.9313004), (0.51052105, 0.93036735), (0.5215959, 0.925043), (0.5112355, 0.93118644), (0.50962955, 0.9358237), (0.508776, 0.9479457), (0.50853807, 0.93603206), (0.5057251, 0.9313004), (0.49865007, 0.9214865), (0.50643724, 0.9304358), (0.50957286, 0.9298357), (0.51819164, 0.9209353), (0.51052105, 0.93036735), (0.50853807, 0.93603206), (0.50356627, 0.94720757), (0.50745046, 0.9358579), (0.5084871, 0.9296595), (0.5134773, 0.9184363), (0.50957286, 0.9298357), (0.50745046, 0.9358579), (0.4988743, 0.94472146), (0.50649977, 0.9353293), (0.507397, 0.92986643), (0.5082436, 0.9176965), (0.5084871, 0.9296595), (0.50649977, 0.9353293), (0.49544013, 0.9406575), (0.50578564, 0.93449235), (0.5116516, 0.93332255), (0.52162653, 0.94016457), (0.51129186, 0.934379), (0.50643724, 0.9304358), (0.5031052, 0.9187639), (0.507397, 0.92986643), (0.50578564, 0.93449235), (0.49364358, 0.93569076), (0.50538963, 0.93346715), (0.5116305, 0.9322133), (0.5233828, 0.9352559), (0.5116516, 0.93332255), (0.46499184, 0.8581108), (0.4627215, 0.851627), (0.46789542, 0.85445005), (0.44703877, 0.83791715), (0.44930905, 0.8444004), (0.44413552, 0.84157765), (0.4564322, 0.8616412), (0.45879668, 0.85513115), (0.4610292, 0.8606061), (0.46031883, 0.8349758), (0.4558381, 0.8403337), (0.4555969, 0.8343862), (0.44413552, 0.84157765), (0.44845095, 0.84692794), (0.44261086, 0.8460031), (0.4610292, 0.8606061), (0.46106133, 0.85371983), (0.46499184, 0.8581108), (0.44413552, 0.84157765), (0.44406658, 0.834603), (0.44703877, 0.83791715), (0.46458572, 0.8371987), (0.45847574, 0.84069556), (0.46031883, 0.8349758), (0.44261086, 0.8460031), (0.44849756, 0.8495932), (0.44265118, 0.85071474), (0.46772924, 0.840846), (0.46082297, 0.8419482), (0.46458572, 0.8371987), (0.44849756, 0.8495932), (0.44430172, 0.8551785), (0.44265118, 0.85071474), (0.4693809, 0.84531146), (0.46257895, 0.8439485), (0.46772924, 0.840846), (0.44430172, 0.8551785), (0.45120588, 0.8540787), (0.44744086, 0.858827), (0.46942052, 0.8500238), (0.46353447, 0.84643406), (0.4693809, 0.84531146), (0.44744086, 0.858827), (0.45355317, 0.85533106), (0.45170933, 0.8610515), (0.46789542, 0.85445005), (0.46357882, 0.8490986), (0.46942052, 0.8500238), (0.45170933, 0.8610515), (0.45619076, 0.8556929), (0.4564322, 0.8616412), (0.46789542, 0.85445005), (0.46796408, 0.86142516), (0.46499184, 0.8581108), (0.4610292, 0.8606061), (0.45666522, 0.8661633), (0.4564322, 0.8616412), (0.44261086, 0.8460031), (0.44023347, 0.83943653), (0.44413552, 0.84157765), (0.46499184, 0.8581108), (0.46274224, 0.86474067), (0.4610292, 0.8606061), (0.44265118, 0.85071474), (0.43819466, 0.8452772), (0.44261086, 0.8460031), (0.4555969, 0.8343862), (0.45323256, 0.84089476), (0.45100075, 0.8354214), (0.4555969, 0.8343862), (0.4616775, 0.8305558), (0.46031883, 0.8349758), (0.44744086, 0.858827), (0.44030726, 0.85750824), (0.44430172, 0.8551785), (0.44430172, 0.8551785), (0.43819484, 0.85151863), (0.44265118, 0.85071474), (0.46031883, 0.8349758), (0.46756288, 0.83345044), (0.46458572, 0.8371987), (0.46772924, 0.840846), (0.47383717, 0.844508), (0.4693809, 0.84531146), (0.46458572, 0.8371987), (0.47172478, 0.83851886), (0.46772924, 0.840846), (0.4693809, 0.84531146), (0.47383717, 0.85075), (0.46942052, 0.8500238), (0.45170933, 0.8610515), (0.4444662, 0.862579), (0.44744086, 0.858827), (0.45100075, 0.8354214), (0.45536375, 0.82986444), (0.4555969, 0.8343862), (0.46942052, 0.8500238), (0.4717979, 0.85659164), (0.46789542, 0.85445005), (0.4564322, 0.8616412), (0.45035172, 0.86547226), (0.45170933, 0.8610515), (0.50262034, 0.8779262), (0.5129574, 0.88595957), (0.500479, 0.88420564), (0.50278443, 0.8972423), (0.5152463, 0.8920016), (0.50697064, 0.90258366), (0.5254291, 0.8680734), (0.51919943, 0.88018304), (0.51869863, 0.8674554), (0.5172156, 0.89298487), (0.51928055, 0.8887191), (0.5194396, 0.893212), (0.50666976, 0.8726947), (0.5136989, 0.88380396), (0.50262034, 0.8779262), (0.5122172, 0.86906886), (0.51919943, 0.88018304), (0.51699483, 0.88072985), (0.5264029, 0.9043089), (0.5194396, 0.893212), (0.5216377, 0.8926644), (0.5381327, 0.88918805), (0.5256432, 0.8851758), (0.53809124, 0.8825104), (0.50666976, 0.8726947), (0.51699483, 0.88072985), (0.5150855, 0.88198704), (0.53809124, 0.8825104), (0.5248635, 0.88307536), (0.53582555, 0.8761446), (0.5381327, 0.88918805), (0.52492523, 0.8895921), (0.5256635, 0.88743997), (0.5235424, 0.89140785), (0.5264029, 0.9043089), (0.5216377, 0.8926644), (0.52893347, 0.91014564), (0.53194565, 0.900689), (0.5362325, 0.9053428), (0.5316643, 0.8707738), (0.5248635, 0.88307536), (0.52340865, 0.8814087), (0.5254291, 0.8680734), (0.52340865, 0.8814087), (0.521431, 0.88041526), (0.50697064, 0.90258366), (0.5172156, 0.89298487), (0.5132042, 0.90529275), (0.50052017, 0.89088404), (0.5129574, 0.88595957), (0.5129749, 0.8882294), (0.50278443, 0.8972423), (0.5129749, 0.8882294), (0.51375437, 0.8903358), (0.5355124, 0.865817), (0.5254291, 0.8680734), (0.52722615, 0.86184055), (0.49418923, 0.88319796), (0.50052017, 0.89088404), (0.49419472, 0.8920454), (0.5362325, 0.9053428), (0.5359923, 0.89546275), (0.5415705, 0.8984629), (0.49703732, 0.8749255), (0.500479, 0.88420564), (0.49418923, 0.88319796), (0.52722615, 0.86184055), (0.51869863, 0.8674554), (0.5182526, 0.8610359), (0.5203701, 0.9123295), (0.5264029, 0.9043089), (0.52893347, 0.91014564), (0.50237715, 0.8680378), (0.50262034, 0.8779262), (0.49703732, 0.8749255), (0.51869863, 0.8674554), (0.50968105, 0.86322683), (0.5182526, 0.8610359), (0.5114067, 0.91152155), (0.5199276, 0.9059163), (0.5203701, 0.9123295), (0.5415705, 0.8984629), (0.5381327, 0.88918805), (0.5444197, 0.8901971), (0.50968105, 0.86322683), (0.50666976, 0.8726947), (0.50237715, 0.8680378), (0.5031271, 0.9075502), (0.5132042, 0.90529275), (0.5114067, 0.91152155), (0.5444197, 0.8901971), (0.53809124, 0.8825104), (0.5444197, 0.88135254), (0.49720702, 0.9005318), (0.50697064, 0.90258366), (0.5031271, 0.9075502), (0.5444197, 0.88135254), (0.53582555, 0.8761446), (0.5414177, 0.8728596), (0.49419472, 0.8920454), (0.50278443, 0.8972423), (0.49720702, 0.9005318), (0.5414177, 0.8728596), (0.5316643, 0.8707738), (0.5355124, 0.865817), (0.47934508, 0.89005), (0.4911101, 0.8863795), (0.4911101, 0.89005), (0.45100075, 0.8354214), (0.45097026, 0.84230804), (0.44703877, 0.83791715), (0.5359923, 0.89546275), (0.5235424, 0.89140785), (0.52492523, 0.8895921), (0.5150855, 0.88198704), (0.5176449, 0.88586944), (0.5136989, 0.88380396), (0.5256635, 0.88743997), (0.5212515, 0.8861562), (0.5256432, 0.8851758), (0.5152463, 0.8920016), (0.5186166, 0.8886642), (0.5172156, 0.89298487), (0.5256432, 0.8851758), (0.5210296, 0.88552517), (0.5248635, 0.88307536), (0.51375437, 0.8903358), (0.5180361, 0.8883689), (0.5152463, 0.8920016), (0.5248635, 0.88307536), (0.5205982, 0.88503695), (0.52340865, 0.8814087), (0.5129749, 0.8882294), (0.5176052, 0.88786966), (0.51375437, 0.8903358), (0.52340865, 0.8814087), (0.5200185, 0.88474184), (0.521431, 0.88041526), (0.5129574, 0.88595957), (0.5173794, 0.8872403), (0.5129749, 0.8882294), (0.521431, 0.88041526), (0.51935285, 0.8846855), (0.51919943, 0.88018304), (0.5136989, 0.88380396), (0.51739573, 0.8865499), (0.5129574, 0.88595957), (0.5216377, 0.8926644), (0.52054125, 0.8881174), (0.5235424, 0.89140785), (0.51919943, 0.88018304), (0.5186823, 0.88487345), (0.51699483, 0.88072985), (0.5235424, 0.89140785), (0.5209857, 0.8875301), (0.52492523, 0.8895921), (0.5194396, 0.893212), (0.5199494, 0.88852954), (0.5216377, 0.8926644), (0.51699483, 0.88072985), (0.5180893, 0.8852836), (0.5150855, 0.88198704), (0.52492523, 0.8895921), (0.521239, 0.8868537), (0.5256635, 0.88743997), (0.34638903, 0.97611797), (0.32985517, 0.97387797), (0.34638903, 0.97387797), (0.34638906, 0.98507553), (0.32985517, 0.9828367), (0.34638903, 0.9828367), (0.34638903, 0.9828367), (0.32985517, 0.9805967), (0.34638903, 0.9805967), (0.34638903, 0.955963), (0.32985514, 0.9537239), (0.34638903, 0.9537239), (0.34638903, 0.97387797), (0.32985517, 0.97163904), (0.34638903, 0.97163904), (0.34638903, 0.9805967), (0.32985517, 0.97835696), (0.34638903, 0.97835696), (0.34638906, 0.9917942), (0.32985517, 0.9895543), (0.34638906, 0.9895543), (0.34638903, 0.9626817), (0.32985514, 0.9604418), (0.34638903, 0.9604418), (0.34638903, 0.9649206), (0.32985514, 0.9626817), (0.34638903, 0.9626817), (0.34638903, 0.9582027), (0.32985514, 0.955963), (0.34638903, 0.955963), (0.34638906, 0.9940331), (0.32985517, 0.9917942), (0.34638906, 0.9917942), (0.34638903, 0.96939945), (0.32985517, 0.9671603), (0.34638903, 0.9671603), (0.34638903, 0.9604418), (0.32985514, 0.9582027), (0.34638903, 0.9582027), (0.34638903, 0.97163904), (0.32985517, 0.96939945), (0.34638903, 0.96939945), (0.34638903, 0.97835696), (0.32985517, 0.97611797), (0.34638903, 0.97611797), (0.34638906, 0.9895543), (0.32985517, 0.9873146), (0.34638906, 0.9873146), (0.34638906, 0.9873146), (0.32985517, 0.98507553), (0.34638906, 0.98507553), (0.34638903, 0.9671603), (0.32985517, 0.9649206), (0.34638903, 0.9649206), (0.5280905, 0.91817), (0.52636254, 0.91317195), (0.5293244, 0.9166513), (0.5366703, 0.9251531), (0.5365909, 0.930446), (0.5349944, 0.9261632), (0.53793263, 0.9236526), (0.5396254, 0.928636), (0.5366703, 0.9251531), (0.5385802, 0.9217985), (0.54190975, 0.9259357), (0.53793263, 0.9236526), (0.5385593, 0.9198316), (0.54311126, 0.92259693), (0.5385802, 0.9217985), (0.5378611, 0.9180021), (0.54311126, 0.9190253), (0.5385593, 0.9198316), (0.5365922, 0.9165056), (0.5418774, 0.91563976), (0.5378611, 0.9180021), (0.53486437, 0.9155707), (0.53951627, 0.91291714), (0.5365922, 0.9165056), (0.53293085, 0.91528094), (0.5363698, 0.911227), (0.53486437, 0.9155707), (0.5310029, 0.9156358), (0.53286207, 0.9107081), (0.53293085, 0.91528094), (0.5293244, 0.9166513), (0.5293894, 0.9113556), (0.5310029, 0.9156358), (0.53307396, 0.92654675), (0.5296116, 0.9305902), (0.5311328, 0.9262477), (0.52813596, 0.92380863), (0.5228898, 0.92278546), (0.52744186, 0.9219727), (0.5311328, 0.9262477), (0.5264731, 0.928891), (0.52940494, 0.9253065), (0.52744186, 0.9219727), (0.52288467, 0.91922027), (0.52741694, 0.92001086), (0.52741694, 0.92001086), (0.5241225, 0.9159024), (0.5280905, 0.91817), (0.5349944, 0.9261632), (0.53311944, 0.9311258), (0.53307396, 0.92654675), (0.52940494, 0.9253065), (0.52411973, 0.926167), (0.52813596, 0.92380863), (0.5280905, 0.91817), (0.53486437, 0.9155707), (0.53307396, 0.92654675), (0.45857763, 0.75097644), (0.45095497, 0.61131454), (0.4601389, 0.61137885), (0.60293084, 0.8514499), (0.5779486, 0.8407842), (0.59602225, 0.8324157), (0.9601678, 0.77667296), (0.9486752, 0.7513149), (0.9529616, 0.7497555), (0.44170243, 0.77573675), (0.43543655, 0.8022136), (0.4240742, 0.7857842), (0.57286525, 0.963822), (0.5695629, 0.9367515), (0.5859087, 0.9482273), (0.4607819, 0.76890206), (0.45001838, 0.79386806), (0.44170243, 0.77573675), (0.5209266, 0.7691359), (0.4991575, 0.785387), (0.5009966, 0.7655525), (0.6064376, 0.87139344), (0.5836803, 0.8565607), (0.60293084, 0.8514499), (0.6064376, 0.8916441), (0.5865915, 0.87309235), (0.6064376, 0.87139344), (0.60293144, 0.9115927), (0.58659375, 0.8898794), (0.6064376, 0.8916441), (0.9054834, 0.92688894), (0.92169535, 0.90425396), (0.9251893, 0.90718615), (0.5859087, 0.9482273), (0.5779536, 0.922199), (0.5960226, 0.9306425), (0.4084252, 0.7987733), (0.41172576, 0.8258511), (0.39537635, 0.8143732), (0.4240742, 0.7857842), (0.4225311, 0.8129805), (0.4084252, 0.7987733), (0.48074552, 0.7654738), (0.465823, 0.78818554), (0.4607819, 0.76890206), (0.5009966, 0.7655525), (0.4823694, 0.785331), (0.48074552, 0.7654738), (0.39537635, 0.8143732), (0.403336, 0.8404068), (0.3852626, 0.83196473), (0.37486252, 0.8912205), (0.39762172, 0.9060485), (0.37837285, 0.91116196), (0.39538673, 0.94774044), (0.42250705, 0.9492371), (0.40837693, 0.96327156), (0.77496386, 0.96184695), (0.8027217, 0.9597157), (0.80272144, 0.9642768), (0.37837285, 0.91116196), (0.40335497, 0.92182344), (0.38528365, 0.9301937), (0.74804825, 0.95463645), (0.77575576, 0.9573554), (0.77496386, 0.96184695), (0.5960226, 0.9306425), (0.58368635, 0.906415), (0.60293144, 0.9115927), (0.53961354, 0.98687005), (0.54585695, 0.9603912), (0.5572273, 0.9768119), (0.40837693, 0.96327156), (0.43534654, 0.96004695), (0.42386138, 0.97631735), (0.5572273, 0.9768119), (0.55875874, 0.94962114), (0.57286525, 0.963822), (0.58592045, 0.8148662), (0.5587981, 0.8133668), (0.5729305, 0.79933256), (0.44137192, 0.98648345), (0.46562302, 0.97424805), (0.46037948, 0.9934628), (0.37485754, 0.8709702), (0.39470828, 0.8895177), (0.37486252, 0.8912205), (0.52052665, 0.9936745), (0.53127635, 0.96874404), (0.53961354, 0.98687005), (0.5005634, 0.99711704), (0.5154676, 0.97440594), (0.52052665, 0.9936745), (0.46037948, 0.9934628), (0.4821447, 0.97720957), (0.48031038, 0.99704397), (0.6642822, 0.8843386), (0.6837588, 0.9042355), (0.68026423, 0.9071673), (0.42386138, 0.97631735), (0.4498648, 0.96846884), (0.44137192, 0.98648345), (0.15866077, 0.30968034), (0.008432902, 0.45934817), (0.0059022084, 0.3102399), (0.15866077, 0.30968034), (0.30888855, 0.459349), (0.15866038, 0.46187937), (0.15866032, 0.15636179), (0.3114197, 0.30912066), (0.15866077, 0.30968034), (0.96259356, 0.80443084), (0.95567614, 0.77746415), (0.9601678, 0.77667296), (0.011750996, 0.067702666), (0.15428509, 0.059980925), (0.15428509, 0.06928408), (0.4601389, 0.61137885), (0.448865, 0.4787741), (0.45857853, 0.46968785), (0.4936878, 0.6105646), (0.50131446, 0.46992), (0.5028756, 0.6105646), (0.42818865, 0.36382475), (0.4318432, 0.37733272), (0.4261407, 0.36499792), (0.43594763, 0.3749833), (0.43836278, 0.3914841), (0.4318432, 0.37733272), (0.44482917, 0.38779), (0.445278, 0.40654323), (0.43836278, 0.3914841), (0.45425582, 0.40142646), (0.45209303, 0.42144486), (0.445278, 0.40654323), (0.46356577, 0.4149258), (0.45831236, 0.43509015), (0.45209303, 0.42144486), (0.41212365, 0.442873), (0.42668527, 0.42805728), (0.42788127, 0.44297087), (0.41352835, 0.4279833), (0.42537576, 0.411751), (0.42668527, 0.42805728), (0.41505498, 0.41170105), (0.42401916, 0.39525163), (0.42537576, 0.411751), (0.41658124, 0.3952214), (0.42273328, 0.3797366), (0.42401916, 0.39525163), (0.41800487, 0.37971964), (0.421594, 0.36619905), (0.42273328, 0.3797366), (0.38185495, 0.4346047), (0.4005842, 0.42563605), (0.39662766, 0.4400546), (0.38824186, 0.4210874), (0.40490228, 0.40986583), (0.4005842, 0.42563605), (0.39522135, 0.4063016), (0.4092612, 0.39390215), (0.40490228, 0.40986583), (0.40228033, 0.39133415), (0.41335142, 0.3788828), (0.4092612, 0.39390215), (0.40891376, 0.37725145), (0.41691, 0.36577383), (0.41335142, 0.3788828), (0.33005792, 0.36038235), (0.3473123, 0.37207755), (0.33282548, 0.37594813), (0.34501854, 0.35908478), (0.36314347, 0.36786532), (0.3473123, 0.37207755), (0.36136103, 0.3576876), (0.3791604, 0.36362866), (0.36314347, 0.36786532), (0.37788284, 0.3562928), (0.39422312, 0.3596456), (0.3791604, 0.36362866), (0.39341354, 0.35498577), (0.40736136, 0.35616976), (0.39422312, 0.3596456), (0.4335451, 0.34924904), (0.44748765, 0.3504345), (0.4339478, 0.35157442), (0.44668272, 0.345775), (0.46301278, 0.34912643), (0.44748765, 0.3504345), (0.46174717, 0.341788), (0.47953388, 0.3477308), (0.46301278, 0.34912643), (0.47777376, 0.3375424), (0.49588194, 0.34633806), (0.47953388, 0.3477308), (0.49361917, 0.3333306), (0.5108449, 0.34502813), (0.49588194, 0.34633806), (0.368822, 0.27809876), (0.3671276, 0.29889715), (0.35659313, 0.2881629), (0.37732035, 0.2904856), (0.37866515, 0.3105883), (0.3671276, 0.29889715), (0.38664007, 0.30399355), (0.39034638, 0.3223816), (0.37866515, 0.3105883), (0.39607924, 0.31762767), (0.40132335, 0.33345523), (0.39034638, 0.3223816), (0.40496075, 0.33043152), (0.41090474, 0.34310237), (0.40132335, 0.33345523), (0.33003438, 0.34454456), (0.34501854, 0.35908478), (0.33005792, 0.36038235), (0.34501868, 0.34587348), (0.36136103, 0.3576876), (0.34501854, 0.35908478), (0.36137414, 0.34734514), (0.37788284, 0.3562928), (0.36136103, 0.3576876), (0.37789893, 0.3488442), (0.39341354, 0.35498577), (0.37788284, 0.3562928), (0.39342552, 0.35025585), (0.40695783, 0.35384429), (0.39341354, 0.35498577), (0.4282546, 0.3416461), (0.4396953, 0.33359486), (0.4300583, 0.3431688), (0.43608195, 0.330546), (0.45073885, 0.32262185), (0.4396953, 0.33359486), (0.44505316, 0.3178264), (0.46248198, 0.31095815), (0.45073885, 0.32262185), (0.45459497, 0.30430767), (0.47408527, 0.29943058), (0.46248198, 0.31095815), (0.46402568, 0.2909513), (0.48469466, 0.28888652), (0.47408527, 0.29943058), (0.34628302, 0.30023092), (0.35187978, 0.3204115), (0.33822262, 0.3139555), (0.35855874, 0.3089748), (0.36675587, 0.32743374), (0.35187978, 0.3204115), (0.37196654, 0.31848472), (0.38177896, 0.3345125), (0.36675587, 0.32743374), (0.3855279, 0.32806793), (0.3958906, 0.34115875), (0.38177896, 0.3345125), (0.39826927, 0.3370691), (0.40819496, 0.3469456), (0.3958906, 0.34115875), (0.41301668, 0.26243156), (0.40122667, 0.27953553), (0.39746243, 0.26503128), (0.41421556, 0.2773459), (0.4053499, 0.29538935), (0.40122667, 0.27953553), (0.41552773, 0.29365042), (0.4095502, 0.3114153), (0.4053499, 0.29538935), (0.41688713, 0.31015298), (0.41351613, 0.3264812), (0.4095502, 0.3114153), (0.41817707, 0.32567692), (0.41698796, 0.3396196), (0.41351613, 0.3264812), (0.4339478, 0.35157442), (0.44747567, 0.35516244), (0.43394125, 0.35393414), (0.44748765, 0.3504345), (0.46299696, 0.35657313), (0.44747567, 0.35516244), (0.46301278, 0.34912643), (0.4795179, 0.35807344), (0.46299696, 0.35657313), (0.47953388, 0.3477308), (0.49586588, 0.359549), (0.4795179, 0.35807344), (0.49588194, 0.34633806), (0.5108449, 0.36086527), (0.49586588, 0.359549), (0.38258392, 0.27031404), (0.37732035, 0.2904856), (0.368822, 0.27809876), (0.38880163, 0.28396386), (0.38664007, 0.30399355), (0.37732035, 0.2904856), (0.39562157, 0.29887125), (0.39607924, 0.31762767), (0.38664007, 0.30399355), (0.4025433, 0.31393188), (0.40496075, 0.33043152), (0.39607924, 0.31762767), (0.40906546, 0.32808197), (0.41271833, 0.34159195), (0.40496075, 0.33043152), (0.33282548, 0.37594813), (0.3517909, 0.38447744), (0.33820462, 0.39079174), (0.3473123, 0.37207755), (0.36665043, 0.377582), (0.3517909, 0.38447744), (0.36314347, 0.36786532), (0.38169038, 0.37063015), (0.36665043, 0.377582), (0.3791604, 0.36362866), (0.39582944, 0.36409372), (0.38169038, 0.37063015), (0.39422312, 0.3596456), (0.40816262, 0.35839012), (0.39582944, 0.36409372), (0.39662766, 0.4400546), (0.41352835, 0.4279833), (0.41212365, 0.442873), (0.4005842, 0.42563605), (0.41505498, 0.41170105), (0.41352835, 0.4279833), (0.40490228, 0.40986583), (0.41658124, 0.3952214), (0.41505498, 0.41170105), (0.4092612, 0.39390215), (0.41800487, 0.37971964), (0.41658124, 0.3952214), (0.41335142, 0.3788828), (0.41923347, 0.3661912), (0.41800487, 0.37971964), (0.43152454, 0.3605114), (0.43958187, 0.37195662), (0.43000168, 0.36231434), (0.44263417, 0.36834398), (0.45055744, 0.3830275), (0.43958187, 0.37195662), (0.4553694, 0.37733915), (0.46222574, 0.39483202), (0.45055744, 0.3830275), (0.46892124, 0.38693133), (0.4737652, 0.4065272), (0.46222574, 0.39483202), (0.48233378, 0.3964424), (0.48431203, 0.41725495), (0.4737652, 0.4065272), (0.4261407, 0.36499792), (0.4273934, 0.37893355), (0.4239198, 0.3657976), (0.4318432, 0.37733272), (0.4313545, 0.39399925), (0.4273934, 0.37893355), (0.43836278, 0.3914841), (0.435554, 0.41002208), (0.4313545, 0.39399925), (0.445278, 0.40654323), (0.43967205, 0.42587113), (0.435554, 0.41002208), (0.45209303, 0.42144486), (0.4434352, 0.44037333), (0.43967205, 0.42587113), (0.3460896, 0.40445003), (0.3668121, 0.4059967), (0.35620123, 0.41653615), (0.35837376, 0.39589232), (0.37841123, 0.39446104), (0.3668121, 0.4059967), (0.37180033, 0.38653228), (0.39016435, 0.38279682), (0.37841123, 0.39446104), (0.38539636, 0.37708396), (0.40121287, 0.37182558), (0.39016435, 0.38279682), (0.39818344, 0.36819512), (0.41084936, 0.36225033), (0.40121287, 0.37182558), (0.33822262, 0.3139555), (0.3473245, 0.3328467), (0.33277422, 0.32891017), (0.35187978, 0.3204115), (0.36318934, 0.3371551), (0.3473245, 0.3328467), (0.36675587, 0.32743374), (0.37921023, 0.34150928), (0.36318934, 0.3371551), (0.38177896, 0.3345125), (0.39425957, 0.34559944), (0.37921023, 0.34150928), (0.3958906, 0.34115875), (0.407381, 0.349161), (0.39425957, 0.34559944), (0.42621386, 0.34045953), (0.43608195, 0.330546), (0.4282546, 0.3416461), (0.43199527, 0.32817048), (0.44505316, 0.3178264), (0.43608195, 0.330546), (0.43862322, 0.31408945), (0.45459497, 0.30430767), (0.44505316, 0.3178264), (0.4456778, 0.2991241), (0.46402568, 0.2909513), (0.45459497, 0.30430767), (0.4526547, 0.2843402), (0.4726503, 0.2787376), (0.46402568, 0.2909513), (0.41931406, 0.33921775), (0.42290547, 0.32569787), (0.421675, 0.3392259), (0.41817707, 0.32567692), (0.424329, 0.31019396), (0.42290547, 0.32569787), (0.41688713, 0.31015298), (0.42584944, 0.29370686), (0.424329, 0.31019396), (0.41552773, 0.29365042), (0.42737478, 0.2774181), (0.42584944, 0.29370686), (0.41421556, 0.2773459), (0.42877433, 0.26252624), (0.42737478, 0.2774181), (0.35659313, 0.2881629), (0.35855874, 0.3089748), (0.34628302, 0.30023092), (0.3671276, 0.29889715), (0.37196654, 0.31848472), (0.35855874, 0.3089748), (0.37866515, 0.3105883), (0.3855279, 0.32806793), (0.37196654, 0.31848472), (0.39034638, 0.3223816), (0.39826927, 0.3370691), (0.3855279, 0.32806793), (0.40132335, 0.33345523), (0.40938154, 0.34490547), (0.39826927, 0.3370691), (0.43157035, 0.34498128), (0.44507626, 0.341328), (0.43274426, 0.3470291), (0.44272548, 0.33722487), (0.45921347, 0.33478627), (0.44507626, 0.341328), (0.4555082, 0.3283315), (0.47425076, 0.32782748), (0.45921347, 0.33478627), (0.46910098, 0.31887677), (0.4891101, 0.32093903), (0.47425076, 0.32782748), (0.48253188, 0.30952626), (0.5026961, 0.31462646), (0.4891101, 0.32093903), (0.43352443, 0.35625666), (0.44501168, 0.36425588), (0.43271086, 0.3584716), (0.44664195, 0.35981682), (0.4591174, 0.3708992), (0.44501168, 0.36425588), (0.4616858, 0.36390555), (0.47413474, 0.377982), (0.4591174, 0.3708992), (0.47770214, 0.36826164), (0.48901135, 0.38500357), (0.47413474, 0.377982), (0.49356368, 0.3725695), (0.5026698, 0.39145476), (0.48901135, 0.38500357), (0.35620123, 0.41653615), (0.37687096, 0.41447482), (0.368244, 0.4266871), (0.3668121, 0.4059967), (0.38630202, 0.40111527), (0.37687096, 0.41447482), (0.37841123, 0.39446104), (0.39584994, 0.38759482), (0.38630202, 0.40111527), (0.39016435, 0.38279682), (0.40482637, 0.3748751), (0.39584994, 0.38759482), (0.40121287, 0.37182558), (0.41265333, 0.36377293), (0.40482637, 0.3748751), (0.4239985, 0.33964428), (0.43199527, 0.32817048), (0.42621386, 0.34045953), (0.42755914, 0.32653555), (0.43862322, 0.31408945), (0.43199527, 0.32817048), (0.431646, 0.31152067), (0.4456778, 0.2991241), (0.43862322, 0.31408945), (0.43599913, 0.29556242), (0.4526547, 0.2843402), (0.4456778, 0.2991241), (0.44031343, 0.279795), (0.4590386, 0.27082226), (0.4526547, 0.2843402), (0.33277422, 0.32891017), (0.34501868, 0.34587348), (0.33003438, 0.34454456), (0.3473245, 0.3328467), (0.36137414, 0.34734514), (0.34501868, 0.34587348), (0.36318934, 0.3371551), (0.37789893, 0.3488442), (0.36137414, 0.34734514), (0.37921023, 0.34150928), (0.39342552, 0.35025585), (0.37789893, 0.3488442), (0.39425957, 0.34559944), (0.40696445, 0.35148412), (0.39342552, 0.35025585), (0.421675, 0.3392259), (0.42755914, 0.32653555), (0.4239985, 0.33964428), (0.42290547, 0.32569787), (0.431646, 0.31152067), (0.42755914, 0.32653555), (0.424329, 0.31019396), (0.43599913, 0.29556242), (0.431646, 0.31152067), (0.42584944, 0.29370686), (0.44031343, 0.279795), (0.43599913, 0.29556242), (0.42737478, 0.2774181), (0.44426417, 0.26537615), (0.44031343, 0.279795), (0.4300583, 0.3431688), (0.44272548, 0.33722487), (0.43157035, 0.34498128), (0.4396953, 0.33359486), (0.4555082, 0.3283315), (0.44272548, 0.33722487), (0.45073885, 0.32262185), (0.46910098, 0.31887677), (0.4555082, 0.3283315), (0.46248198, 0.31095815), (0.48253188, 0.30952626), (0.46910098, 0.31887677), (0.47408527, 0.29943058), (0.4948112, 0.30096847), (0.48253188, 0.30952626), (0.39746243, 0.26503128), (0.38880163, 0.28396386), (0.38258392, 0.27031404), (0.40122667, 0.27953553), (0.39562157, 0.29887125), (0.38880163, 0.28396386), (0.4053499, 0.29538935), (0.4025433, 0.31393188), (0.39562157, 0.29887125), (0.4095502, 0.3114153), (0.40906546, 0.32808197), (0.4025433, 0.31393188), (0.41351613, 0.3264812), (0.41476682, 0.34041867), (0.40906546, 0.32808197), (0.43274426, 0.3470291), (0.44668272, 0.345775), (0.4335451, 0.34924904), (0.44507626, 0.341328), (0.46174717, 0.341788), (0.44668272, 0.345775), (0.45921347, 0.33478627), (0.47777376, 0.3375424), (0.46174717, 0.341788), (0.47425076, 0.32782748), (0.49361917, 0.3333306), (0.47777376, 0.3375424), (0.4891101, 0.32093903), (0.5081089, 0.3294566), (0.49361917, 0.3333306), (0.43394125, 0.35393414), (0.44664195, 0.35981682), (0.43352443, 0.35625666), (0.44747567, 0.35516244), (0.4616858, 0.36390555), (0.44664195, 0.35981682), (0.46299696, 0.35657313), (0.47770214, 0.36826164), (0.4616858, 0.36390555), (0.4795179, 0.35807344), (0.49356368, 0.3725695), (0.47770214, 0.36826164), (0.49586588, 0.359549), (0.5081132, 0.37649938), (0.49356368, 0.3725695), (0.43271086, 0.3584716), (0.44263417, 0.36834398), (0.43152454, 0.3605114), (0.44501168, 0.36425588), (0.4553694, 0.37733915), (0.44263417, 0.36834398), (0.4591174, 0.3708992), (0.46892124, 0.38693133), (0.4553694, 0.37733915), (0.47413474, 0.377982), (0.48233378, 0.3964424), (0.46892124, 0.38693133), (0.48901135, 0.38500357), (0.4946148, 0.40518114), (0.48233378, 0.3964424), (0.33820462, 0.39079174), (0.35837376, 0.39589232), (0.3460896, 0.40445003), (0.3517909, 0.38447744), (0.37180033, 0.38653228), (0.35837376, 0.39589232), (0.36665043, 0.377582), (0.38539636, 0.37708396), (0.37180033, 0.38653228), (0.38169038, 0.37063015), (0.39818344, 0.36819512), (0.38539636, 0.37708396), (0.39582944, 0.36409372), (0.4093371, 0.3604376), (0.39818344, 0.36819512), (0.368244, 0.4266871), (0.38824186, 0.4210874), (0.38185495, 0.4346047), (0.37687096, 0.41447482), (0.39522135, 0.4063016), (0.38824186, 0.4210874), (0.38630202, 0.40111527), (0.40228033, 0.39133415), (0.39522135, 0.4063016), (0.39584994, 0.38759482), (0.40891376, 0.37725145), (0.40228033, 0.39133415), (0.40482637, 0.3748751), (0.41469422, 0.36495948), (0.40891376, 0.37725145), (0.4239198, 0.3657976), (0.42273328, 0.3797366), (0.421594, 0.36619905), (0.4273934, 0.37893355), (0.42401916, 0.39525163), (0.42273328, 0.3797366), (0.4313545, 0.39399925), (0.42537576, 0.411751), (0.42401916, 0.39525163), (0.435554, 0.41002208), (0.42668527, 0.42805728), (0.42537576, 0.411751), (0.43967205, 0.42587113), (0.42788127, 0.44297087), (0.42668527, 0.42805728), (0.43000168, 0.36231434), (0.43594763, 0.3749833), (0.42818865, 0.36382475), (0.43958187, 0.37195662), (0.44482917, 0.38779), (0.43594763, 0.3749833), (0.45055744, 0.3830275), (0.45425582, 0.40142646), (0.44482917, 0.38779), (0.46222574, 0.39483202), (0.46356577, 0.4149258), (0.45425582, 0.40142646), (0.4737652, 0.4065272), (0.47206983, 0.4273008), (0.46356577, 0.4149258), (0.4194106, 0.35418794), (0.41881475, 0.35193834), (0.42092738, 0.35096237), (0.42391056, 0.35767597), (0.4261407, 0.36499792), (0.42299554, 0.35820004), (0.4209636, 0.35873684), (0.41923347, 0.3661912), (0.41990876, 0.35873327), (0.41887027, 0.35854658), (0.41469422, 0.36495948), (0.41788, 0.35818252), (0.4146031, 0.3542546), (0.40695783, 0.35384429), (0.41442293, 0.3532155), (0.4263037, 0.3511634), (0.4339478, 0.35157442), (0.42648387, 0.35220248), (0.41618642, 0.34841678), (0.41271833, 0.34159195), (0.41699648, 0.34774172), (0.41442293, 0.3532155), (0.40696445, 0.35148412), (0.4144259, 0.35216114), (0.42393932, 0.34776583), (0.4300583, 0.3431688), (0.42474544, 0.34844637), (0.4149758, 0.35013357), (0.40938154, 0.34490547), (0.41550595, 0.3492222), (0.41890422, 0.34686047), (0.41931406, 0.33921775), (0.41994357, 0.34668097), (0.42648387, 0.35220248), (0.43394125, 0.35393414), (0.42648095, 0.35325682), (0.41699648, 0.34774172), (0.41476682, 0.34041867), (0.41791174, 0.34721768), (0.41496116, 0.35524678), (0.40736136, 0.35616976), (0.4146031, 0.3542546), (0.41990876, 0.35873327), (0.41691, 0.36577383), (0.41887027, 0.35854658), (0.42540106, 0.3561955), (0.43000168, 0.36231434), (0.42472062, 0.35700098), (0.42299554, 0.35820004), (0.4239198, 0.3657976), (0.42200306, 0.35855734), (0.41616178, 0.3569719), (0.4093371, 0.3604376), (0.41548598, 0.35616168), (0.4146121, 0.35112327), (0.40819496, 0.3469456), (0.4149758, 0.35013357), (0.42302725, 0.34723538), (0.4282546, 0.3416461), (0.42393932, 0.34776583), (0.41994357, 0.34668097), (0.421675, 0.3392259), (0.42099854, 0.34668458), (0.41550595, 0.3492222), (0.41090474, 0.34310237), (0.41618642, 0.34841678), (0.42542106, 0.34925643), (0.43274426, 0.3470291), (0.42594582, 0.35017142), (0.4262947, 0.35429466), (0.43271086, 0.3584716), (0.42593113, 0.35528427), (0.416968, 0.35765237), (0.41084936, 0.36225033), (0.41616178, 0.3569719), (0.4220369, 0.34687132), (0.42621386, 0.34045953), (0.42302725, 0.34723538), (0.4144259, 0.35216114), (0.407381, 0.349161), (0.4146121, 0.35112327), (0.42099854, 0.34668458), (0.4239985, 0.33964428), (0.4220369, 0.34687132), (0.42474544, 0.34844637), (0.43157035, 0.34498128), (0.42542106, 0.34925643), (0.41791174, 0.34721768), (0.41698796, 0.3396196), (0.41890422, 0.34686047), (0.42594582, 0.35017142), (0.4335451, 0.34924904), (0.4263037, 0.3511634), (0.42648095, 0.35325682), (0.43352443, 0.35625666), (0.4262947, 0.35429466), (0.42593113, 0.35528427), (0.43152454, 0.3605114), (0.42540106, 0.3561955), (0.41548598, 0.35616168), (0.40816262, 0.35839012), (0.41496116, 0.35524678), (0.41788, 0.35818252), (0.41265333, 0.36377293), (0.416968, 0.35765237), (0.42200306, 0.35855734), (0.421594, 0.36619905), (0.4209636, 0.35873684), (0.42472062, 0.35700098), (0.42818865, 0.36382475), (0.42391056, 0.35767597), (0.4214881, 0.3541951), (0.42299554, 0.35820004), (0.42121434, 0.35435182), (0.4206065, 0.3545124), (0.41990876, 0.35873327), (0.42029068, 0.3545112), (0.4199799, 0.3544554), (0.41788, 0.35818252), (0.4196835, 0.3543465), (0.41870305, 0.3531712), (0.41442293, 0.3532155), (0.41864896, 0.35286033), (0.42220402, 0.35224667), (0.42648387, 0.35220248), (0.42225802, 0.3525577), (0.4191767, 0.35142478), (0.41699648, 0.34774172), (0.41941896, 0.35122284), (0.41864896, 0.35286033), (0.4144259, 0.35216114), (0.41864994, 0.35254484), (0.42149648, 0.35123008), (0.42474544, 0.34844637), (0.42173764, 0.35143372), (0.41881475, 0.35193834), (0.41550595, 0.3492222), (0.41897312, 0.35166577), (0.41998962, 0.35095924), (0.41994357, 0.34668097), (0.42030066, 0.35090545), (0.42225802, 0.3525577), (0.42648095, 0.35325682), (0.42225704, 0.35287297), (0.41941896, 0.35122284), (0.41791174, 0.34721768), (0.4196928, 0.35106605), (0.41881013, 0.35346803), (0.4146031, 0.3542546), (0.41870305, 0.3531712), (0.42029068, 0.3545112), (0.41887027, 0.35854658), (0.4199799, 0.3544554), (0.42193416, 0.35375226), (0.42472062, 0.35700098), (0.4217304, 0.35399324), (0.42121434, 0.35435182), (0.42200306, 0.35855734), (0.42091736, 0.35445863), (0.41916922, 0.35398418), (0.41548598, 0.35616168), (0.41896704, 0.35374174), (0.41870576, 0.35223445), (0.4149758, 0.35013357), (0.41881475, 0.35193834), (0.4212235, 0.35107142), (0.42393932, 0.34776583), (0.42149648, 0.35123008), (0.42030066, 0.35090545), (0.42099854, 0.34668458), (0.4206165, 0.35090655), (0.41897312, 0.35166577), (0.41618642, 0.34841678), (0.4191767, 0.35142478), (0.42193982, 0.35167602), (0.42594582, 0.35017142), (0.42209688, 0.35194993), (0.4222015, 0.35318357), (0.42593113, 0.35528427), (0.42209265, 0.3534796), (0.4194106, 0.35418794), (0.41616178, 0.3569719), (0.41916922, 0.35398418), (0.42092738, 0.35096237), (0.42302725, 0.34723538), (0.4212235, 0.35107142), (0.41864994, 0.35254484), (0.4146121, 0.35112327), (0.41870576, 0.35223445), (0.4206165, 0.35090655), (0.4220369, 0.34687132), (0.42092738, 0.35096237), (0.42173764, 0.35143372), (0.42542106, 0.34925643), (0.42193982, 0.35167602), (0.4196928, 0.35106605), (0.41890422, 0.34686047), (0.41998962, 0.35095924), (0.42209688, 0.35194993), (0.4263037, 0.3511634), (0.42220402, 0.35224667), (0.42225704, 0.35287297), (0.4262947, 0.35429466), (0.4222015, 0.35318357), (0.42209265, 0.3534796), (0.42540106, 0.3561955), (0.42193416, 0.35375226), (0.41896704, 0.35374174), (0.41496116, 0.35524678), (0.41881013, 0.35346803), (0.4196835, 0.3543465), (0.416968, 0.35765237), (0.4194106, 0.35418794), (0.42091736, 0.35445863), (0.4209636, 0.35873684), (0.4206065, 0.3545124), (0.4217304, 0.35399324), (0.42391056, 0.35767597), (0.4214881, 0.3541951), (0.506742, 0.7540075), (0.52377343, 0.6105646), (0.52347773, 0.7547686), (0.15428509, 0.059980925), (0.29681957, 0.06770277), (0.15428509, 0.06928408), (0.15493394, 0.120267816), (0.29747403, 0.1280214), (0.15493108, 0.12957482), (0.15492995, 0.1507513), (0.30031335, 0.13353533), (0.30102366, 0.15049633), (0.008794263, 0.15048365), (0.15493016, 0.13438886), (0.15492995, 0.1507513), (0.15428509, 0.09046212), (0.29965568, 0.073202446), (0.30042684, 0.09016292), (0.52377343, 0.6105646), (0.506742, 0.467122), (0.52347773, 0.46636093), (0.97491115, 0.8044319), (0.9601678, 0.77667296), (0.9722979, 0.77453625), (0.97229284, 0.8343272), (0.96259356, 0.80443084), (0.97491115, 0.8044319), (0.9722979, 0.77453625), (0.9529616, 0.7497555), (0.96453893, 0.7455443), (0.96452874, 0.8633188), (0.96016306, 0.83218884), (0.97229284, 0.8343272), (0.96453893, 0.7455443), (0.94118816, 0.7244986), (0.951857, 0.7183404), (0.95184237, 0.8905207), (0.9529523, 0.85910535), (0.96452874, 0.8633188), (0.8616359, 0.6426227), (0.83050513, 0.64698684), (0.83264387, 0.6348573), (0.8888381, 0.6553103), (0.85742205, 0.6541995), (0.8616359, 0.6426227), (0.9134229, 0.672528), (0.8826778, 0.66597843), (0.8888381, 0.6553103), (0.934644, 0.6937529), (0.9055037, 0.68196404), (0.9134229, 0.672528), (0.951857, 0.7183404), (0.9252067, 0.7016704), (0.934644, 0.6937529), (0.9346253, 0.9151052), (0.9411744, 0.8843607), (0.95184237, 0.8905207), (0.91340095, 0.936326), (0.9251893, 0.90718615), (0.9346253, 0.9151052), (0.88881356, 0.95353925), (0.9054834, 0.92688894), (0.91340095, 0.936326), (0.8616093, 0.9662216), (0.8826553, 0.9428704), (0.88881356, 0.95353925), (0.8326165, 0.9739809), (0.857398, 0.9546441), (0.8616093, 0.9662216), (0.83264387, 0.6348573), (0.80274755, 0.64455605), (0.8027485, 0.63223815), (0.8027206, 0.97659445), (0.8304797, 0.9618505), (0.8326165, 0.9739809), (0.8027485, 0.63223815), (0.7749901, 0.6469817), (0.7728531, 0.63485205), (0.7728258, 0.9739764), (0.80272144, 0.9642768), (0.8027206, 0.97659445), (0.7728531, 0.63485205), (0.74807304, 0.65419006), (0.7438612, 0.6426122), (0.7438612, 0.6426122), (0.7228152, 0.6659646), (0.7166567, 0.6552954), (0.7166567, 0.6552954), (0.6999862, 0.6819465), (0.69206864, 0.67250896), (0.69206864, 0.67250896), (0.6802795, 0.7016494), (0.67084336, 0.69373035), (0.67084336, 0.69373035), (0.664294, 0.724476), (0.65362567, 0.7183156), (0.65362567, 0.7183156), (0.6525151, 0.7497318), (0.6409384, 0.74551773), (0.6409384, 0.74551773), (0.6453023, 0.77664757), (0.6331731, 0.7745091), (0.6331731, 0.7745091), (0.6428722, 0.804405), (0.63055456, 0.80440426), (0.63055456, 0.80440426), (0.64529896, 0.8321625), (0.6331692, 0.8342997), (0.65361303, 0.8904973), (0.68026423, 0.9071673), (0.67082703, 0.91508484), (0.64092946, 0.8632926), (0.6642822, 0.8843386), (0.65361303, 0.8904973), (0.6331692, 0.8342997), (0.6525073, 0.8590807), (0.64092946, 0.8632926), (0.7438349, 0.96621275), (0.77496386, 0.96184695), (0.7728258, 0.9739764), (0.7166332, 0.9535265), (0.74804825, 0.95463645), (0.7438349, 0.96621275), (0.6920485, 0.93630946), (0.72279316, 0.94285846), (0.7166332, 0.9535265), (0.67082703, 0.91508484), (0.69996744, 0.9268733), (0.6920485, 0.93630946), (0.50131446, 0.75120956), (0.4936878, 0.6105646), (0.5028756, 0.6105646), (0.012396768, 0.12802035), (0.15493394, 0.120267816), (0.15493108, 0.12957482), (0.008914828, 0.07320233), (0.15428509, 0.06928408), (0.15428509, 0.07409865), (0.15493016, 0.13438886), (0.29747403, 0.1280214), (0.30031335, 0.13353533), (0.15428509, 0.06928408), (0.29965568, 0.073202446), (0.15428509, 0.07409865), (0.46400452, 0.7537739), (0.4601389, 0.61137885), (0.4648897, 0.61140037), (0.5028756, 0.6105646), (0.506742, 0.467122), (0.5076268, 0.6105646), (0.009561226, 0.13352117), (0.15493108, 0.12957482), (0.15493016, 0.13438886), (0.506742, 0.7540075), (0.5028756, 0.6105646), (0.5076268, 0.6105646), (0.4648897, 0.61140037), (0.45857853, 0.46968785), (0.46400577, 0.46688876), (0.45095497, 0.61131454), (0.44075537, 0.4841731), (0.448865, 0.4787741), (0.48348743, 0.73672956), (0.4936878, 0.6105646), (0.4915983, 0.7421265), (0.021602929, 0.118173964), (0.15493573, 0.111047484), (0.15493394, 0.120267816), (0.4936878, 0.6105646), (0.48348755, 0.4843998), (0.49159843, 0.47900295), (0.44886607, 0.74189866), (0.4418567, 0.6112732), (0.45095497, 0.61131454), (0.15428509, 0.059980925), (0.28214538, 0.049644765), (0.28761643, 0.057863083), (0.15493394, 0.120267816), (0.28279966, 0.10995375), (0.2882684, 0.11817386), (0.026425183, 0.049644765), (0.15428509, 0.059980925), (0.020954221, 0.057863083), (0.9906428, 0.9923477), (0.91340095, 0.936326), (0.9346253, 0.9151052), (0.6147985, 0.99231994), (0.67082703, 0.91508484), (0.6920485, 0.93630946), (0.69206864, 0.67250896), (0.67084336, 0.69373035), (0.61482614, 0.6164707), (0.934644, 0.6937529), (0.9134229, 0.672528), (0.99067503, 0.6165035), (0.54047483, 0.8326831), (0.5662083, 0.8301938), (0.5481112, 0.8423632), (0.5662083, 0.8301938), (0.5543445, 0.85309064), (0.5481112, 0.8423632), (0.5543445, 0.85309064), (0.57869077, 0.8595088), (0.5581803, 0.86478627), (0.5581803, 0.86478627), (0.58143497, 0.8752795), (0.5600567, 0.87702966), (0.5600567, 0.87702966), (0.58143497, 0.8915716), (0.5597516, 0.88944745), (0.5597516, 0.88944745), (0.5778489, 0.90729344), (0.5577879, 0.90159965), (0.5577879, 0.90159965), (0.57240194, 0.92211956), (0.55330646, 0.9130756), (0.55330646, 0.9130756), (0.5643633, 0.9360204), (0.5469182, 0.9236235), (0.53927755, 0.93301797), (0.5643633, 0.9360204), (0.5535959, 0.94762737), (0.53927755, 0.93301797), (0.54179007, 0.95751697), (0.5299109, 0.9407246), (0.5299109, 0.9407246), (0.5284027, 0.96535826), (0.5195066, 0.94668174), (0.5195066, 0.94668174), (0.5137488, 0.9707809), (0.5082015, 0.95071316), (0.5082015, 0.95071316), (0.4982667, 0.97355825), (0.4963347, 0.952682), (0.4963347, 0.952682), (0.4824098, 0.97357905), (0.48424187, 0.95251375), (0.48424187, 0.95251375), (0.46665162, 0.970753), (0.47230995, 0.9501896), (0.47230995, 0.9501896), (0.4514471, 0.9650631), (0.4610007, 0.9457683), (0.4514471, 0.9650631), (0.45049033, 0.9394888), (0.4610007, 0.9457683), (0.45049033, 0.9394888), (0.42652217, 0.9457821), (0.4414814, 0.9314092), (0.4414814, 0.9314092), (0.4166916, 0.93359035), (0.4339877, 0.9218633), (0.4339877, 0.9218633), (0.40904212, 0.91980046), (0.428194, 0.911114), (0.428194, 0.911114), (0.40384072, 0.9048407), (0.42429167, 0.8994664), (0.42429167, 0.8994664), (0.40121984, 0.8891817), (0.42228228, 0.8872922), (0.42228228, 0.8872922), (0.40128368, 0.8732843), (0.42236197, 0.87496305), (0.42236197, 0.87496305), (0.4040437, 0.8576304), (0.42453384, 0.8628287), (0.42453384, 0.8628287), (0.40940252, 0.8426892), (0.4286632, 0.85126185), (0.4286632, 0.85126185), (0.41722295, 0.8288843), (0.43470472, 0.8406337), (0.43470472, 0.8406337), (0.42731357, 0.8166229), (0.4424724, 0.8312631), (0.4424724, 0.8312631), (0.43942755, 0.8062718), (0.45177516, 0.82343084), (0.45177516, 0.82343084), (0.45326865, 0.79817456), (0.4623313, 0.81738436), (0.4623313, 0.81738436), (0.46850216, 0.792666), (0.4737825, 0.8133273), (0.4737825, 0.8133273), (0.48427027, 0.79088676), (0.48567483, 0.8113542), (0.48567483, 0.8113542), (0.49967766, 0.7910559), (0.49774796, 0.81153965), (0.49774796, 0.81153965), (0.5150046, 0.7938141), (0.50956756, 0.81382436), (0.50956756, 0.81382436), (0.5297749, 0.7992502), (0.52083766, 0.81822085), (0.52083766, 0.81822085), (0.54351974, 0.80724096), (0.5312571, 0.8245617), (0.5312571, 0.8245617), (0.5557952, 0.81762326), (0.54047483, 0.8326831), (0.5729305, 0.79933256), (0.5459585, 0.8025551), (0.55744565, 0.7862845), (0.5158653, 0.16132694), (0.5222988, 0.30626932), (0.5158652, 0.30626932), (0.33412498, 0.16132732), (0.52229893, 0.15489343), (0.5158653, 0.16132694), (0.51586527, 0.44902444), (0.33412588, 0.45545787), (0.33412594, 0.44902438), (0.5158652, 0.30626932), (0.52229893, 0.4554581), (0.51586527, 0.44902444), (0.32396477, 0.44902438), (0.31753093, 0.30626985), (0.32396445, 0.3062698), (0.32396445, 0.3062698), (0.3175302, 0.15489388), (0.32396382, 0.16132736), (0.33412594, 0.44902438), (0.31753117, 0.455458), (0.32396477, 0.44902438), (0.32396382, 0.16132736), (0.33412492, 0.15489373), (0.33412498, 0.16132732), (0.44950813, 0.90548724), (0.4462633, 0.9096686), (0.44652608, 0.9055294), (0.5199276, 0.9059163), (0.5172156, 0.89298487), (0.5194396, 0.893212), (0.33468318, 0.16694565), (0.3346635, 0.1700706), (0.33097973, 0.16692235), (0.41869286, 0.24746265), (0.39484608, 0.17047147), (0.4190627, 0.17062162), (0.41864023, 0.25457034), (0.39439481, 0.24731813), (0.41869286, 0.24746265), (0.33413512, 0.25399432), (0.3304762, 0.24691592), (0.33417985, 0.24693929), (0.5283086, 0.52988756), (0.5283086, 0.5178579), (0.5564757, 0.52988756), (0.9596266, 0.55580384), (0.9748961, 0.5048057), (0.9748961, 0.5572212), (0.8133224, 0.46241152), (0.8049598, 0.44967926), (0.8133224, 0.44967926), (0.52949697, 0.038588718), (0.5364443, 0.027671441), (0.5364443, 0.03858888), (0.5364442, 0.33960462), (0.5293434, 0.3309402), (0.5362907, 0.3309402), (0.52276486, 0.8423283), (0.5325304, 0.8343797), (0.5325304, 0.8421557), (0.5364442, 0.33960462), (0.5514789, 0.3505221), (0.5364442, 0.3505221), (0.96649337, 0.019490384), (0.99362534, 0.2002379), (0.9665246, 0.20024258), (0.7674633, 0.44967926), (0.77582586, 0.46241152), (0.7674633, 0.46241152), (0.5337812, 0.18909633), (0.5278308, 0.13275295), (0.53477806, 0.13275295), (0.73092943, 0.46241152), (0.73625094, 0.6067861), (0.7309297, 0.6067861), (0.73092943, 0.44967926), (0.7362509, 0.46241152), (0.73092943, 0.46241152), (0.7051489, 0.6067862), (0.69982773, 0.4624113), (0.70514894, 0.4624113), (0.70514894, 0.4624113), (0.69982773, 0.44967937), (0.70514905, 0.44967937), (0.4945529, 0.8353937), (0.5072171, 0.8434524), (0.4945529, 0.8434521), (0.52276486, 0.8423283), (0.51054496, 0.8591564), (0.51054496, 0.8423283), (0.5364442, 0.33960462), (0.52949685, 0.3505221), (0.52949685, 0.33960462), (0.7529898, 0.44967926), (0.76450616, 0.46241152), (0.7529898, 0.46241152), (0.8133224, 0.6067853), (0.8049598, 0.46241152), (0.8133224, 0.46241152), (0.70514894, 0.4624113), (0.71666527, 0.6067862), (0.7051489, 0.6067862), (0.52276486, 0.8423283), (0.51054496, 0.83455235), (0.52276486, 0.83455235), (0.7674633, 0.46241152), (0.77582586, 0.6067853), (0.7674633, 0.6067853), (0.5362898, 0.04731372), (0.52949697, 0.038588718), (0.5364443, 0.03858888), (0.5325304, 0.8421557), (0.5389194, 0.83426654), (0.5389194, 0.84204245), (0.846742, 0.4362949), (0.81841123, 0.4210255), (0.846742, 0.4210255), (0.33655813, 0.25400972), (0.33417985, 0.24693929), (0.33660284, 0.24695458), (0.33708638, 0.1701081), (0.33468318, 0.16694565), (0.33710623, 0.16696087), (0.48450252, 0.84327465), (0.4945529, 0.8353937), (0.4945529, 0.8434521), (0.5362907, 0.3309402), (0.52929807, 0.3283785), (0.53624535, 0.3283785), (0.38140622, 0.9941589), (0.3530799, 0.9856973), (0.38140622, 0.9861985), (0.74904084, 0.40912846), (0.74238247, 0.4028555), (0.7366346, 0.38618934), (0.4592459, 0.2549447), (0.45536473, 0.24746288), (0.45917043, 0.24745832), (0.45917043, 0.24745832), (0.45529598, 0.1701899), (0.45899573, 0.16692235), (0.8515681, 0.60221976), (0.86094797, 0.60836214), (0.8515681, 0.6099391), (0.9424547, 0.5570008), (0.951488, 0.4006267), (0.9512063, 0.55701643), (0.9267185, 0.5616335), (0.9380712, 0.40684372), (0.93532896, 0.56178594), (0.8199537, 0.5887804), (0.81857514, 0.57954144), (0.846742, 0.6094391), (0.93532896, 0.56178594), (0.9265662, 0.5717378), (0.9267185, 0.5616335), (0.93517643, 0.5718903), (0.9264655, 0.58173877), (0.9265662, 0.5717378), (0.9350759, 0.5818912), (0.9264109, 0.5915695), (0.9264655, 0.58173877), (0.93502116, 0.5917218), (0.9263904, 0.60122675), (0.9264109, 0.5915695), (0.9350005, 0.60137904), (0.92638785, 0.610775), (0.9263904, 0.60122675), (0.9512063, 0.55701643), (0.9424096, 0.5671989), (0.9424547, 0.5570008), (0.95116115, 0.5672146), (0.942314, 0.57729167), (0.9424096, 0.5671989), (0.9510658, 0.57730746), (0.9421759, 0.58721185), (0.942314, 0.57729167), (0.9509276, 0.5872277), (0.9420066, 0.5969563), (0.9421759, 0.58721185), (0.9507584, 0.59697205), (0.9418212, 0.60659045), (0.9420066, 0.5969563), (0.53580004, 0.30319762), (0.52784336, 0.24614693), (0.5347905, 0.24614693), (0.46818838, 0.27013803), (0.48345783, 0.24180721), (0.48345783, 0.27013803), (0.45419827, 0.2549869), (0.44318423, 0.24756815), (0.45412865, 0.24746515), (0.45412865, 0.24746515), (0.4432807, 0.17076857), (0.45395753, 0.17081362), (0.37045464, 0.24716817), (0.34701404, 0.17017063), (0.37093005, 0.17032143), (0.3704089, 0.25422737), (0.34653133, 0.24701722), (0.37045464, 0.24716817), (0.9596266, 0.4012739), (0.9748961, 0.45303977), (0.9596266, 0.45303977), (0.34653133, 0.24701722), (0.33708638, 0.1701081), (0.34701404, 0.17017063), (0.535775, 0.076409794), (0.52924174, 0.053021744), (0.53618884, 0.053021744), (0.33235973, 0.27535796), (0.32945013, 0.26767486), (0.33237642, 0.2676411), (0.50667804, 0.28246036), (0.50902766, 0.30050868), (0.50667804, 0.3005141), (0.33237642, 0.2676411), (0.32944945, 0.25996658), (0.33237562, 0.259933), (0.329, 0.40557963), (0.33205864, 0.41411516), (0.3289965, 0.41406918), (0.4902148, 0.27332905), (0.5054842, 0.24499837), (0.5054842, 0.27332905), (0.38140622, 0.9861985), (0.3530799, 0.9833434), (0.38140622, 0.9838447), (0.9263023, 0.3861892), (0.91093117, 0.41454366), (0.91093117, 0.3861892), (0.6096796, 0.9683837), (0.5813533, 0.9608687), (0.6096796, 0.96036756), (0.6096796, 0.9951161), (0.5813533, 0.97412926), (0.6096796, 0.97362804), (0.69724363, 0.019536741), (0.69109803, 0.0054462184), (0.6972411, 0.005445205), (0.377075, 0.78921074), (0.3718315, 0.8175025), (0.3718315, 0.7893033), (0.49102232, 0.8777579), (0.47884604, 0.8495759), (0.49102232, 0.8495759), (0.6096796, 0.97362804), (0.5813533, 0.96888494), (0.6096796, 0.9683837), (0.36306238, 0.9495537), (0.36438313, 0.9548283), (0.36308935, 0.95485747), (0.53618884, 0.053021744), (0.5293426, 0.04731372), (0.5362898, 0.04731372), (0.34648645, 0.2540731), (0.33660284, 0.24695458), (0.34653133, 0.24701722), (0.60620433, 0.7021538), (0.6085576, 0.67402864), (0.6085576, 0.70219547), (0.38140622, 0.9838447), (0.3530799, 0.9602085), (0.3814061, 0.96070963), (0.4910193, 0.44463304), (0.48825657, 0.4234346), (0.4910193, 0.42340463), (0.45529598, 0.1701899), (0.4539518, 0.16693227), (0.4552931, 0.16693033), (0.45535967, 0.2549844), (0.45412865, 0.24746515), (0.45536473, 0.24746288), (0.48153085, 0.84322196), (0.48450252, 0.8352158), (0.48450252, 0.84327465), (0.53624535, 0.3283785), (0.5288527, 0.30319762), (0.53580004, 0.30319762), (0.695672, 0.33838847), (0.6644684, 0.31241062), (0.69612646, 0.31240427), (0.69612646, 0.59654605), (0.66386914, 0.57241845), (0.6956945, 0.5724118), (0.90208787, 0.61008894), (0.88756233, 0.58248615), (0.90208787, 0.58248615), (0.92075145, 0.46612573), (0.9058107, 0.43975538), (0.92075145, 0.43975538), (0.59826046, 0.47457618), (0.56516975, 0.474737), (0.5662988, 0.4113272), (0.993594, 0.019485667), (0.9967815, 0.0033673127), (0.99674886, 0.019491985), (0.5987497, 0.41053495), (0.58369434, 0.3470314), (0.61757344, 0.38470954), (0.42666388, 0.7646389), (0.45486295, 0.7526094), (0.45486295, 0.7646389), (0.99397975, 0.20834637), (0.9967801, 0.19983287), (0.9967815, 0.20822397), (0.69724363, 0.019536741), (0.7224462, 0.20028451), (0.69727486, 0.20028889), (0.72241503, 0.01953248), (0.7830852, 0.20027423), (0.7224462, 0.20028451), (0.69113284, 0.20826939), (0.69727486, 0.20028889), (0.69727623, 0.20826825), (0.8436932, 0.01951152), (0.9051245, 0.20025307), (0.8437242, 0.20026371), (0.92075145, 0.4981337), (0.9058107, 0.46612573), (0.92075145, 0.46612573), (0.69465345, 0.514271), (0.66386914, 0.57241845), (0.6643121, 0.51412654), (0.61757636, 0.30875304), (0.59826046, 0.34696072), (0.58369434, 0.3470314), (0.9050933, 0.019500934), (0.9665246, 0.20024258), (0.9051245, 0.20025307), (0.66430086, 0.39711463), (0.64658666, 0.36208355), (0.66384685, 0.3383949), (0.5347905, 0.24614693), (0.5268339, 0.18909633), (0.5337812, 0.18909633), (0.40933132, 0.9882646), (0.41614282, 0.99464643), (0.40933132, 0.99464643), (0.9596266, 0.5572212), (0.9748961, 0.6096367), (0.9596266, 0.6096367), (0.44312468, 0.2548073), (0.41869286, 0.24746265), (0.44318423, 0.24756815), (0.44318423, 0.24756815), (0.4190627, 0.17062162), (0.4432807, 0.17076857), (0.92075145, 0.6107581), (0.9058107, 0.5787416), (0.92075145, 0.5787416), (0.7830542, 0.019522034), (0.8437242, 0.20026371), (0.7830852, 0.20027423), (0.59826046, 0.47457618), (0.5987497, 0.5381505), (0.56516975, 0.474737), (0.6029062, 0.94816995), (0.6097177, 0.9545518), (0.6029062, 0.9545518), (0.9596266, 0.45303977), (0.9748961, 0.5048057), (0.9596266, 0.5048057), (0.39434692, 0.25438815), (0.37045464, 0.24716817), (0.39439481, 0.24731813), (0.39439481, 0.24731813), (0.37093005, 0.17032143), (0.39484608, 0.17047147), (0.53477806, 0.13275295), (0.5288277, 0.076409794), (0.535775, 0.076409794), (0.90208787, 0.47299132), (0.88756233, 0.44187286), (0.90208787, 0.44187286), (0.90208787, 0.58248615), (0.88756233, 0.55135953), (0.90208787, 0.55135965), (0.6465977, 0.4790955), (0.66385764, 0.45540655), (0.6936126, 0.45613015), (0.6465956, 0.43172854), (0.6408903, 0.42152992), (0.66430086, 0.39711463), (0.6408903, 0.42152992), (0.6373032, 0.4096531), (0.66430086, 0.39711463), (0.6373032, 0.4096531), (0.63607866, 0.39690748), (0.66430086, 0.39711463), (0.63607866, 0.39690748), (0.6372999, 0.38416138), (0.66430086, 0.39711463), (0.6372999, 0.38416138), (0.640884, 0.37228352), (0.66430086, 0.39711463), (0.640884, 0.37228352), (0.64658666, 0.36208355), (0.66430086, 0.39711463), (0.61757636, 0.30875304), (0.6237969, 0.3198769), (0.59826046, 0.34696072), (0.6237969, 0.3198769), (0.627707, 0.33283073), (0.59826046, 0.34696072), (0.627707, 0.33283073), (0.6290403, 0.34673172), (0.59826046, 0.34696072), (0.6290403, 0.34673172), (0.62770593, 0.36063257), (0.59826046, 0.34696072), (0.62770593, 0.36063257), (0.62379485, 0.37358603), (0.59826046, 0.34696072), (0.62379485, 0.37358603), (0.61757344, 0.38470954), (0.59826046, 0.34696072), (0.61757636, 0.43636864), (0.6237971, 0.44749242), (0.59826046, 0.47457618), (0.6237971, 0.44749242), (0.6277071, 0.46044624), (0.59826046, 0.47457618), (0.6277071, 0.46044624), (0.6290403, 0.47434717), (0.59826046, 0.47457618), (0.6290403, 0.47434717), (0.62770593, 0.48824817), (0.59826046, 0.47457618), (0.62770593, 0.48824817), (0.62379485, 0.50120157), (0.59826046, 0.47457618), (0.62379485, 0.50120157), (0.61757344, 0.512325), (0.59826046, 0.47457618), (0.6466072, 0.5487405), (0.6409018, 0.53854203), (0.6643121, 0.51412654), (0.6409018, 0.53854203), (0.6373145, 0.5266653), (0.6643121, 0.51412654), (0.6373145, 0.5266653), (0.63608974, 0.5139194), (0.6643121, 0.51412654), (0.63608974, 0.5139194), (0.6373111, 0.50117326), (0.6643121, 0.51412654), (0.6373111, 0.50117326), (0.64089507, 0.48929557), (0.6643121, 0.51412654), (0.64089507, 0.48929557), (0.6465977, 0.4790955), (0.6643121, 0.51412654), (0.88756233, 0.55135953), (0.90208787, 0.5389494), (0.90208787, 0.55135965), (0.88756233, 0.5389494), (0.90208787, 0.5257735), (0.90208787, 0.5389494), (0.88756233, 0.5257735), (0.90208787, 0.5121754), (0.90208787, 0.5257735), (0.88756233, 0.5121754), (0.90208787, 0.49857724), (0.90208787, 0.5121754), (0.88756233, 0.49857724), (0.90208787, 0.48540163), (0.90208787, 0.49857724), (0.88756233, 0.48540163), (0.90208787, 0.47299132), (0.90208787, 0.48540163), (0.9058107, 0.5787416), (0.92075145, 0.5659769), (0.92075145, 0.5787416), (0.9058107, 0.5659769), (0.92075145, 0.5524244), (0.92075145, 0.5659769), (0.9058107, 0.5524244), (0.92075145, 0.5384376), (0.92075145, 0.5524244), (0.9058107, 0.5384376), (0.92075145, 0.5244509), (0.92075145, 0.5384376), (0.9058107, 0.5244509), (0.92075145, 0.51089865), (0.92075145, 0.5244509), (0.9058107, 0.51089865), (0.92075145, 0.4981337), (0.92075145, 0.51089865), (0.6946421, 0.39725932), (0.6936126, 0.45613015), (0.66385764, 0.45540655), (0.6001838, 0.6168536), (0.60958314, 0.66376454), (0.6001837, 0.66376454), (0.5580429, 0.54352957), (0.5960026, 0.5904406), (0.5580428, 0.5904406), (0.5999028, 0.61198986), (0.6468138, 0.6025904), (0.6468138, 0.61198986), (0.5980876, 0.54352957), (0.63440084, 0.5904406), (0.59808767, 0.5904406), (0.59908944, 0.6009888), (0.63622594, 0.59162545), (0.63704926, 0.6009888), (0.60327876, 0.80617124), (0.5870312, 0.809788), (0.5906447, 0.8061737), (0.47476837, 0.18498461), (0.46984303, 0.1707731), (0.47476837, 0.1756993), (0.5906447, 0.8061737), (0.5870309, 0.7994343), (0.5906444, 0.7994344), (0.4919902, 0.1757031), (0.49691552, 0.18499011), (0.4919902, 0.18499011), (0.4919902, 0.18499011), (0.49691528, 0.1942877), (0.4919898, 0.1942877), (0.59064585, 0.7698919), (0.6068926, 0.7662788), (0.60327876, 0.76989233), (0.5906447, 0.7963727), (0.5870323, 0.7662785), (0.59064585, 0.7698919), (0.6032786, 0.79943025), (0.6068926, 0.809784), (0.60327876, 0.80617124), (0.60327876, 0.76989233), (0.6068923, 0.79636896), (0.6032786, 0.79636896), (0.4919902, 0.22745769), (0.46984494, 0.23238365), (0.47477004, 0.2274581), (0.4747688, 0.19428305), (0.46984303, 0.18498461), (0.47476837, 0.18498461), (0.47476837, 0.1756993), (0.49691552, 0.1707784), (0.4919902, 0.1757031), (0.4919898, 0.1942877), (0.49691552, 0.23238324), (0.4919902, 0.22745769), (0.47477004, 0.2274581), (0.46984345, 0.19428326), (0.4747688, 0.19428305), (0.5906444, 0.7994344), (0.5870309, 0.7963727), (0.5906447, 0.7963727), (0.6032786, 0.79636896), (0.6068923, 0.79943025), (0.6032786, 0.79943025), (0.643409, 0.55987036), (0.64613557, 0.57858026), (0.643409, 0.57858026), (0.643409, 0.57858026), (0.64613557, 0.5838246), (0.643409, 0.5838246), (0.32744855, 0.95575845), (0.32386515, 0.9557588), (0.32386535, 0.9542179), (0.643409, 0.5838246), (0.64613557, 0.58906287), (0.643409, 0.58906287), (0.60731494, 0.9160943), (0.6084312, 0.9213393), (0.60731494, 0.9213393), (0.33237642, 0.30288804), (0.32943344, 0.27539155), (0.33235973, 0.27535796), (0.4822, 0.19298181), (0.48540547, 0.21765184), (0.4822, 0.21761593), (0.3289965, 0.41406918), (0.3321255, 0.44440398), (0.3290635, 0.44435787), (0.36308935, 0.926303), (0.3643511, 0.94711494), (0.3630576, 0.9471441), (0.3630576, 0.9471441), (0.36435604, 0.94952446), (0.36306238, 0.9495537), (0.37537387, 0.9548494), (0.3740811, 0.949521), (0.37537485, 0.9495442), (0.60726315, 0.73178023), (0.60472566, 0.71227664), (0.60726315, 0.7122826), (0.37537485, 0.9495442), (0.37407357, 0.9471117), (0.37536728, 0.9471349), (0.37536728, 0.9471349), (0.3740811, 0.9262738), (0.37537485, 0.9262969), (0.3290635, 0.39710265), (0.33206213, 0.4056257), (0.329, 0.40557963), (0.33890232, 0.27327746), (0.34441444, 0.2920034), (0.33893427, 0.2919901), (0.32600874, 0.90788966), (0.33005682, 0.9334391), (0.32600865, 0.9304659), (0.50992393, 0.23093748), (0.50443363, 0.21221894), (0.5099143, 0.21222764), (0.5099143, 0.21222764), (0.5044403, 0.20697449), (0.5099207, 0.2069832), (0.5099207, 0.2069832), (0.50443923, 0.20173608), (0.5099199, 0.20174472), (0.60731494, 0.9213393), (0.60843146, 0.9400519), (0.60731494, 0.9400519), (0.36857376, 0.9262738), (0.36988297, 0.9471145), (0.36857352, 0.9471145), (0.36857352, 0.9471145), (0.36988312, 0.9495242), (0.36857364, 0.9495242), (0.47463942, 0.8950847), (0.4760825, 0.9002673), (0.47463942, 0.9002673), (0.5494909, 0.88660765), (0.550687, 0.8972845), (0.55008936, 0.8919457), (0.47463942, 0.9002673), (0.4760825, 0.902621), (0.47463942, 0.902621), (0.47463942, 0.902621), (0.47608262, 0.92297786), (0.47463942, 0.92297786), (0.60731494, 0.91085696), (0.60843146, 0.9160943), (0.60731494, 0.9160943), (0.36857364, 0.9495242), (0.36988297, 0.9548283), (0.36857364, 0.9548283), (0.49783713, 0.41311443), (0.51139396, 0.41835463), (0.49783713, 0.41835165), (0.49783713, 0.41835165), (0.5113937, 0.423599), (0.49783736, 0.42359662), (0.38688552, 0.99042845), (0.39932173, 0.99560803), (0.38688552, 0.99561006), (0.38688636, 0.9677146), (0.39932156, 0.9880717), (0.38688552, 0.9880746), (0.49783736, 0.42359662), (0.51139444, 0.44230902), (0.4978382, 0.44230926), (0.38688552, 0.9880746), (0.39932156, 0.9904254), (0.38688552, 0.99042845), (0.36063367, 0.8683923), (0.3668832, 0.89173716), (0.3605946, 0.89175415), (0.3605946, 0.89175415), (0.3668882, 0.8944382), (0.36059967, 0.89445496), (0.36693403, 0.81669253), (0.36145464, 0.81151944), (0.36693522, 0.81150967), (0.39932173, 0.99560803), (0.38688594, 0.99705714), (0.38688552, 0.99561006), (0.36693522, 0.81150967), (0.36144742, 0.8091658), (0.36692807, 0.809156), (0.36692807, 0.809156), (0.36145607, 0.788809), (0.3669367, 0.7887991), (0.3389276, 0.2627952), (0.34438333, 0.26804596), (0.33890268, 0.26803243), (0.35374802, 0.9341012), (0.35374805, 0.95153314), (0.3499243, 0.95353675), (0.36059967, 0.89445496), (0.36691758, 0.90038365), (0.36062914, 0.9004006), (0.33890268, 0.26803243), (0.34438297, 0.27329075), (0.33890232, 0.27327746), (0.38281432, 0.7902444), (0.38829497, 0.8038039), (0.38281432, 0.803801), (0.50443923, 0.20173608), (0.50992393, 0.19914852), (0.5099199, 0.20174472), (0.49783713, 0.41311443), (0.51139444, 0.41051996), (0.5113937, 0.41311622), (0.3389276, 0.2627952), (0.34441444, 0.26021236), (0.34440824, 0.26280868), (0.37776807, 0.8361861), (0.37228778, 0.8226847), (0.37776807, 0.82262987), (0.51139444, 0.44230902), (0.4978382, 0.4444399), (0.4978382, 0.44230926), (0.34441444, 0.2920034), (0.3389289, 0.29412055), (0.33893427, 0.2919901), (0.50992393, 0.23093748), (0.50444007, 0.23305947), (0.5044435, 0.23092878), (0.57316387, 0.99179745), (0.56768334, 0.9793625), (0.57316387, 0.9793613), (0.36691758, 0.90038365), (0.36063367, 0.90206087), (0.36062914, 0.9004006), (0.33303317, 0.94531846), (0.33605596, 0.9193391), (0.33605596, 0.9453185), (0.36693403, 0.81669253), (0.36145607, 0.81814927), (0.3614535, 0.8167022), (0.3683496, 0.9221073), (0.36286938, 0.9096126), (0.3683496, 0.9096717), (0.36145607, 0.788809), (0.36693344, 0.7870576), (0.3669367, 0.7887991), (0.36063367, 0.8683923), (0.36691672, 0.86637694), (0.3669221, 0.8683754), (0.38688636, 0.9677146), (0.39932197, 0.9659731), (0.39932197, 0.96771485), (0.78032106, 0.46241152), (0.78868365, 0.6067853), (0.7803209, 0.6067853), (0.8010799, 0.6067853), (0.79271734, 0.46241152), (0.8010799, 0.46241152), (0.8010799, 0.46241152), (0.79271734, 0.44967926), (0.8010799, 0.44967926), (0.78032106, 0.44967926), (0.78868365, 0.46241152), (0.78032106, 0.46241152), (0.70514905, 0.44967937), (0.71666527, 0.46241143), (0.70514894, 0.4624113), (0.7529898, 0.46241152), (0.76450616, 0.6067856), (0.7529898, 0.6067856), (0.5072171, 0.8434524), (0.4945529, 0.86089253), (0.4945529, 0.8434521), (0.73092943, 0.46241152), (0.71941304, 0.44967926), (0.73092943, 0.44967926), (0.5364443, 0.027671441), (0.5514789, 0.038588718), (0.5364443, 0.03858888), (0.7309297, 0.6067861), (0.71941304, 0.46241152), (0.73092943, 0.46241152), (0.73913157, 0.44967926), (0.75064784, 0.59405327), (0.73913157, 0.59405327), (0.73913157, 0.59405327), (0.75064784, 0.6067856), (0.73913157, 0.6067856), (0.9873066, 0.5001117), (0.9823985, 0.45304877), (0.9881295, 0.45304757), (0.98895264, 0.40598357), (0.9835848, 0.38521183), (0.9893158, 0.38521057), (0.9889706, 0.59307265), (0.9824074, 0.54659337), (0.98813856, 0.5465922), (0.9893158, 0.6123668), (0.98323935, 0.59307396), (0.9889706, 0.59307265), (0.9881295, 0.45304757), (0.98322153, 0.40598476), (0.98895264, 0.40598357), (0.98813856, 0.5465922), (0.9815754, 0.5001128), (0.9873066, 0.5001117), (0.5886755, 0.008509638), (0.60235435, 0.13102177), (0.5908274, 0.13102019), (0.56284606, 0.25362775), (0.5792489, 0.26392826), (0.56284606, 0.26392826), (0.6089787, 0.12917209), (0.62050563, 0.25168106), (0.6068269, 0.25168264), (0.032091677, 0.033278946), (0.19077387, 0.01915219), (0.19077387, 0.03327884), (0.5026325, 0.057693537), (0.5207492, 0.03826704), (0.51361024, 0.057693537), (0.68210596, 0.13197735), (0.6685225, 0.004020634), (0.68210596, 0.018144885), (0.50253016, 0.10295601), (0.30712783, 0.12047598), (0.32410562, 0.10295601), (0.6305646, 0.14425287), (0.6249783, 0.008509638), (0.6305646, 0.023595752), (0.60682803, 0.008511247), (0.62050563, 0.1291705), (0.6089787, 0.12917209), (0.56284606, 0.06939754), (0.5792489, 0.25362775), (0.56284606, 0.25362775), (0.023219697, 0.033278946), (0.032091774, 0.01915219), (0.032091677, 0.033278946), (0.5908274, 0.13102019), (0.60235435, 0.25168285), (0.5886768, 0.25168115), (0.6651418, 0.1566255), (0.6512138, 0.014643446), (0.6651419, 0.014643446), (0.5189937, 0.12047598), (0.50777525, 0.13393396), (0.50777525, 0.12047598), (0.64852846, 0.15668046), (0.6346065, 0.016900435), (0.6485285, 0.016900465), (0.6346065, 0.016900435), (0.6432938, 0.006171897), (0.6485285, 0.016900465), (0.6305646, 0.26676443), (0.6249783, 0.14419532), (0.6305646, 0.14425287), (0.68210596, 0.2440917), (0.6685225, 0.13203083), (0.68210596, 0.13197735), (0.3062901, 0.057693727), (0.5084044, 0.03826704), (0.5026325, 0.057693537), (0.5125061, 0.10295601), (0.50777525, 0.12047598), (0.50253016, 0.10295601), (0.8475644, 0.38138366), (0.9810007, 0.21404561), (0.981001, 0.381384), (0.71614206, 0.21404569), (0.8475644, 0.38138366), (0.71614194, 0.38138348), (0.71614206, 0.21404569), (0.84756476, 0.20468968), (0.8475648, 0.21404569), (0.8475648, 0.21404569), (0.9810007, 0.20468941), (0.9810007, 0.21404561), (0.5084044, 0.03826704), (0.5207492, 0.026920132), (0.5207492, 0.03826704), (0.6485285, 0.2986021), (0.6346064, 0.15668046), (0.64852846, 0.15668046), (0.6651419, 0.29646456), (0.6512139, 0.1566255), (0.6651418, 0.1566255), (0.9810007, 0.21404561), (0.9888314, 0.381384), (0.981001, 0.381384), (0.54388875, 0.1259371), (0.55400115, 0.33311206), (0.54388857, 0.33311212), (0.54388875, 0.114353776), (0.55400115, 0.1259371), (0.54388875, 0.1259371), (0.50777525, 0.12047598), (0.30712783, 0.13393384), (0.30712783, 0.12047598), (0.71614206, 0.21404569), (0.7060549, 0.20468956), (0.71614206, 0.20468962), (0.71614194, 0.38138348), (0.7060549, 0.21404561), (0.71614206, 0.21404569), (0.6651419, 0.29646456), (0.6512139, 0.30719766), (0.6512139, 0.29646456), (0.5077752, 0.15056078), (0.5189936, 0.13912818), (0.5189936, 0.15056078), (0.30712783, 0.15056078), (0.5077752, 0.13912818), (0.5077752, 0.15056078), (0.6485285, 0.2986021), (0.63460654, 0.30693048), (0.63460654, 0.2986021), (0.6512138, 0.014643446), (0.66135913, 0.006311506), (0.6651419, 0.014643446), (0.28760752, 0.03826704), (0.5084044, 0.026920132), (0.5084044, 0.03826704), (0.9810007, 0.20468941), (0.9888313, 0.21404561), (0.9810007, 0.21404561), (0.58369434, 0.3470314), (0.56520027, 0.3488575), (0.56516975, 0.3471214), (0.45529598, 0.1701899), (0.45412865, 0.24746515), (0.45395753, 0.17081362), (0.45529598, 0.1701899), (0.4552931, 0.16693033), (0.45899573, 0.16692235), (0.33708638, 0.1701081), (0.33417985, 0.24693929), (0.3346635, 0.1700706), (0.3346635, 0.1700706), (0.3304762, 0.24691592), (0.33097973, 0.16692235), (0.5283088, 0.364838), (0.53701264, 0.35820672), (0.5448646, 0.3624533), (0.69113123, 0.19878733), (0.69724363, 0.019536741), (0.69727486, 0.20028889), (0.99362534, 0.2002379), (0.99674886, 0.019491985), (0.9967801, 0.19983287), (0.88043624, 0.5876763), (0.87612486, 0.596658), (0.8515681, 0.60221976), (0.55509716, 0.37740216), (0.5564757, 0.3866411), (0.5283088, 0.364838), (0.88192177, 0.4233517), (0.8515681, 0.43631533), (0.8515681, 0.4233517), (0.16412279, 0.9950608), (0.16412264, 0.7942908), (0.32193366, 0.7942908), (0.0044422224, 0.46858066), (0.20521227, 0.46857953), (0.20521227, 0.62639046), (0.15866032, 0.15636179), (0.15866077, 0.30968034), (0.0059022084, 0.3102399), (0.419259, 0.46858066), (0.4192591, 0.62639046), (0.21848902, 0.62639046), (0.419259, 0.7842014), (0.21848902, 0.7842002), (0.21848902, 0.62639046), (0.0044422224, 0.62639046), (0.20521227, 0.62639046), (0.20521235, 0.7842002), (0.0063118115, 0.9950609), (0.006312944, 0.7942908), (0.16412264, 0.7942908), (0.0059022084, 0.3102399), (0.0048738495, 0.31024054), (0.0076901987, 0.15814745), (0.79396105, 0.80528), (0.794225, 0.8067779), (0.6573052, 0.8434658), (0.0076901987, 0.15814745), (0.15866032, 0.15533087), (0.15866032, 0.15636179), (0.15428509, 0.050761025), (0.15428509, 0.03778578), (0.28171515, 0.037528303), (0.4418567, 0.6112732), (0.4290536, 0.6112731), (0.42879975, 0.48459744), (0.3088882, 0.15889171), (0.30963424, 0.15814918), (0.31245056, 0.30912066), (0.42879975, 0.7360777), (0.4290536, 0.6112731), (0.4418567, 0.6112732), (0.15866032, 0.15636179), (0.15866032, 0.15533087), (0.30963424, 0.15814918), (0.026425183, 0.049644765), (0.02685541, 0.037528407), (0.15428509, 0.03778578), (0.008432902, 0.45934817), (0.007687129, 0.46009073), (0.0048738495, 0.31024054), (0.15493573, 0.111047484), (0.15493573, 0.098071925), (0.28237152, 0.09783699), (0.15866038, 0.46187937), (0.15866038, 0.46290976), (0.007687129, 0.46009073), (0.3114197, 0.30912066), (0.31245056, 0.30912066), (0.30963126, 0.4600948), (0.4715318, 0.7363051), (0.47178566, 0.6105646), (0.48458892, 0.6105646), (0.48458892, 0.6105646), (0.47178566, 0.6105646), (0.4715318, 0.48482433), (0.30963126, 0.4600948), (0.15866038, 0.46290976), (0.15866038, 0.46187937), (0.027500972, 0.09783699), (0.15493573, 0.098071925), (0.15493573, 0.111047484), (0.008914828, 0.07320233), (0.15428509, 0.07409865), (0.15428509, 0.09046212), (0.72279316, 0.94285846), (0.7250741, 0.93890846), (0.74960834, 0.95035017), (0.64529896, 0.8321625), (0.6497907, 0.83137095), (0.65679413, 0.85752094), (0.6428722, 0.804405), (0.64743316, 0.8044052), (0.6497907, 0.83137095), (0.6453023, 0.77664757), (0.6497939, 0.7774397), (0.64743316, 0.8044052), (0.6525151, 0.7497318), (0.6568015, 0.7512921), (0.6497939, 0.7774397), (0.664294, 0.724476), (0.6682442, 0.72675693), (0.6568015, 0.7512921), (0.6802795, 0.7016494), (0.6837736, 0.70458186), (0.6682442, 0.72675693), (0.6999862, 0.6819465), (0.7029179, 0.685441), (0.6837736, 0.70458186), (0.7228152, 0.6659646), (0.7250956, 0.6699153), (0.7029179, 0.685441), (0.74807304, 0.65419006), (0.74963266, 0.6584766), (0.7250956, 0.6699153), (0.7749901, 0.6469817), (0.7757815, 0.65147316), (0.74963266, 0.6584766), (0.80274755, 0.64455605), (0.8027471, 0.6491169), (0.7757815, 0.65147316), (0.83050513, 0.64698684), (0.8297129, 0.6514785), (0.8027471, 0.6491169), (0.85742205, 0.6541995), (0.8558617, 0.658486), (0.8297129, 0.6514785), (0.8826778, 0.66597843), (0.88039666, 0.66992867), (0.8558617, 0.658486), (0.9055037, 0.68196404), (0.9025714, 0.68545806), (0.88039666, 0.66992867), (0.9252067, 0.7016704), (0.9217122, 0.704602), (0.9025714, 0.68545806), (0.9251893, 0.90718615), (0.92169535, 0.90425396), (0.9372242, 0.8820797), (0.9411744, 0.8843607), (0.9372242, 0.8820797), (0.94866616, 0.85754526), (0.9529523, 0.85910535), (0.94866616, 0.85754526), (0.95567137, 0.8313968), (0.96016306, 0.83218884), (0.95567137, 0.8313968), (0.9580324, 0.8044305), (0.3852626, 0.83196473), (0.403336, 0.8404068), (0.39760664, 0.8561937), (0.9529616, 0.7497555), (0.9486752, 0.7513149), (0.9372376, 0.72677886), (0.94118816, 0.7244986), (0.9372376, 0.72677886), (0.9217122, 0.704602), (0.37835813, 0.8510196), (0.39760664, 0.8561937), (0.39470255, 0.8727304), (0.8826553, 0.9428704), (0.880375, 0.9389198), (0.9025518, 0.92339456), (0.857398, 0.9546441), (0.8558385, 0.9503573), (0.880375, 0.9389198), (0.8304797, 0.9618505), (0.82968825, 0.9573586), (0.8558385, 0.9503573), (0.80272144, 0.9642768), (0.8027217, 0.9597157), (0.82968825, 0.9573586), (0.55744565, 0.7862845), (0.5459585, 0.8025551), (0.5314396, 0.7941315), (0.59602225, 0.8324157), (0.5779486, 0.8407842), (0.5695701, 0.8262395), (0.5399344, 0.7761166), (0.5314396, 0.7941315), (0.51568055, 0.7883505), (0.69996744, 0.9268733), (0.70289963, 0.9233793), (0.7250741, 0.93890846), (0.38528365, 0.9301937), (0.40335497, 0.92182344), (0.41173464, 0.93636626), (0.6525073, 0.8590807), (0.65679413, 0.85752094), (0.66823286, 0.88205826), (0.68026423, 0.9071673), (0.6837588, 0.9042355), (0.70289963, 0.9233793), (0.48031038, 0.99704397), (0.4821447, 0.97720957), (0.4989295, 0.97726303), (0.8097996, 0.79951584), (0.80882204, 0.7983508), (0.9090545, 0.6981189), (0.7163437, 0.6812579), (0.7976477, 0.79737335), (0.7964834, 0.79835045), (0.8105602, 0.800833), (0.8097996, 0.79951584), (0.92591417, 0.71821195), (0.8110803, 0.8022623), (0.8105602, 0.800833), (0.9390288, 0.7409272), (0.76370704, 0.65917224), (0.8003934, 0.7960929), (0.7989644, 0.7966133), (0.8113447, 0.8037602), (0.8110803, 0.8022623), (0.9479999, 0.76557493), (0.6527502, 0.7914053), (0.6573048, 0.7655742), (0.7942253, 0.8022615), (0.8113447, 0.8052812), (0.8113447, 0.8037602), (0.9525547, 0.7914059), (0.80189115, 0.79582864), (0.8003934, 0.7960929), (0.76370704, 0.65917224), (0.6793906, 0.718211), (0.7955059, 0.7995154), (0.7947455, 0.8008324), (0.6962506, 0.698118), (0.7964834, 0.79835045), (0.7955059, 0.7995154), (0.80341244, 0.79582864), (0.80189115, 0.79582864), (0.78953826, 0.6546178), (0.80491024, 0.79609257), (0.80341244, 0.79582864), (0.8157677, 0.65461797), (0.8063395, 0.7966128), (0.80491024, 0.79609257), (0.8415987, 0.65917295), (0.8076568, 0.7973731), (0.8063395, 0.7966128), (0.8662464, 0.66814405), (0.80882204, 0.7983508), (0.8076568, 0.7973731), (0.88896143, 0.68125904), (0.7390592, 0.66814303), (0.7989644, 0.7966133), (0.7976477, 0.79737335), (0.46462935, 0.88403213), (0.46868587, 0.8829002), (0.4693419, 0.88659674), (0.6662759, 0.74092644), (0.7947455, 0.8008324), (0.7942253, 0.8022615), (0.8889614, 0.92778194), (0.80765814, 0.8116669), (0.8088222, 0.81069), (0.7955057, 0.8095246), (0.79648316, 0.81068957), (0.696251, 0.9109218), (0.9090543, 0.91092205), (0.8088222, 0.81069), (0.80979985, 0.80952495), (0.92591417, 0.8908293), (0.80979985, 0.80952495), (0.8105602, 0.80820805), (0.79764825, 0.81166726), (0.7989657, 0.8124279), (0.7390592, 0.9408964), (0.9390288, 0.8681139), (0.8105602, 0.80820805), (0.8110803, 0.8067787), (0.79396105, 0.80528), (0.6527502, 0.8176348), (0.6527502, 0.7914053), (0.9479999, 0.8434663), (0.8110803, 0.8067787), (0.8113447, 0.8052812), (0.7390592, 0.9408964), (0.7989657, 0.8124279), (0.80039406, 0.81294787), (0.794225, 0.8067779), (0.7947453, 0.8082072), (0.6662763, 0.86811346), (0.7947453, 0.8082072), (0.7955057, 0.8095246), (0.679391, 0.8908289), (0.76370686, 0.94986755), (0.80039406, 0.81294787), (0.8018923, 0.81321204), (0.7895378, 0.9544222), (0.8018923, 0.81321204), (0.80341285, 0.81321204), (0.81576735, 0.9544222), (0.80341285, 0.81321204), (0.80491114, 0.81294805), (0.84159815, 0.94986755), (0.80491114, 0.81294805), (0.8063401, 0.81242764), (0.86624587, 0.9408967), (0.8063401, 0.81242764), (0.80765814, 0.8116669), (0.79648316, 0.81068957), (0.79764825, 0.81166726), (0.7163438, 0.9277817), (0.4911101, 0.8863795), (0.47934508, 0.8863795), (0.47934508, 0.8827088), (0.45782754, 0.9025875), (0.46020663, 0.906048), (0.45692682, 0.9077885), (0.43117115, 0.8841558), (0.42716855, 0.88314617), (0.4283689, 0.87964517), (0.44637042, 0.8712719), (0.446015, 0.8671721), (0.44970247, 0.8671457), (0.44057328, 0.8728832), (0.43795678, 0.8744443), (0.4354517, 0.8708989), (0.46306893, 0.87325394), (0.4601284, 0.8762748), (0.45780638, 0.87434036), (0.44637042, 0.8712719), (0.44341072, 0.8718247), (0.44236046, 0.8677689), (0.44652608, 0.9055294), (0.4462633, 0.9096686), (0.44262278, 0.9091193), (0.4651512, 0.89001554), (0.4693419, 0.8903474), (0.4686875, 0.8940367), (0.4337892, 0.89842194), (0.43577406, 0.90071493), (0.432761, 0.9038123), (0.45244402, 0.9050249), (0.45350075, 0.9089905), (0.4499092, 0.90961343), (0.46012476, 0.9006838), (0.4631016, 0.90365064), (0.46020663, 0.906048), (0.46207762, 0.878584), (0.4655008, 0.87612283), (0.46739244, 0.8793722), (0.4356206, 0.87639034), (0.4325491, 0.8734199), (0.4354517, 0.8708989), (0.44074288, 0.90408736), (0.43909144, 0.90795535), (0.4357723, 0.90618265), (0.46359348, 0.88119674), (0.46739244, 0.8793722), (0.46868587, 0.8829002), (0.43120638, 0.89301175), (0.4322524, 0.8958246), (0.42841932, 0.8975778), (0.45524704, 0.9040489), (0.45692682, 0.9077885), (0.45350075, 0.9089905), (0.43218818, 0.88133717), (0.4283689, 0.87964517), (0.43017483, 0.8763673), (0.44703877, 0.83791715), (0.44406658, 0.834603), (0.44928756, 0.83128744), (0.43064785, 0.88708645), (0.43067154, 0.89007145), (0.42656115, 0.8904019), (0.43811095, 0.90262437), (0.4357723, 0.90618265), (0.432761, 0.9038123), (0.4523453, 0.87181485), (0.45337555, 0.867757), (0.4569058, 0.8690047), (0.43117115, 0.8841558), (0.43064785, 0.88708645), (0.42658806, 0.8867488), (0.43368217, 0.8787186), (0.43017483, 0.8763673), (0.4325491, 0.8734199), (0.4651537, 0.8870023), (0.4693419, 0.88659674), (0.4693419, 0.8903474), (0.44357535, 0.9050623), (0.44262278, 0.9091193), (0.43909144, 0.90795535), (0.43067154, 0.89007145), (0.43120638, 0.89301175), (0.42716914, 0.8940529), (0.45518452, 0.87283933), (0.4569058, 0.8690047), (0.46017298, 0.8708559), (0.4646225, 0.8929789), (0.4686875, 0.8940367), (0.46740037, 0.8975525), (0.44341072, 0.8718247), (0.44057328, 0.8728832), (0.43880016, 0.8690097), (0.4322524, 0.8958246), (0.4337892, 0.89842194), (0.43029135, 0.900865), (0.46206948, 0.8983967), (0.46552032, 0.9007892), (0.4631016, 0.90365064), (0.4911101, 0.92308456), (0.47934508, 0.92308456), (0.47934508, 0.9194143), (0.46358448, 0.89580154), (0.46740037, 0.8975525), (0.46552032, 0.9007892), (0.4493774, 0.8712912), (0.44970247, 0.8671457), (0.45337555, 0.867757), (0.4601284, 0.8762748), (0.46306893, 0.87325394), (0.4655008, 0.87612283), (0.4456034, 0.8869017), (0.43653235, 0.8769728), (0.43874294, 0.8751623), (0.4463223, 0.8861939), (0.44123417, 0.87377733), (0.4439216, 0.87285244), (0.44724253, 0.8857748), (0.44672102, 0.8724108), (0.4495483, 0.8724564), (0.44825363, 0.8856958), (0.45232165, 0.87298816), (0.45495895, 0.873988), (0.44923234, 0.88596773), (0.4573831, 0.8754259), (0.45952296, 0.87725806), (0.4500605, 0.886558), (0.46131542, 0.8794309), (0.4627083, 0.88188016), (0.45063773, 0.88739526), (0.4627083, 0.88188016), (0.46365714, 0.88453394), (0.45089453, 0.88837826), (0.46413773, 0.88731265), (0.46413204, 0.89013636), (0.45080054, 0.8893884), (0.46363872, 0.89292073), (0.46266928, 0.895583), (0.45036793, 0.89030194), (0.46124673, 0.8980385), (0.45941272, 0.9002059), (0.44517022, 0.88781554), (0.43326664, 0.8816249), (0.43468922, 0.8791554), (0.445076, 0.88882536), (0.4318152, 0.8870891), (0.4323014, 0.8842972), (0.44533297, 0.88980836), (0.43230763, 0.89269847), (0.43181807, 0.8899173), (0.4459104, 0.8906454), (0.43466765, 0.8977965), (0.43326706, 0.89535064), (0.4467386, 0.8912353), (0.4386122, 0.9017891), (0.43646696, 0.89996386), (0.44771737, 0.8915069), (0.44644892, 0.90473324), (0.44367754, 0.904209), (0.4487286, 0.89142853), (0.45206442, 0.9043187), (0.44927284, 0.9047702), (0.44964898, 0.89100987), (0.4572171, 0.90200585), (0.45474035, 0.9033895), (0.49364358, 0.93569076), (0.49363303, 0.93044865), (0.5053671, 0.9323584), (0.5112355, 0.93118644), (0.5215959, 0.925043), (0.5233828, 0.93001366), (0.4911101, 0.92675525), (0.47934508, 0.92675525), (0.47934508, 0.92308456), (0.4911101, 0.9010614), (0.47934508, 0.9010614), (0.47934508, 0.89739096), (0.4911101, 0.9487784), (0.47934508, 0.9487784), (0.47934508, 0.9451077), (0.4911101, 0.9047319), (0.47934508, 0.9047319), (0.47934508, 0.9010614), (0.4911101, 0.93042576), (0.47934508, 0.93042576), (0.47934508, 0.92675525), (0.4911101, 0.9451077), (0.47934508, 0.9451077), (0.47934508, 0.9414374), (0.4911101, 0.9084026), (0.47934508, 0.9084026), (0.47934508, 0.9047319), (0.4911101, 0.9340962), (0.47934508, 0.9340962), (0.47934508, 0.93042576), (0.4911101, 0.9414374), (0.47934508, 0.9414374), (0.47934508, 0.93776673), (0.4911101, 0.9120731), (0.47934508, 0.9120731), (0.47934508, 0.9084026), (0.4911101, 0.89739096), (0.47934508, 0.89739096), (0.47934508, 0.8937207), (0.4911101, 0.93776673), (0.47934508, 0.93776673), (0.47934508, 0.9340962), (0.4911101, 0.9157436), (0.47934508, 0.9157436), (0.47934508, 0.9120731), (0.4911101, 0.8937207), (0.47934508, 0.8937207), (0.47934508, 0.89005), (0.4911101, 0.9194143), (0.47934508, 0.9194143), (0.47934508, 0.9157436), (0.52162653, 0.94016457), (0.5183343, 0.9441838), (0.510592, 0.9352547), (0.510592, 0.9352547), (0.5183343, 0.9441838), (0.51389337, 0.94688785), (0.5053671, 0.9323584), (0.49363303, 0.93044865), (0.49537927, 0.9255369), (0.51052105, 0.93036735), (0.51819164, 0.9209353), (0.5215959, 0.925043), (0.50962955, 0.9358237), (0.51389337, 0.94688785), (0.508776, 0.9479457), (0.5057251, 0.9313004), (0.49537927, 0.9255369), (0.49865007, 0.9214865), (0.50957286, 0.9298357), (0.5134773, 0.9184363), (0.51819164, 0.9209353), (0.50853807, 0.93603206), (0.508776, 0.9479457), (0.50356627, 0.94720757), (0.5084871, 0.9296595), (0.5082436, 0.9176965), (0.5134773, 0.9184363), (0.50745046, 0.9358579), (0.50356627, 0.94720757), (0.4988743, 0.94472146), (0.507397, 0.92986643), (0.5031052, 0.9187639), (0.5082436, 0.9176965), (0.50649977, 0.9353293), (0.4988743, 0.94472146), (0.49544013, 0.9406575), (0.5116516, 0.93332255), (0.5233828, 0.9352559), (0.52162653, 0.94016457), (0.50643724, 0.9304358), (0.49865007, 0.9214865), (0.5031052, 0.9187639), (0.50578564, 0.93449235), (0.49544013, 0.9406575), (0.49364358, 0.93569076), (0.5116305, 0.9322133), (0.5233828, 0.93001366), (0.5233828, 0.9352559), (0.46499184, 0.8581108), (0.46106133, 0.85371983), (0.4627215, 0.851627), (0.44703877, 0.83791715), (0.45097026, 0.84230804), (0.44930905, 0.8444004), (0.4564322, 0.8616412), (0.45619076, 0.8556929), (0.45879668, 0.85513115), (0.46031883, 0.8349758), (0.45847574, 0.84069556), (0.4558381, 0.8403337), (0.44413552, 0.84157765), (0.44930905, 0.8444004), (0.44845095, 0.84692794), (0.4610292, 0.8606061), (0.45879668, 0.85513115), (0.46106133, 0.85371983), (0.44413552, 0.84157765), (0.44023347, 0.83943653), (0.44406658, 0.834603), (0.46458572, 0.8371987), (0.46082297, 0.8419482), (0.45847574, 0.84069556), (0.44261086, 0.8460031), (0.44845095, 0.84692794), (0.44849756, 0.8495932), (0.46772924, 0.840846), (0.46257895, 0.8439485), (0.46082297, 0.8419482), (0.44849756, 0.8495932), (0.44945067, 0.85207844), (0.44430172, 0.8551785), (0.4693809, 0.84531146), (0.46353447, 0.84643406), (0.46257895, 0.8439485), (0.44430172, 0.8551785), (0.44945067, 0.85207844), (0.45120588, 0.8540787), (0.46942052, 0.8500238), (0.46357882, 0.8490986), (0.46353447, 0.84643406), (0.44744086, 0.858827), (0.45120588, 0.8540787), (0.45355317, 0.85533106), (0.46789542, 0.85445005), (0.4627215, 0.851627), (0.46357882, 0.8490986), (0.45170933, 0.8610515), (0.45355317, 0.85533106), (0.45619076, 0.8556929), (0.46789542, 0.85445005), (0.4717979, 0.85659164), (0.46796408, 0.86142516), (0.4610292, 0.8606061), (0.46274224, 0.86474067), (0.45666522, 0.8661633), (0.44261086, 0.8460031), (0.43819466, 0.8452772), (0.44023347, 0.83943653), (0.46499184, 0.8581108), (0.46796408, 0.86142516), (0.46274224, 0.86474067), (0.44265118, 0.85071474), (0.43819484, 0.85151863), (0.43819466, 0.8452772), (0.4555969, 0.8343862), (0.4558381, 0.8403337), (0.45323256, 0.84089476), (0.4555969, 0.8343862), (0.45536375, 0.82986444), (0.4616775, 0.8305558), (0.44744086, 0.858827), (0.4444662, 0.862579), (0.44030726, 0.85750824), (0.44430172, 0.8551785), (0.44030726, 0.85750824), (0.43819484, 0.85151863), (0.46031883, 0.8349758), (0.4616775, 0.8305558), (0.46756288, 0.83345044), (0.46772924, 0.840846), (0.47172478, 0.83851886), (0.47383717, 0.844508), (0.46458572, 0.8371987), (0.46756288, 0.83345044), (0.47172478, 0.83851886), (0.4693809, 0.84531146), (0.47383717, 0.844508), (0.47383717, 0.85075), (0.45170933, 0.8610515), (0.45035172, 0.86547226), (0.4444662, 0.862579), (0.45100075, 0.8354214), (0.44928756, 0.83128744), (0.45536375, 0.82986444), (0.46942052, 0.8500238), (0.47383717, 0.85075), (0.4717979, 0.85659164), (0.4564322, 0.8616412), (0.45666522, 0.8661633), (0.45035172, 0.86547226), (0.50262034, 0.8779262), (0.5136989, 0.88380396), (0.5129574, 0.88595957), (0.50278443, 0.8972423), (0.51375437, 0.8903358), (0.5152463, 0.8920016), (0.5254291, 0.8680734), (0.521431, 0.88041526), (0.51919943, 0.88018304), (0.5172156, 0.89298487), (0.5186166, 0.8886642), (0.51928055, 0.8887191), (0.50666976, 0.8726947), (0.5150855, 0.88198704), (0.5136989, 0.88380396), (0.5122172, 0.86906886), (0.51869863, 0.8674554), (0.51919943, 0.88018304), (0.5264029, 0.9043089), (0.5199276, 0.9059163), (0.5194396, 0.893212), (0.5381327, 0.88918805), (0.5256635, 0.88743997), (0.5256432, 0.8851758), (0.50666976, 0.8726947), (0.5122172, 0.86906886), (0.51699483, 0.88072985), (0.53809124, 0.8825104), (0.5256432, 0.8851758), (0.5248635, 0.88307536), (0.5381327, 0.88918805), (0.5359923, 0.89546275), (0.52492523, 0.8895921), (0.5235424, 0.89140785), (0.53194565, 0.900689), (0.5264029, 0.9043089), (0.52893347, 0.91014564), (0.5264029, 0.9043089), (0.53194565, 0.900689), (0.5316643, 0.8707738), (0.53582555, 0.8761446), (0.5248635, 0.88307536), (0.5254291, 0.8680734), (0.5316643, 0.8707738), (0.52340865, 0.8814087), (0.50697064, 0.90258366), (0.5152463, 0.8920016), (0.5172156, 0.89298487), (0.50052017, 0.89088404), (0.500479, 0.88420564), (0.5129574, 0.88595957), (0.50278443, 0.8972423), (0.50052017, 0.89088404), (0.5129749, 0.8882294), (0.5355124, 0.865817), (0.5316643, 0.8707738), (0.5254291, 0.8680734), (0.49418923, 0.88319796), (0.500479, 0.88420564), (0.50052017, 0.89088404), (0.5362325, 0.9053428), (0.53194565, 0.900689), (0.5359923, 0.89546275), (0.49703732, 0.8749255), (0.50262034, 0.8779262), (0.500479, 0.88420564), (0.52722615, 0.86184055), (0.5254291, 0.8680734), (0.51869863, 0.8674554), (0.5203701, 0.9123295), (0.5199276, 0.9059163), (0.5264029, 0.9043089), (0.50237715, 0.8680378), (0.50666976, 0.8726947), (0.50262034, 0.8779262), (0.51869863, 0.8674554), (0.5122172, 0.86906886), (0.50968105, 0.86322683), (0.5114067, 0.91152155), (0.5132042, 0.90529275), (0.5199276, 0.9059163), (0.5415705, 0.8984629), (0.5359923, 0.89546275), (0.5381327, 0.88918805), (0.50968105, 0.86322683), (0.5122172, 0.86906886), (0.50666976, 0.8726947), (0.5031271, 0.9075502), (0.50697064, 0.90258366), (0.5132042, 0.90529275), (0.5444197, 0.8901971), (0.5381327, 0.88918805), (0.53809124, 0.8825104), (0.49720702, 0.9005318), (0.50278443, 0.8972423), (0.50697064, 0.90258366), (0.5444197, 0.88135254), (0.53809124, 0.8825104), (0.53582555, 0.8761446), (0.49419472, 0.8920454), (0.50052017, 0.89088404), (0.50278443, 0.8972423), (0.5414177, 0.8728596), (0.53582555, 0.8761446), (0.5316643, 0.8707738), (0.47934508, 0.89005), (0.47934508, 0.8863795), (0.4911101, 0.8863795), (0.45100075, 0.8354214), (0.45323256, 0.84089476), (0.45097026, 0.84230804), (0.5359923, 0.89546275), (0.53194565, 0.900689), (0.5235424, 0.89140785), (0.5150855, 0.88198704), (0.5180893, 0.8852836), (0.5176449, 0.88586944), (0.5256635, 0.88743997), (0.521239, 0.8868537), (0.5212515, 0.8861562), (0.5152463, 0.8920016), (0.5180361, 0.8883689), (0.5186166, 0.8886642), (0.5256432, 0.8851758), (0.5212515, 0.8861562), (0.5210296, 0.88552517), (0.51375437, 0.8903358), (0.5176052, 0.88786966), (0.5180361, 0.8883689), (0.5248635, 0.88307536), (0.5210296, 0.88552517), (0.5205982, 0.88503695), (0.5129749, 0.8882294), (0.5173794, 0.8872403), (0.5176052, 0.88786966), (0.52340865, 0.8814087), (0.5205982, 0.88503695), (0.5200185, 0.88474184), (0.5129574, 0.88595957), (0.51739573, 0.8865499), (0.5173794, 0.8872403), (0.521431, 0.88041526), (0.5200185, 0.88474184), (0.51935285, 0.8846855), (0.5136989, 0.88380396), (0.5176449, 0.88586944), (0.51739573, 0.8865499), (0.5216377, 0.8926644), (0.5199494, 0.88852954), (0.52054125, 0.8881174), (0.51919943, 0.88018304), (0.51935285, 0.8846855), (0.5186823, 0.88487345), (0.5235424, 0.89140785), (0.52054125, 0.8881174), (0.5209857, 0.8875301), (0.5194396, 0.893212), (0.51928055, 0.8887191), (0.5199494, 0.88852954), (0.51699483, 0.88072985), (0.5186823, 0.88487345), (0.5180893, 0.8852836), (0.52492523, 0.8895921), (0.5209857, 0.8875301), (0.521239, 0.8868537), (0.34638903, 0.97611797), (0.32985517, 0.97611797), (0.32985517, 0.97387797), (0.34638906, 0.98507553), (0.32985517, 0.98507553), (0.32985517, 0.9828367), (0.34638903, 0.9828367), (0.32985517, 0.9828367), (0.32985517, 0.9805967), (0.34638903, 0.955963), (0.32985514, 0.955963), (0.32985514, 0.9537239), (0.34638903, 0.97387797), (0.32985517, 0.97387797), (0.32985517, 0.97163904), (0.34638903, 0.9805967), (0.32985517, 0.9805967), (0.32985517, 0.97835696), (0.34638906, 0.9917942), (0.32985517, 0.9917942), (0.32985517, 0.9895543), (0.34638903, 0.9626817), (0.32985514, 0.9626817), (0.32985514, 0.9604418), (0.34638903, 0.9649206), (0.32985517, 0.9649206), (0.32985514, 0.9626817), (0.34638903, 0.9582027), (0.32985514, 0.9582027), (0.32985514, 0.955963), (0.34638906, 0.9940331), (0.32985517, 0.9940331), (0.32985517, 0.9917942), (0.34638903, 0.96939945), (0.32985517, 0.96939945), (0.32985517, 0.9671603), (0.34638903, 0.9604418), (0.32985514, 0.9604418), (0.32985514, 0.9582027), (0.34638903, 0.97163904), (0.32985517, 0.97163904), (0.32985517, 0.96939945), (0.34638903, 0.97835696), (0.32985517, 0.97835696), (0.32985517, 0.97611797), (0.34638906, 0.9895543), (0.32985517, 0.9895543), (0.32985517, 0.9873146), (0.34638906, 0.9873146), (0.32985517, 0.9873146), (0.32985517, 0.98507553), (0.34638903, 0.9671603), (0.32985517, 0.9671603), (0.32985517, 0.9649206), (0.5280905, 0.91817), (0.5241225, 0.9159024), (0.52636254, 0.91317195), (0.5366703, 0.9251531), (0.5396254, 0.928636), (0.5365909, 0.930446), (0.53793263, 0.9236526), (0.54190975, 0.9259357), (0.5396254, 0.928636), (0.5385802, 0.9217985), (0.54311126, 0.92259693), (0.54190975, 0.9259357), (0.5385593, 0.9198316), (0.54311126, 0.9190253), (0.54311126, 0.92259693), (0.5378611, 0.9180021), (0.5418774, 0.91563976), (0.54311126, 0.9190253), (0.5365922, 0.9165056), (0.53951627, 0.91291714), (0.5418774, 0.91563976), (0.53486437, 0.9155707), (0.5363698, 0.911227), (0.53951627, 0.91291714), (0.53293085, 0.91528094), (0.53286207, 0.9107081), (0.5363698, 0.911227), (0.5310029, 0.9156358), (0.5293894, 0.9113556), (0.53286207, 0.9107081), (0.5293244, 0.9166513), (0.52636254, 0.91317195), (0.5293894, 0.9113556), (0.53307396, 0.92654675), (0.53311944, 0.9311258), (0.5296116, 0.9305902), (0.52813596, 0.92380863), (0.52411973, 0.926167), (0.5228898, 0.92278546), (0.5311328, 0.9262477), (0.5296116, 0.9305902), (0.5264731, 0.928891), (0.52744186, 0.9219727), (0.5228898, 0.92278546), (0.52288467, 0.91922027), (0.52741694, 0.92001086), (0.52288467, 0.91922027), (0.5241225, 0.9159024), (0.5349944, 0.9261632), (0.5365909, 0.930446), (0.53311944, 0.9311258), (0.52940494, 0.9253065), (0.5264731, 0.928891), (0.52411973, 0.926167), (0.5280905, 0.91817), (0.5293244, 0.9166513), (0.5310029, 0.9156358), (0.5310029, 0.9156358), (0.53293085, 0.91528094), (0.5280905, 0.91817), (0.53293085, 0.91528094), (0.53486437, 0.9155707), (0.5280905, 0.91817), (0.53486437, 0.9155707), (0.5365922, 0.9165056), (0.5378611, 0.9180021), (0.5378611, 0.9180021), (0.5385593, 0.9198316), (0.5385802, 0.9217985), (0.5385802, 0.9217985), (0.53793263, 0.9236526), (0.53307396, 0.92654675), (0.53793263, 0.9236526), (0.5366703, 0.9251531), (0.53307396, 0.92654675), (0.5366703, 0.9251531), (0.5349944, 0.9261632), (0.53307396, 0.92654675), (0.53307396, 0.92654675), (0.5311328, 0.9262477), (0.52940494, 0.9253065), (0.52940494, 0.9253065), (0.52813596, 0.92380863), (0.53307396, 0.92654675), (0.52813596, 0.92380863), (0.52744186, 0.9219727), (0.53307396, 0.92654675), (0.52744186, 0.9219727), (0.52741694, 0.92001086), (0.5280905, 0.91817), (0.53486437, 0.9155707), (0.5378611, 0.9180021), (0.53307396, 0.92654675), (0.5378611, 0.9180021), (0.5385802, 0.9217985), (0.53307396, 0.92654675), (0.52744186, 0.9219727), (0.5280905, 0.91817), (0.53307396, 0.92654675), (0.45857763, 0.75097644), (0.44886607, 0.74189866), (0.45095497, 0.61131454), (0.60293084, 0.8514499), (0.5836803, 0.8565607), (0.5779486, 0.8407842), (0.9601678, 0.77667296), (0.95567614, 0.77746415), (0.9486752, 0.7513149), (0.44170243, 0.77573675), (0.45001838, 0.79386806), (0.43543655, 0.8022136), (0.57286525, 0.963822), (0.55875874, 0.94962114), (0.5695629, 0.9367515), (0.4607819, 0.76890206), (0.465823, 0.78818554), (0.45001838, 0.79386806), (0.5209266, 0.7691359), (0.51568055, 0.7883505), (0.4991575, 0.785387), (0.6064376, 0.87139344), (0.5865915, 0.87309235), (0.5836803, 0.8565607), (0.6064376, 0.8916441), (0.58659375, 0.8898794), (0.5865915, 0.87309235), (0.60293144, 0.9115927), (0.58368635, 0.906415), (0.58659375, 0.8898794), (0.9054834, 0.92688894), (0.9025518, 0.92339456), (0.92169535, 0.90425396), (0.5859087, 0.9482273), (0.5695629, 0.9367515), (0.5779536, 0.922199), (0.4084252, 0.7987733), (0.4225311, 0.8129805), (0.41172576, 0.8258511), (0.4240742, 0.7857842), (0.43543655, 0.8022136), (0.4225311, 0.8129805), (0.48074552, 0.7654738), (0.4823694, 0.785331), (0.465823, 0.78818554), (0.5009966, 0.7655525), (0.4991575, 0.785387), (0.4823694, 0.785331), (0.39537635, 0.8143732), (0.41172576, 0.8258511), (0.403336, 0.8404068), (0.37486252, 0.8912205), (0.39470828, 0.8895177), (0.39762172, 0.9060485), (0.39538673, 0.94774044), (0.41173464, 0.93636626), (0.42250705, 0.9492371), (0.77496386, 0.96184695), (0.77575576, 0.9573554), (0.8027217, 0.9597157), (0.37837285, 0.91116196), (0.39762172, 0.9060485), (0.40335497, 0.92182344), (0.74804825, 0.95463645), (0.74960834, 0.95035017), (0.77575576, 0.9573554), (0.5960226, 0.9306425), (0.5779536, 0.922199), (0.58368635, 0.906415), (0.53961354, 0.98687005), (0.53127635, 0.96874404), (0.54585695, 0.9603912), (0.40837693, 0.96327156), (0.42250705, 0.9492371), (0.43534654, 0.96004695), (0.5572273, 0.9768119), (0.54585695, 0.9603912), (0.55875874, 0.94962114), (0.58592045, 0.8148662), (0.5695701, 0.8262395), (0.5587981, 0.8133668), (0.44137192, 0.98648345), (0.4498648, 0.96846884), (0.46562302, 0.97424805), (0.37485754, 0.8709702), (0.39470255, 0.8727304), (0.39470828, 0.8895177), (0.52052665, 0.9936745), (0.5154676, 0.97440594), (0.53127635, 0.96874404), (0.5005634, 0.99711704), (0.4989295, 0.97726303), (0.5154676, 0.97440594), (0.46037948, 0.9934628), (0.46562302, 0.97424805), (0.4821447, 0.97720957), (0.6642822, 0.8843386), (0.66823286, 0.88205826), (0.6837588, 0.9042355), (0.42386138, 0.97631735), (0.43534654, 0.96004695), (0.4498648, 0.96846884), (0.15866077, 0.30968034), (0.15866038, 0.46187937), (0.008432902, 0.45934817), (0.15866077, 0.30968034), (0.3114197, 0.30912066), (0.30888855, 0.459349), (0.15866032, 0.15636179), (0.3088882, 0.15889171), (0.3114197, 0.30912066), (0.96259356, 0.80443084), (0.9580324, 0.8044305), (0.95567614, 0.77746415), (0.011750996, 0.067702666), (0.020954221, 0.057863083), (0.15428509, 0.059980925), (0.4601389, 0.61137885), (0.45095497, 0.61131454), (0.448865, 0.4787741), (0.4936878, 0.6105646), (0.49159843, 0.47900295), (0.50131446, 0.46992), (0.42818865, 0.36382475), (0.43594763, 0.3749833), (0.4318432, 0.37733272), (0.43594763, 0.3749833), (0.44482917, 0.38779), (0.43836278, 0.3914841), (0.44482917, 0.38779), (0.45425582, 0.40142646), (0.445278, 0.40654323), (0.45425582, 0.40142646), (0.46356577, 0.4149258), (0.45209303, 0.42144486), (0.46356577, 0.4149258), (0.47206983, 0.4273008), (0.45831236, 0.43509015), (0.41212365, 0.442873), (0.41352835, 0.4279833), (0.42668527, 0.42805728), (0.41352835, 0.4279833), (0.41505498, 0.41170105), (0.42537576, 0.411751), (0.41505498, 0.41170105), (0.41658124, 0.3952214), (0.42401916, 0.39525163), (0.41658124, 0.3952214), (0.41800487, 0.37971964), (0.42273328, 0.3797366), (0.41800487, 0.37971964), (0.41923347, 0.3661912), (0.421594, 0.36619905), (0.38185495, 0.4346047), (0.38824186, 0.4210874), (0.4005842, 0.42563605), (0.38824186, 0.4210874), (0.39522135, 0.4063016), (0.40490228, 0.40986583), (0.39522135, 0.4063016), (0.40228033, 0.39133415), (0.4092612, 0.39390215), (0.40228033, 0.39133415), (0.40891376, 0.37725145), (0.41335142, 0.3788828), (0.40891376, 0.37725145), (0.41469422, 0.36495948), (0.41691, 0.36577383), (0.33005792, 0.36038235), (0.34501854, 0.35908478), (0.3473123, 0.37207755), (0.34501854, 0.35908478), (0.36136103, 0.3576876), (0.36314347, 0.36786532), (0.36136103, 0.3576876), (0.37788284, 0.3562928), (0.3791604, 0.36362866), (0.37788284, 0.3562928), (0.39341354, 0.35498577), (0.39422312, 0.3596456), (0.39341354, 0.35498577), (0.40695783, 0.35384429), (0.40736136, 0.35616976), (0.4335451, 0.34924904), (0.44668272, 0.345775), (0.44748765, 0.3504345), (0.44668272, 0.345775), (0.46174717, 0.341788), (0.46301278, 0.34912643), (0.46174717, 0.341788), (0.47777376, 0.3375424), (0.47953388, 0.3477308), (0.47777376, 0.3375424), (0.49361917, 0.3333306), (0.49588194, 0.34633806), (0.49361917, 0.3333306), (0.5081089, 0.3294566), (0.5108449, 0.34502813), (0.368822, 0.27809876), (0.37732035, 0.2904856), (0.3671276, 0.29889715), (0.37732035, 0.2904856), (0.38664007, 0.30399355), (0.37866515, 0.3105883), (0.38664007, 0.30399355), (0.39607924, 0.31762767), (0.39034638, 0.3223816), (0.39607924, 0.31762767), (0.40496075, 0.33043152), (0.40132335, 0.33345523), (0.40496075, 0.33043152), (0.41271833, 0.34159195), (0.41090474, 0.34310237), (0.33003438, 0.34454456), (0.34501868, 0.34587348), (0.34501854, 0.35908478), (0.34501868, 0.34587348), (0.36137414, 0.34734514), (0.36136103, 0.3576876), (0.36137414, 0.34734514), (0.37789893, 0.3488442), (0.37788284, 0.3562928), (0.37789893, 0.3488442), (0.39342552, 0.35025585), (0.39341354, 0.35498577), (0.39342552, 0.35025585), (0.40696445, 0.35148412), (0.40695783, 0.35384429), (0.4282546, 0.3416461), (0.43608195, 0.330546), (0.4396953, 0.33359486), (0.43608195, 0.330546), (0.44505316, 0.3178264), (0.45073885, 0.32262185), (0.44505316, 0.3178264), (0.45459497, 0.30430767), (0.46248198, 0.31095815), (0.45459497, 0.30430767), (0.46402568, 0.2909513), (0.47408527, 0.29943058), (0.46402568, 0.2909513), (0.4726503, 0.2787376), (0.48469466, 0.28888652), (0.34628302, 0.30023092), (0.35855874, 0.3089748), (0.35187978, 0.3204115), (0.35855874, 0.3089748), (0.37196654, 0.31848472), (0.36675587, 0.32743374), (0.37196654, 0.31848472), (0.3855279, 0.32806793), (0.38177896, 0.3345125), (0.3855279, 0.32806793), (0.39826927, 0.3370691), (0.3958906, 0.34115875), (0.39826927, 0.3370691), (0.40938154, 0.34490547), (0.40819496, 0.3469456), (0.41301668, 0.26243156), (0.41421556, 0.2773459), (0.40122667, 0.27953553), (0.41421556, 0.2773459), (0.41552773, 0.29365042), (0.4053499, 0.29538935), (0.41552773, 0.29365042), (0.41688713, 0.31015298), (0.4095502, 0.3114153), (0.41688713, 0.31015298), (0.41817707, 0.32567692), (0.41351613, 0.3264812), (0.41817707, 0.32567692), (0.41931406, 0.33921775), (0.41698796, 0.3396196), (0.4339478, 0.35157442), (0.44748765, 0.3504345), (0.44747567, 0.35516244), (0.44748765, 0.3504345), (0.46301278, 0.34912643), (0.46299696, 0.35657313), (0.46301278, 0.34912643), (0.47953388, 0.3477308), (0.4795179, 0.35807344), (0.47953388, 0.3477308), (0.49588194, 0.34633806), (0.49586588, 0.359549), (0.49588194, 0.34633806), (0.5108449, 0.34502813), (0.5108449, 0.36086527), (0.38258392, 0.27031404), (0.38880163, 0.28396386), (0.37732035, 0.2904856), (0.38880163, 0.28396386), (0.39562157, 0.29887125), (0.38664007, 0.30399355), (0.39562157, 0.29887125), (0.4025433, 0.31393188), (0.39607924, 0.31762767), (0.4025433, 0.31393188), (0.40906546, 0.32808197), (0.40496075, 0.33043152), (0.40906546, 0.32808197), (0.41476682, 0.34041867), (0.41271833, 0.34159195), (0.33282548, 0.37594813), (0.3473123, 0.37207755), (0.3517909, 0.38447744), (0.3473123, 0.37207755), (0.36314347, 0.36786532), (0.36665043, 0.377582), (0.36314347, 0.36786532), (0.3791604, 0.36362866), (0.38169038, 0.37063015), (0.3791604, 0.36362866), (0.39422312, 0.3596456), (0.39582944, 0.36409372), (0.39422312, 0.3596456), (0.40736136, 0.35616976), (0.40816262, 0.35839012), (0.39662766, 0.4400546), (0.4005842, 0.42563605), (0.41352835, 0.4279833), (0.4005842, 0.42563605), (0.40490228, 0.40986583), (0.41505498, 0.41170105), (0.40490228, 0.40986583), (0.4092612, 0.39390215), (0.41658124, 0.3952214), (0.4092612, 0.39390215), (0.41335142, 0.3788828), (0.41800487, 0.37971964), (0.41335142, 0.3788828), (0.41691, 0.36577383), (0.41923347, 0.3661912), (0.43152454, 0.3605114), (0.44263417, 0.36834398), (0.43958187, 0.37195662), (0.44263417, 0.36834398), (0.4553694, 0.37733915), (0.45055744, 0.3830275), (0.4553694, 0.37733915), (0.46892124, 0.38693133), (0.46222574, 0.39483202), (0.46892124, 0.38693133), (0.48233378, 0.3964424), (0.4737652, 0.4065272), (0.48233378, 0.3964424), (0.4946148, 0.40518114), (0.48431203, 0.41725495), (0.4261407, 0.36499792), (0.4318432, 0.37733272), (0.4273934, 0.37893355), (0.4318432, 0.37733272), (0.43836278, 0.3914841), (0.4313545, 0.39399925), (0.43836278, 0.3914841), (0.445278, 0.40654323), (0.435554, 0.41002208), (0.445278, 0.40654323), (0.45209303, 0.42144486), (0.43967205, 0.42587113), (0.45209303, 0.42144486), (0.45831236, 0.43509015), (0.4434352, 0.44037333), (0.3460896, 0.40445003), (0.35837376, 0.39589232), (0.3668121, 0.4059967), (0.35837376, 0.39589232), (0.37180033, 0.38653228), (0.37841123, 0.39446104), (0.37180033, 0.38653228), (0.38539636, 0.37708396), (0.39016435, 0.38279682), (0.38539636, 0.37708396), (0.39818344, 0.36819512), (0.40121287, 0.37182558), (0.39818344, 0.36819512), (0.4093371, 0.3604376), (0.41084936, 0.36225033), (0.33822262, 0.3139555), (0.35187978, 0.3204115), (0.3473245, 0.3328467), (0.35187978, 0.3204115), (0.36675587, 0.32743374), (0.36318934, 0.3371551), (0.36675587, 0.32743374), (0.38177896, 0.3345125), (0.37921023, 0.34150928), (0.38177896, 0.3345125), (0.3958906, 0.34115875), (0.39425957, 0.34559944), (0.3958906, 0.34115875), (0.40819496, 0.3469456), (0.407381, 0.349161), (0.42621386, 0.34045953), (0.43199527, 0.32817048), (0.43608195, 0.330546), (0.43199527, 0.32817048), (0.43862322, 0.31408945), (0.44505316, 0.3178264), (0.43862322, 0.31408945), (0.4456778, 0.2991241), (0.45459497, 0.30430767), (0.4456778, 0.2991241), (0.4526547, 0.2843402), (0.46402568, 0.2909513), (0.4526547, 0.2843402), (0.4590386, 0.27082226), (0.4726503, 0.2787376), (0.41931406, 0.33921775), (0.41817707, 0.32567692), (0.42290547, 0.32569787), (0.41817707, 0.32567692), (0.41688713, 0.31015298), (0.424329, 0.31019396), (0.41688713, 0.31015298), (0.41552773, 0.29365042), (0.42584944, 0.29370686), (0.41552773, 0.29365042), (0.41421556, 0.2773459), (0.42737478, 0.2774181), (0.41421556, 0.2773459), (0.41301668, 0.26243156), (0.42877433, 0.26252624), (0.35659313, 0.2881629), (0.3671276, 0.29889715), (0.35855874, 0.3089748), (0.3671276, 0.29889715), (0.37866515, 0.3105883), (0.37196654, 0.31848472), (0.37866515, 0.3105883), (0.39034638, 0.3223816), (0.3855279, 0.32806793), (0.39034638, 0.3223816), (0.40132335, 0.33345523), (0.39826927, 0.3370691), (0.40132335, 0.33345523), (0.41090474, 0.34310237), (0.40938154, 0.34490547), (0.43157035, 0.34498128), (0.44272548, 0.33722487), (0.44507626, 0.341328), (0.44272548, 0.33722487), (0.4555082, 0.3283315), (0.45921347, 0.33478627), (0.4555082, 0.3283315), (0.46910098, 0.31887677), (0.47425076, 0.32782748), (0.46910098, 0.31887677), (0.48253188, 0.30952626), (0.4891101, 0.32093903), (0.48253188, 0.30952626), (0.4948112, 0.30096847), (0.5026961, 0.31462646), (0.43352443, 0.35625666), (0.44664195, 0.35981682), (0.44501168, 0.36425588), (0.44664195, 0.35981682), (0.4616858, 0.36390555), (0.4591174, 0.3708992), (0.4616858, 0.36390555), (0.47770214, 0.36826164), (0.47413474, 0.377982), (0.47770214, 0.36826164), (0.49356368, 0.3725695), (0.48901135, 0.38500357), (0.49356368, 0.3725695), (0.5081132, 0.37649938), (0.5026698, 0.39145476), (0.35620123, 0.41653615), (0.3668121, 0.4059967), (0.37687096, 0.41447482), (0.3668121, 0.4059967), (0.37841123, 0.39446104), (0.38630202, 0.40111527), (0.37841123, 0.39446104), (0.39016435, 0.38279682), (0.39584994, 0.38759482), (0.39016435, 0.38279682), (0.40121287, 0.37182558), (0.40482637, 0.3748751), (0.40121287, 0.37182558), (0.41084936, 0.36225033), (0.41265333, 0.36377293), (0.4239985, 0.33964428), (0.42755914, 0.32653555), (0.43199527, 0.32817048), (0.42755914, 0.32653555), (0.431646, 0.31152067), (0.43862322, 0.31408945), (0.431646, 0.31152067), (0.43599913, 0.29556242), (0.4456778, 0.2991241), (0.43599913, 0.29556242), (0.44031343, 0.279795), (0.4526547, 0.2843402), (0.44031343, 0.279795), (0.44426417, 0.26537615), (0.4590386, 0.27082226), (0.33277422, 0.32891017), (0.3473245, 0.3328467), (0.34501868, 0.34587348), (0.3473245, 0.3328467), (0.36318934, 0.3371551), (0.36137414, 0.34734514), (0.36318934, 0.3371551), (0.37921023, 0.34150928), (0.37789893, 0.3488442), (0.37921023, 0.34150928), (0.39425957, 0.34559944), (0.39342552, 0.35025585), (0.39425957, 0.34559944), (0.407381, 0.349161), (0.40696445, 0.35148412), (0.421675, 0.3392259), (0.42290547, 0.32569787), (0.42755914, 0.32653555), (0.42290547, 0.32569787), (0.424329, 0.31019396), (0.431646, 0.31152067), (0.424329, 0.31019396), (0.42584944, 0.29370686), (0.43599913, 0.29556242), (0.42584944, 0.29370686), (0.42737478, 0.2774181), (0.44031343, 0.279795), (0.42737478, 0.2774181), (0.42877433, 0.26252624), (0.44426417, 0.26537615), (0.4300583, 0.3431688), (0.4396953, 0.33359486), (0.44272548, 0.33722487), (0.4396953, 0.33359486), (0.45073885, 0.32262185), (0.4555082, 0.3283315), (0.45073885, 0.32262185), (0.46248198, 0.31095815), (0.46910098, 0.31887677), (0.46248198, 0.31095815), (0.47408527, 0.29943058), (0.48253188, 0.30952626), (0.47408527, 0.29943058), (0.48469466, 0.28888652), (0.4948112, 0.30096847), (0.39746243, 0.26503128), (0.40122667, 0.27953553), (0.38880163, 0.28396386), (0.40122667, 0.27953553), (0.4053499, 0.29538935), (0.39562157, 0.29887125), (0.4053499, 0.29538935), (0.4095502, 0.3114153), (0.4025433, 0.31393188), (0.4095502, 0.3114153), (0.41351613, 0.3264812), (0.40906546, 0.32808197), (0.41351613, 0.3264812), (0.41698796, 0.3396196), (0.41476682, 0.34041867), (0.43274426, 0.3470291), (0.44507626, 0.341328), (0.44668272, 0.345775), (0.44507626, 0.341328), (0.45921347, 0.33478627), (0.46174717, 0.341788), (0.45921347, 0.33478627), (0.47425076, 0.32782748), (0.47777376, 0.3375424), (0.47425076, 0.32782748), (0.4891101, 0.32093903), (0.49361917, 0.3333306), (0.4891101, 0.32093903), (0.5026961, 0.31462646), (0.5081089, 0.3294566), (0.43394125, 0.35393414), (0.44747567, 0.35516244), (0.44664195, 0.35981682), (0.44747567, 0.35516244), (0.46299696, 0.35657313), (0.4616858, 0.36390555), (0.46299696, 0.35657313), (0.4795179, 0.35807344), (0.47770214, 0.36826164), (0.4795179, 0.35807344), (0.49586588, 0.359549), (0.49356368, 0.3725695), (0.49586588, 0.359549), (0.5108449, 0.36086527), (0.5081132, 0.37649938), (0.43271086, 0.3584716), (0.44501168, 0.36425588), (0.44263417, 0.36834398), (0.44501168, 0.36425588), (0.4591174, 0.3708992), (0.4553694, 0.37733915), (0.4591174, 0.3708992), (0.47413474, 0.377982), (0.46892124, 0.38693133), (0.47413474, 0.377982), (0.48901135, 0.38500357), (0.48233378, 0.3964424), (0.48901135, 0.38500357), (0.5026698, 0.39145476), (0.4946148, 0.40518114), (0.33820462, 0.39079174), (0.3517909, 0.38447744), (0.35837376, 0.39589232), (0.3517909, 0.38447744), (0.36665043, 0.377582), (0.37180033, 0.38653228), (0.36665043, 0.377582), (0.38169038, 0.37063015), (0.38539636, 0.37708396), (0.38169038, 0.37063015), (0.39582944, 0.36409372), (0.39818344, 0.36819512), (0.39582944, 0.36409372), (0.40816262, 0.35839012), (0.4093371, 0.3604376), (0.368244, 0.4266871), (0.37687096, 0.41447482), (0.38824186, 0.4210874), (0.37687096, 0.41447482), (0.38630202, 0.40111527), (0.39522135, 0.4063016), (0.38630202, 0.40111527), (0.39584994, 0.38759482), (0.40228033, 0.39133415), (0.39584994, 0.38759482), (0.40482637, 0.3748751), (0.40891376, 0.37725145), (0.40482637, 0.3748751), (0.41265333, 0.36377293), (0.41469422, 0.36495948), (0.4239198, 0.3657976), (0.4273934, 0.37893355), (0.42273328, 0.3797366), (0.4273934, 0.37893355), (0.4313545, 0.39399925), (0.42401916, 0.39525163), (0.4313545, 0.39399925), (0.435554, 0.41002208), (0.42537576, 0.411751), (0.435554, 0.41002208), (0.43967205, 0.42587113), (0.42668527, 0.42805728), (0.43967205, 0.42587113), (0.4434352, 0.44037333), (0.42788127, 0.44297087), (0.43000168, 0.36231434), (0.43958187, 0.37195662), (0.43594763, 0.3749833), (0.43958187, 0.37195662), (0.45055744, 0.3830275), (0.44482917, 0.38779), (0.45055744, 0.3830275), (0.46222574, 0.39483202), (0.45425582, 0.40142646), (0.46222574, 0.39483202), (0.4737652, 0.4065272), (0.46356577, 0.4149258), (0.4737652, 0.4065272), (0.48431203, 0.41725495), (0.47206983, 0.4273008), (0.4217304, 0.35399324), (0.4214881, 0.3541951), (0.42121434, 0.35435182), (0.42121434, 0.35435182), (0.42091736, 0.35445863), (0.4206065, 0.3545124), (0.4206065, 0.3545124), (0.42029068, 0.3545112), (0.4199799, 0.3544554), (0.4199799, 0.3544554), (0.4196835, 0.3543465), (0.4194106, 0.35418794), (0.4194106, 0.35418794), (0.41916922, 0.35398418), (0.41896704, 0.35374174), (0.41896704, 0.35374174), (0.41881013, 0.35346803), (0.4194106, 0.35418794), (0.41881013, 0.35346803), (0.41870305, 0.3531712), (0.4194106, 0.35418794), (0.41870305, 0.3531712), (0.41864896, 0.35286033), (0.41864994, 0.35254484), (0.41864994, 0.35254484), (0.41870576, 0.35223445), (0.41870305, 0.3531712), (0.41870576, 0.35223445), (0.41881475, 0.35193834), (0.41870305, 0.3531712), (0.41881475, 0.35193834), (0.41897312, 0.35166577), (0.4191767, 0.35142478), (0.4191767, 0.35142478), (0.41941896, 0.35122284), (0.4196928, 0.35106605), (0.4196928, 0.35106605), (0.41998962, 0.35095924), (0.42092738, 0.35096237), (0.41998962, 0.35095924), (0.42030066, 0.35090545), (0.42092738, 0.35096237), (0.42030066, 0.35090545), (0.4206165, 0.35090655), (0.42092738, 0.35096237), (0.42092738, 0.35096237), (0.4212235, 0.35107142), (0.42149648, 0.35123008), (0.42149648, 0.35123008), (0.42173764, 0.35143372), (0.42092738, 0.35096237), (0.42173764, 0.35143372), (0.42193982, 0.35167602), (0.42092738, 0.35096237), (0.42193982, 0.35167602), (0.42209688, 0.35194993), (0.42225704, 0.35287297), (0.42209688, 0.35194993), (0.42220402, 0.35224667), (0.42225704, 0.35287297), (0.42220402, 0.35224667), (0.42225802, 0.3525577), (0.42225704, 0.35287297), (0.42225704, 0.35287297), (0.4222015, 0.35318357), (0.42209265, 0.3534796), (0.42209265, 0.3534796), (0.42193416, 0.35375226), (0.42225704, 0.35287297), (0.42193416, 0.35375226), (0.4217304, 0.35399324), (0.42225704, 0.35287297), (0.4217304, 0.35399324), (0.42121434, 0.35435182), (0.4206065, 0.3545124), (0.4206065, 0.3545124), (0.4199799, 0.3544554), (0.4217304, 0.35399324), (0.4199799, 0.3544554), (0.4194106, 0.35418794), (0.4217304, 0.35399324), (0.41881475, 0.35193834), (0.4191767, 0.35142478), (0.42092738, 0.35096237), (0.4191767, 0.35142478), (0.4196928, 0.35106605), (0.42092738, 0.35096237), (0.4194106, 0.35418794), (0.41870305, 0.3531712), (0.41881475, 0.35193834), (0.42092738, 0.35096237), (0.42193982, 0.35167602), (0.4194106, 0.35418794), (0.42193982, 0.35167602), (0.42225704, 0.35287297), (0.4194106, 0.35418794), (0.42225704, 0.35287297), (0.4217304, 0.35399324), (0.4194106, 0.35418794), (0.42391056, 0.35767597), (0.42818865, 0.36382475), (0.4261407, 0.36499792), (0.4209636, 0.35873684), (0.421594, 0.36619905), (0.41923347, 0.3661912), (0.41887027, 0.35854658), (0.41691, 0.36577383), (0.41469422, 0.36495948), (0.4146031, 0.3542546), (0.40736136, 0.35616976), (0.40695783, 0.35384429), (0.4263037, 0.3511634), (0.4335451, 0.34924904), (0.4339478, 0.35157442), (0.41618642, 0.34841678), (0.41090474, 0.34310237), (0.41271833, 0.34159195), (0.41442293, 0.3532155), (0.40695783, 0.35384429), (0.40696445, 0.35148412), (0.42393932, 0.34776583), (0.4282546, 0.3416461), (0.4300583, 0.3431688), (0.4149758, 0.35013357), (0.40819496, 0.3469456), (0.40938154, 0.34490547), (0.41890422, 0.34686047), (0.41698796, 0.3396196), (0.41931406, 0.33921775), (0.42648387, 0.35220248), (0.4339478, 0.35157442), (0.43394125, 0.35393414), (0.41699648, 0.34774172), (0.41271833, 0.34159195), (0.41476682, 0.34041867), (0.41496116, 0.35524678), (0.40816262, 0.35839012), (0.40736136, 0.35616976), (0.41990876, 0.35873327), (0.41923347, 0.3661912), (0.41691, 0.36577383), (0.42540106, 0.3561955), (0.43152454, 0.3605114), (0.43000168, 0.36231434), (0.42299554, 0.35820004), (0.4261407, 0.36499792), (0.4239198, 0.3657976), (0.41616178, 0.3569719), (0.41084936, 0.36225033), (0.4093371, 0.3604376), (0.4146121, 0.35112327), (0.407381, 0.349161), (0.40819496, 0.3469456), (0.42302725, 0.34723538), (0.42621386, 0.34045953), (0.4282546, 0.3416461), (0.41994357, 0.34668097), (0.41931406, 0.33921775), (0.421675, 0.3392259), (0.41550595, 0.3492222), (0.40938154, 0.34490547), (0.41090474, 0.34310237), (0.42542106, 0.34925643), (0.43157035, 0.34498128), (0.43274426, 0.3470291), (0.4262947, 0.35429466), (0.43352443, 0.35625666), (0.43271086, 0.3584716), (0.416968, 0.35765237), (0.41265333, 0.36377293), (0.41084936, 0.36225033), (0.4220369, 0.34687132), (0.4239985, 0.33964428), (0.42621386, 0.34045953), (0.4144259, 0.35216114), (0.40696445, 0.35148412), (0.407381, 0.349161), (0.42099854, 0.34668458), (0.421675, 0.3392259), (0.4239985, 0.33964428), (0.42474544, 0.34844637), (0.4300583, 0.3431688), (0.43157035, 0.34498128), (0.41791174, 0.34721768), (0.41476682, 0.34041867), (0.41698796, 0.3396196), (0.42594582, 0.35017142), (0.43274426, 0.3470291), (0.4335451, 0.34924904), (0.42648095, 0.35325682), (0.43394125, 0.35393414), (0.43352443, 0.35625666), (0.42593113, 0.35528427), (0.43271086, 0.3584716), (0.43152454, 0.3605114), (0.41548598, 0.35616168), (0.4093371, 0.3604376), (0.40816262, 0.35839012), (0.41788, 0.35818252), (0.41469422, 0.36495948), (0.41265333, 0.36377293), (0.42200306, 0.35855734), (0.4239198, 0.3657976), (0.421594, 0.36619905), (0.42472062, 0.35700098), (0.43000168, 0.36231434), (0.42818865, 0.36382475), (0.4214881, 0.3541951), (0.42391056, 0.35767597), (0.42299554, 0.35820004), (0.4206065, 0.3545124), (0.4209636, 0.35873684), (0.41990876, 0.35873327), (0.4199799, 0.3544554), (0.41887027, 0.35854658), (0.41788, 0.35818252), (0.41870305, 0.3531712), (0.4146031, 0.3542546), (0.41442293, 0.3532155), (0.42220402, 0.35224667), (0.4263037, 0.3511634), (0.42648387, 0.35220248), (0.4191767, 0.35142478), (0.41618642, 0.34841678), (0.41699648, 0.34774172), (0.41864896, 0.35286033), (0.41442293, 0.3532155), (0.4144259, 0.35216114), (0.42149648, 0.35123008), (0.42393932, 0.34776583), (0.42474544, 0.34844637), (0.41881475, 0.35193834), (0.4149758, 0.35013357), (0.41550595, 0.3492222), (0.41998962, 0.35095924), (0.41890422, 0.34686047), (0.41994357, 0.34668097), (0.42225802, 0.3525577), (0.42648387, 0.35220248), (0.42648095, 0.35325682), (0.41941896, 0.35122284), (0.41699648, 0.34774172), (0.41791174, 0.34721768), (0.41881013, 0.35346803), (0.41496116, 0.35524678), (0.4146031, 0.3542546), (0.42029068, 0.3545112), (0.41990876, 0.35873327), (0.41887027, 0.35854658), (0.42193416, 0.35375226), (0.42540106, 0.3561955), (0.42472062, 0.35700098), (0.42121434, 0.35435182), (0.42299554, 0.35820004), (0.42200306, 0.35855734), (0.41916922, 0.35398418), (0.41616178, 0.3569719), (0.41548598, 0.35616168), (0.41870576, 0.35223445), (0.4146121, 0.35112327), (0.4149758, 0.35013357), (0.4212235, 0.35107142), (0.42302725, 0.34723538), (0.42393932, 0.34776583), (0.42030066, 0.35090545), (0.41994357, 0.34668097), (0.42099854, 0.34668458), (0.41897312, 0.35166577), (0.41550595, 0.3492222), (0.41618642, 0.34841678), (0.42193982, 0.35167602), (0.42542106, 0.34925643), (0.42594582, 0.35017142), (0.4222015, 0.35318357), (0.4262947, 0.35429466), (0.42593113, 0.35528427), (0.4194106, 0.35418794), (0.416968, 0.35765237), (0.41616178, 0.3569719), (0.42092738, 0.35096237), (0.4220369, 0.34687132), (0.42302725, 0.34723538), (0.41864994, 0.35254484), (0.4144259, 0.35216114), (0.4146121, 0.35112327), (0.4206165, 0.35090655), (0.42099854, 0.34668458), (0.4220369, 0.34687132), (0.42173764, 0.35143372), (0.42474544, 0.34844637), (0.42542106, 0.34925643), (0.4196928, 0.35106605), (0.41791174, 0.34721768), (0.41890422, 0.34686047), (0.42209688, 0.35194993), (0.42594582, 0.35017142), (0.4263037, 0.3511634), (0.42225704, 0.35287297), (0.42648095, 0.35325682), (0.4262947, 0.35429466), (0.42209265, 0.3534796), (0.42593113, 0.35528427), (0.42540106, 0.3561955), (0.41896704, 0.35374174), (0.41548598, 0.35616168), (0.41496116, 0.35524678), (0.4196835, 0.3543465), (0.41788, 0.35818252), (0.416968, 0.35765237), (0.42091736, 0.35445863), (0.42200306, 0.35855734), (0.4209636, 0.35873684), (0.4217304, 0.35399324), (0.42472062, 0.35700098), (0.42391056, 0.35767597), (0.506742, 0.7540075), (0.5076268, 0.6105646), (0.52377343, 0.6105646), (0.15428509, 0.059980925), (0.28761643, 0.057863083), (0.29681957, 0.06770277), (0.15493394, 0.120267816), (0.2882684, 0.11817386), (0.29747403, 0.1280214), (0.15492995, 0.1507513), (0.15493016, 0.13438886), (0.30031335, 0.13353533), (0.008794263, 0.15048365), (0.009561226, 0.13352117), (0.15493016, 0.13438886), (0.15428509, 0.09046212), (0.15428509, 0.07409865), (0.29965568, 0.073202446), (0.52377343, 0.6105646), (0.5076268, 0.6105646), (0.506742, 0.467122), (0.97491115, 0.8044319), (0.96259356, 0.80443084), (0.9601678, 0.77667296), (0.97229284, 0.8343272), (0.96016306, 0.83218884), (0.96259356, 0.80443084), (0.9722979, 0.77453625), (0.9601678, 0.77667296), (0.9529616, 0.7497555), (0.96452874, 0.8633188), (0.9529523, 0.85910535), (0.96016306, 0.83218884), (0.96453893, 0.7455443), (0.9529616, 0.7497555), (0.94118816, 0.7244986), (0.95184237, 0.8905207), (0.9411744, 0.8843607), (0.9529523, 0.85910535), (0.8616359, 0.6426227), (0.85742205, 0.6541995), (0.83050513, 0.64698684), (0.8888381, 0.6553103), (0.8826778, 0.66597843), (0.85742205, 0.6541995), (0.9134229, 0.672528), (0.9055037, 0.68196404), (0.8826778, 0.66597843), (0.934644, 0.6937529), (0.9252067, 0.7016704), (0.9055037, 0.68196404), (0.951857, 0.7183404), (0.94118816, 0.7244986), (0.9252067, 0.7016704), (0.9346253, 0.9151052), (0.9251893, 0.90718615), (0.9411744, 0.8843607), (0.91340095, 0.936326), (0.9054834, 0.92688894), (0.9251893, 0.90718615), (0.88881356, 0.95353925), (0.8826553, 0.9428704), (0.9054834, 0.92688894), (0.8616093, 0.9662216), (0.857398, 0.9546441), (0.8826553, 0.9428704), (0.8326165, 0.9739809), (0.8304797, 0.9618505), (0.857398, 0.9546441), (0.83264387, 0.6348573), (0.83050513, 0.64698684), (0.80274755, 0.64455605), (0.8027206, 0.97659445), (0.80272144, 0.9642768), (0.8304797, 0.9618505), (0.8027485, 0.63223815), (0.80274755, 0.64455605), (0.7749901, 0.6469817), (0.7728258, 0.9739764), (0.77496386, 0.96184695), (0.80272144, 0.9642768), (0.7728531, 0.63485205), (0.7749901, 0.6469817), (0.74807304, 0.65419006), (0.7438612, 0.6426122), (0.74807304, 0.65419006), (0.7228152, 0.6659646), (0.7166567, 0.6552954), (0.7228152, 0.6659646), (0.6999862, 0.6819465), (0.69206864, 0.67250896), (0.6999862, 0.6819465), (0.6802795, 0.7016494), (0.67084336, 0.69373035), (0.6802795, 0.7016494), (0.664294, 0.724476), (0.65362567, 0.7183156), (0.664294, 0.724476), (0.6525151, 0.7497318), (0.6409384, 0.74551773), (0.6525151, 0.7497318), (0.6453023, 0.77664757), (0.6331731, 0.7745091), (0.6453023, 0.77664757), (0.6428722, 0.804405), (0.63055456, 0.80440426), (0.6428722, 0.804405), (0.64529896, 0.8321625), (0.65361303, 0.8904973), (0.6642822, 0.8843386), (0.68026423, 0.9071673), (0.64092946, 0.8632926), (0.6525073, 0.8590807), (0.6642822, 0.8843386), (0.6331692, 0.8342997), (0.64529896, 0.8321625), (0.6525073, 0.8590807), (0.7438349, 0.96621275), (0.74804825, 0.95463645), (0.77496386, 0.96184695), (0.7166332, 0.9535265), (0.72279316, 0.94285846), (0.74804825, 0.95463645), (0.6920485, 0.93630946), (0.69996744, 0.9268733), (0.72279316, 0.94285846), (0.67082703, 0.91508484), (0.68026423, 0.9071673), (0.69996744, 0.9268733), (0.50131446, 0.75120956), (0.4915983, 0.7421265), (0.4936878, 0.6105646), (0.012396768, 0.12802035), (0.021602929, 0.118173964), (0.15493394, 0.120267816), (0.008914828, 0.07320233), (0.011750996, 0.067702666), (0.15428509, 0.06928408), (0.15493016, 0.13438886), (0.15493108, 0.12957482), (0.29747403, 0.1280214), (0.15428509, 0.06928408), (0.29681957, 0.06770277), (0.29965568, 0.073202446), (0.46400452, 0.7537739), (0.45857763, 0.75097644), (0.4601389, 0.61137885), (0.5028756, 0.6105646), (0.50131446, 0.46992), (0.506742, 0.467122), (0.009561226, 0.13352117), (0.012396768, 0.12802035), (0.15493108, 0.12957482), (0.506742, 0.7540075), (0.50131446, 0.75120956), (0.5028756, 0.6105646), (0.4648897, 0.61140037), (0.4601389, 0.61137885), (0.45857853, 0.46968785), (0.45095497, 0.61131454), (0.4418567, 0.6112732), (0.44075537, 0.4841731), (0.48348743, 0.73672956), (0.48458892, 0.6105646), (0.4936878, 0.6105646), (0.021602929, 0.118173964), (0.027072832, 0.10995387), (0.15493573, 0.111047484), (0.4936878, 0.6105646), (0.48458892, 0.6105646), (0.48348755, 0.4843998), (0.44886607, 0.74189866), (0.44075543, 0.7365024), (0.4418567, 0.6112732), (0.15428509, 0.059980925), (0.15428509, 0.050761025), (0.28214538, 0.049644765), (0.15493394, 0.120267816), (0.15493573, 0.111047484), (0.28279966, 0.10995375), (0.026425183, 0.049644765), (0.15428509, 0.050761025), (0.15428509, 0.059980925), (0.9906428, 0.9923477), (0.8027192, 0.99574244), (0.8616093, 0.9662216), (0.8027192, 0.99574244), (0.8027206, 0.97659445), (0.8326165, 0.9739809), (0.8027192, 0.99574244), (0.8326165, 0.9739809), (0.8616093, 0.9662216), (0.97491115, 0.8044319), (0.9940675, 0.80442536), (0.97229284, 0.8343272), (0.9940675, 0.80442536), (0.9906428, 0.9923477), (0.96452874, 0.8633188), (0.97229284, 0.8343272), (0.9940675, 0.80442536), (0.96452874, 0.8633188), (0.9906428, 0.9923477), (0.8616093, 0.9662216), (0.88881356, 0.95353925), (0.95184237, 0.8905207), (0.96452874, 0.8633188), (0.9906428, 0.9923477), (0.9906428, 0.9923477), (0.88881356, 0.95353925), (0.91340095, 0.936326), (0.9346253, 0.9151052), (0.95184237, 0.8905207), (0.9906428, 0.9923477), (0.6147985, 0.99231994), (0.6113976, 0.8029988), (0.64092946, 0.8632926), (0.6113976, 0.8029988), (0.63055456, 0.80440426), (0.6331692, 0.8342997), (0.6113976, 0.8029988), (0.6331692, 0.8342997), (0.64092946, 0.8632926), (0.8027206, 0.97659445), (0.8027192, 0.99574244), (0.7728258, 0.9739764), (0.8027192, 0.99574244), (0.6147985, 0.99231994), (0.7438349, 0.96621275), (0.7728258, 0.9739764), (0.8027192, 0.99574244), (0.7438349, 0.96621275), (0.6147985, 0.99231994), (0.64092946, 0.8632926), (0.65361303, 0.8904973), (0.7166332, 0.9535265), (0.7438349, 0.96621275), (0.6147985, 0.99231994), (0.6147985, 0.99231994), (0.65361303, 0.8904973), (0.67082703, 0.91508484), (0.6920485, 0.93630946), (0.7166332, 0.9535265), (0.6147985, 0.99231994), (0.6331731, 0.7745091), (0.63055456, 0.80440426), (0.6113976, 0.8029988), (0.61482614, 0.6164707), (0.80275005, 0.6130729), (0.7438612, 0.6426122), (0.80275005, 0.6130729), (0.8027485, 0.63223815), (0.7728531, 0.63485205), (0.80275005, 0.6130729), (0.7728531, 0.63485205), (0.7438612, 0.6426122), (0.6331731, 0.7745091), (0.6113976, 0.8029988), (0.6409384, 0.74551773), (0.6113976, 0.8029988), (0.61482614, 0.6164707), (0.6409384, 0.74551773), (0.61482614, 0.6164707), (0.7438612, 0.6426122), (0.7166567, 0.6552954), (0.65362567, 0.7183156), (0.6409384, 0.74551773), (0.61482614, 0.6164707), (0.67084336, 0.69373035), (0.65362567, 0.7183156), (0.61482614, 0.6164707), (0.61482614, 0.6164707), (0.7166567, 0.6552954), (0.69206864, 0.67250896), (0.83264387, 0.6348573), (0.8027485, 0.63223815), (0.80275005, 0.6130729), (0.99067503, 0.6165035), (0.9940675, 0.80442536), (0.96453893, 0.7455443), (0.9940675, 0.80442536), (0.97491115, 0.8044319), (0.9722979, 0.77453625), (0.9940675, 0.80442536), (0.9722979, 0.77453625), (0.96453893, 0.7455443), (0.83264387, 0.6348573), (0.80275005, 0.6130729), (0.8616359, 0.6426227), (0.80275005, 0.6130729), (0.99067503, 0.6165035), (0.8616359, 0.6426227), (0.99067503, 0.6165035), (0.96453893, 0.7455443), (0.951857, 0.7183404), (0.8888381, 0.6553103), (0.8616359, 0.6426227), (0.99067503, 0.6165035), (0.9134229, 0.672528), (0.8888381, 0.6553103), (0.99067503, 0.6165035), (0.99067503, 0.6165035), (0.951857, 0.7183404), (0.934644, 0.6937529), (0.54047483, 0.8326831), (0.5557952, 0.81762326), (0.5662083, 0.8301938), (0.5662083, 0.8301938), (0.5734527, 0.8446457), (0.5543445, 0.85309064), (0.5543445, 0.85309064), (0.5734527, 0.8446457), (0.57869077, 0.8595088), (0.5581803, 0.86478627), (0.57869077, 0.8595088), (0.58143497, 0.8752795), (0.5600567, 0.87702966), (0.58143497, 0.8752795), (0.58143497, 0.8915716), (0.5597516, 0.88944745), (0.58143497, 0.8915716), (0.5778489, 0.90729344), (0.5577879, 0.90159965), (0.5778489, 0.90729344), (0.57240194, 0.92211956), (0.55330646, 0.9130756), (0.57240194, 0.92211956), (0.5643633, 0.9360204), (0.53927755, 0.93301797), (0.5469182, 0.9236235), (0.5643633, 0.9360204), (0.53927755, 0.93301797), (0.5535959, 0.94762737), (0.54179007, 0.95751697), (0.5299109, 0.9407246), (0.54179007, 0.95751697), (0.5284027, 0.96535826), (0.5195066, 0.94668174), (0.5284027, 0.96535826), (0.5137488, 0.9707809), (0.5082015, 0.95071316), (0.5137488, 0.9707809), (0.4982667, 0.97355825), (0.4963347, 0.952682), (0.4982667, 0.97355825), (0.4824098, 0.97357905), (0.48424187, 0.95251375), (0.4824098, 0.97357905), (0.46665162, 0.970753), (0.47230995, 0.9501896), (0.46665162, 0.970753), (0.4514471, 0.9650631), (0.4514471, 0.9650631), (0.43815875, 0.95604587), (0.45049033, 0.9394888), (0.45049033, 0.9394888), (0.43815875, 0.95604587), (0.42652217, 0.9457821), (0.4414814, 0.9314092), (0.42652217, 0.9457821), (0.4166916, 0.93359035), (0.4339877, 0.9218633), (0.4166916, 0.93359035), (0.40904212, 0.91980046), (0.428194, 0.911114), (0.40904212, 0.91980046), (0.40384072, 0.9048407), (0.42429167, 0.8994664), (0.40384072, 0.9048407), (0.40121984, 0.8891817), (0.42228228, 0.8872922), (0.40121984, 0.8891817), (0.40128368, 0.8732843), (0.42236197, 0.87496305), (0.40128368, 0.8732843), (0.4040437, 0.8576304), (0.42453384, 0.8628287), (0.4040437, 0.8576304), (0.40940252, 0.8426892), (0.4286632, 0.85126185), (0.40940252, 0.8426892), (0.41722295, 0.8288843), (0.43470472, 0.8406337), (0.41722295, 0.8288843), (0.42731357, 0.8166229), (0.4424724, 0.8312631), (0.42731357, 0.8166229), (0.43942755, 0.8062718), (0.45177516, 0.82343084), (0.43942755, 0.8062718), (0.45326865, 0.79817456), (0.4623313, 0.81738436), (0.45326865, 0.79817456), (0.46850216, 0.792666), (0.4737825, 0.8133273), (0.46850216, 0.792666), (0.48427027, 0.79088676), (0.48567483, 0.8113542), (0.48427027, 0.79088676), (0.49967766, 0.7910559), (0.49774796, 0.81153965), (0.49967766, 0.7910559), (0.5150046, 0.7938141), (0.50956756, 0.81382436), (0.5150046, 0.7938141), (0.5297749, 0.7992502), (0.52083766, 0.81822085), (0.5297749, 0.7992502), (0.54351974, 0.80724096), (0.5312571, 0.8245617), (0.54351974, 0.80724096), (0.5557952, 0.81762326), (0.5729305, 0.79933256), (0.5587981, 0.8133668), (0.5459585, 0.8025551), (0.5158653, 0.16132694), (0.52229893, 0.15489343), (0.5222988, 0.30626932), (0.33412498, 0.16132732), (0.33412492, 0.15489373), (0.52229893, 0.15489343), (0.51586527, 0.44902444), (0.52229893, 0.4554581), (0.33412588, 0.45545787), (0.5158652, 0.30626932), (0.5222988, 0.30626932), (0.52229893, 0.4554581), (0.32396477, 0.44902438), (0.31753117, 0.455458), (0.31753093, 0.30626985), (0.32396445, 0.3062698), (0.31753093, 0.30626985), (0.3175302, 0.15489388), (0.33412594, 0.44902438), (0.33412588, 0.45545787), (0.31753117, 0.455458), (0.32396382, 0.16132736), (0.3175302, 0.15489388), (0.33412492, 0.15489373), (0.44950813, 0.90548724), (0.4499092, 0.90961343), (0.4462633, 0.9096686), (0.5199276, 0.9059163), (0.5132042, 0.90529275), (0.5172156, 0.89298487), (0.41869286, 0.24746265), (0.39439481, 0.24731813), (0.39484608, 0.17047147), (0.41864023, 0.25457034), (0.39434692, 0.25438815), (0.39439481, 0.24731813), (0.33413512, 0.25399432), (0.3304313, 0.2539708), (0.3304762, 0.24691592), (0.9748961, 0.5572212), (0.9596266, 0.5572212), (0.9596266, 0.55580384), (0.9596266, 0.55580384), (0.9596266, 0.5048057), (0.9748961, 0.5048057), (0.8133224, 0.46241152), (0.8049598, 0.46241152), (0.8049598, 0.44967926), (0.52949697, 0.038588718), (0.529497, 0.027671441), (0.5364443, 0.027671441), (0.5364442, 0.33960462), (0.52949685, 0.33960462), (0.5293434, 0.3309402), (0.52276486, 0.8423283), (0.52276486, 0.83455235), (0.5325304, 0.8343797), (0.5364442, 0.33960462), (0.5514789, 0.33960462), (0.5514789, 0.3505221), (0.96649337, 0.019490384), (0.993594, 0.019485667), (0.99362534, 0.2002379), (0.7674633, 0.44967926), (0.77582586, 0.44967926), (0.77582586, 0.46241152), (0.5337812, 0.18909633), (0.5268339, 0.18909633), (0.5278308, 0.13275295), (0.73092943, 0.46241152), (0.7362509, 0.46241152), (0.73625094, 0.6067861), (0.73092943, 0.44967926), (0.7362509, 0.44967926), (0.7362509, 0.46241152), (0.7051489, 0.6067862), (0.6998274, 0.6067862), (0.69982773, 0.4624113), (0.70514894, 0.4624113), (0.69982773, 0.4624113), (0.69982773, 0.44967937), (0.4945529, 0.8353937), (0.5072171, 0.8353937), (0.5072171, 0.8434524), (0.52276486, 0.8423283), (0.52276486, 0.8591564), (0.51054496, 0.8591564), (0.5364442, 0.33960462), (0.5364442, 0.3505221), (0.52949685, 0.3505221), (0.7529898, 0.44967926), (0.76450616, 0.44967926), (0.76450616, 0.46241152), (0.8133224, 0.6067853), (0.80495995, 0.6067853), (0.8049598, 0.46241152), (0.70514894, 0.4624113), (0.71666527, 0.46241143), (0.71666527, 0.6067862), (0.52276486, 0.8423283), (0.51054496, 0.8423283), (0.51054496, 0.83455235), (0.7674633, 0.46241152), (0.77582586, 0.46241152), (0.77582586, 0.6067853), (0.5362898, 0.04731372), (0.5293426, 0.04731372), (0.52949697, 0.038588718), (0.5325304, 0.8421557), (0.5325304, 0.8343797), (0.5389194, 0.83426654), (0.846742, 0.4362949), (0.81857514, 0.4362949), (0.81841123, 0.4210255), (0.33655813, 0.25400972), (0.33413512, 0.25399432), (0.33417985, 0.24693929), (0.33708638, 0.1701081), (0.3346635, 0.1700706), (0.33468318, 0.16694565), (0.48450252, 0.84327465), (0.48450252, 0.8352158), (0.4945529, 0.8353937), (0.5362907, 0.3309402), (0.5293434, 0.3309402), (0.52929807, 0.3283785), (0.38140622, 0.9941589), (0.3530799, 0.99365765), (0.3530799, 0.9856973), (0.7381075, 0.39495125), (0.7366346, 0.38618934), (0.74238247, 0.4028555), (0.7366346, 0.38618934), (0.91093117, 0.3861892), (0.76673126, 0.41454366), (0.91093117, 0.3861892), (0.91093117, 0.41454366), (0.76673126, 0.41454366), (0.76673126, 0.41454366), (0.7574308, 0.413156), (0.7366346, 0.38618934), (0.7574308, 0.413156), (0.74904084, 0.40912846), (0.7366346, 0.38618934), (0.4592459, 0.2549447), (0.45535967, 0.2549844), (0.45536473, 0.24746288), (0.45917043, 0.24745832), (0.45536473, 0.24746288), (0.45529598, 0.1701899), (0.8515681, 0.60221976), (0.86940956, 0.6037859), (0.86094797, 0.60836214), (0.9424547, 0.5570008), (0.9427362, 0.40061083), (0.951488, 0.4006267), (0.9267185, 0.5616335), (0.92946064, 0.40669137), (0.9380712, 0.40684372), (0.81857514, 0.4362949), (0.846742, 0.4362949), (0.81857514, 0.57954144), (0.846742, 0.4362949), (0.846742, 0.6094391), (0.81857514, 0.57954144), (0.846742, 0.6094391), (0.8380381, 0.60797596), (0.83018583, 0.6037293), (0.83018583, 0.6037293), (0.8239545, 0.5971149), (0.846742, 0.6094391), (0.8239545, 0.5971149), (0.8199537, 0.5887804), (0.846742, 0.6094391), (0.93532896, 0.56178594), (0.93517643, 0.5718903), (0.9265662, 0.5717378), (0.93517643, 0.5718903), (0.9350759, 0.5818912), (0.9264655, 0.58173877), (0.9350759, 0.5818912), (0.93502116, 0.5917218), (0.9264109, 0.5915695), (0.93502116, 0.5917218), (0.9350005, 0.60137904), (0.9263904, 0.60122675), (0.9350005, 0.60137904), (0.9349982, 0.61092734), (0.92638785, 0.610775), (0.9512063, 0.55701643), (0.95116115, 0.5672146), (0.9424096, 0.5671989), (0.95116115, 0.5672146), (0.9510658, 0.57730746), (0.942314, 0.57729167), (0.9510658, 0.57730746), (0.9509276, 0.5872277), (0.9421759, 0.58721185), (0.9509276, 0.5872277), (0.9507584, 0.59697205), (0.9420066, 0.5969563), (0.9507584, 0.59697205), (0.9505727, 0.60660636), (0.9418212, 0.60659045), (0.53580004, 0.30319762), (0.5288527, 0.30319762), (0.52784336, 0.24614693), (0.46818838, 0.27013803), (0.46818838, 0.24180721), (0.48345783, 0.24180721), (0.45419827, 0.2549869), (0.44312468, 0.2548073), (0.44318423, 0.24756815), (0.45412865, 0.24746515), (0.44318423, 0.24756815), (0.4432807, 0.17076857), (0.37045464, 0.24716817), (0.34653133, 0.24701722), (0.34701404, 0.17017063), (0.3704089, 0.25422737), (0.34648645, 0.2540731), (0.34653133, 0.24701722), (0.9596266, 0.4012739), (0.9748961, 0.4012739), (0.9748961, 0.45303977), (0.34653133, 0.24701722), (0.33660284, 0.24695458), (0.33708638, 0.1701081), (0.535775, 0.076409794), (0.5288277, 0.076409794), (0.52924174, 0.053021744), (0.33235973, 0.27535796), (0.32943344, 0.27539155), (0.32945013, 0.26767486), (0.50667804, 0.28246036), (0.50902766, 0.28245488), (0.50902766, 0.30050868), (0.33237642, 0.2676411), (0.32945013, 0.26767486), (0.32944945, 0.25996658), (0.329, 0.40557963), (0.33206213, 0.4056257), (0.33205864, 0.41411516), (0.4902148, 0.27332905), (0.4902148, 0.24499837), (0.5054842, 0.24499837), (0.38140622, 0.9861985), (0.3530799, 0.9856973), (0.3530799, 0.9833434), (0.9263023, 0.3861892), (0.9263023, 0.41470864), (0.91093117, 0.41454366), (0.6096796, 0.9683837), (0.5813533, 0.96888494), (0.5813533, 0.9608687), (0.6096796, 0.9951161), (0.5813533, 0.9956174), (0.5813533, 0.97412926), (0.69724363, 0.019536741), (0.69110036, 0.019537792), (0.69109803, 0.0054462184), (0.377075, 0.78921074), (0.377075, 0.81737757), (0.3718315, 0.8175025), (0.49102232, 0.8777579), (0.47899267, 0.8777579), (0.47884604, 0.8495759), (0.6096796, 0.97362804), (0.5813533, 0.97412926), (0.5813533, 0.96888494), (0.36306238, 0.9495537), (0.36435604, 0.94952446), (0.36438313, 0.9548283), (0.53618884, 0.053021744), (0.52924174, 0.053021744), (0.5293426, 0.04731372), (0.34648645, 0.2540731), (0.33655813, 0.25400972), (0.33660284, 0.24695458), (0.60620433, 0.7021538), (0.60620433, 0.6739718), (0.6085576, 0.67402864), (0.38140622, 0.9838447), (0.3530799, 0.9833434), (0.3530799, 0.9602085), (0.4910193, 0.44463304), (0.48825657, 0.44466305), (0.48825657, 0.4234346), (0.45529598, 0.1701899), (0.45395753, 0.17081362), (0.4539518, 0.16693227), (0.45535967, 0.2549844), (0.45419827, 0.2549869), (0.45412865, 0.24746515), (0.48153085, 0.84322196), (0.48153085, 0.83516324), (0.48450252, 0.8352158), (0.53624535, 0.3283785), (0.52929807, 0.3283785), (0.5288527, 0.30319762), (0.695672, 0.33838847), (0.66384685, 0.3383949), (0.6644684, 0.31241062), (0.69612646, 0.59654605), (0.6644493, 0.59655285), (0.66386914, 0.57241845), (0.90208787, 0.61008894), (0.88756233, 0.61008894), (0.88756233, 0.58248615), (0.92075145, 0.46612573), (0.9058107, 0.46612573), (0.9058107, 0.43975538), (0.5987497, 0.41053495), (0.61757636, 0.43636864), (0.5662988, 0.4113272), (0.61757636, 0.43636864), (0.59826046, 0.47457618), (0.5662988, 0.4113272), (0.993594, 0.019485667), (0.9936268, 0.0033609946), (0.9967815, 0.0033673127), (0.5987497, 0.41053495), (0.5662988, 0.4113272), (0.58369434, 0.3470314), (0.5662988, 0.4113272), (0.56520027, 0.3488575), (0.58369434, 0.3470314), (0.58369434, 0.3470314), (0.59826046, 0.34696072), (0.61757344, 0.38470954), (0.42666388, 0.7646389), (0.42666388, 0.75246286), (0.45486295, 0.7526094), (0.99397975, 0.20834637), (0.99362534, 0.2002379), (0.9967801, 0.19983287), (0.69724363, 0.019536741), (0.72241503, 0.01953248), (0.7224462, 0.20028451), (0.72241503, 0.01953248), (0.7830542, 0.019522034), (0.7830852, 0.20027423), (0.69113284, 0.20826939), (0.69113123, 0.19878733), (0.69727486, 0.20028889), (0.8436932, 0.01951152), (0.9050933, 0.019500934), (0.9051245, 0.20025307), (0.92075145, 0.4981337), (0.9058107, 0.4981337), (0.9058107, 0.46612573), (0.6956945, 0.5724118), (0.66386914, 0.57241845), (0.69465345, 0.514271), (0.66386914, 0.57241845), (0.6466072, 0.5487405), (0.6643121, 0.51412654), (0.58369434, 0.3470314), (0.56516975, 0.3471214), (0.5640409, 0.2829156), (0.5640409, 0.2829156), (0.5987497, 0.28291938), (0.58369434, 0.3470314), (0.5987497, 0.28291938), (0.61757636, 0.30875304), (0.58369434, 0.3470314), (0.9050933, 0.019500934), (0.96649337, 0.019490384), (0.9665246, 0.20024258), (0.695672, 0.33838847), (0.6946421, 0.39725932), (0.66384685, 0.3383949), (0.6946421, 0.39725932), (0.66430086, 0.39711463), (0.66384685, 0.3383949), (0.5347905, 0.24614693), (0.52784336, 0.24614693), (0.5268339, 0.18909633), (0.40933132, 0.9882646), (0.41614282, 0.9882646), (0.41614282, 0.99464643), (0.9596266, 0.5572212), (0.9748961, 0.5572212), (0.9748961, 0.6096367), (0.44312468, 0.2548073), (0.41864023, 0.25457034), (0.41869286, 0.24746265), (0.44318423, 0.24756815), (0.41869286, 0.24746265), (0.4190627, 0.17062162), (0.92075145, 0.6107581), (0.9058107, 0.6107581), (0.9058107, 0.5787416), (0.7830542, 0.019522034), (0.8436932, 0.01951152), (0.8437242, 0.20026371), (0.61757344, 0.512325), (0.5987497, 0.5381505), (0.59826046, 0.47457618), (0.5987497, 0.5381505), (0.5640409, 0.5381466), (0.56516975, 0.474737), (0.6029062, 0.94816995), (0.6097177, 0.94816995), (0.6097177, 0.9545518), (0.9596266, 0.45303977), (0.9748961, 0.45303977), (0.9748961, 0.5048057), (0.39434692, 0.25438815), (0.3704089, 0.25422737), (0.37045464, 0.24716817), (0.39439481, 0.24731813), (0.37045464, 0.24716817), (0.37093005, 0.17032143), (0.53477806, 0.13275295), (0.5278308, 0.13275295), (0.5288277, 0.076409794), (0.90208787, 0.47299132), (0.88756233, 0.47299132), (0.88756233, 0.44187286), (0.90208787, 0.58248615), (0.88756233, 0.58248615), (0.88756233, 0.55135953), (0.6936126, 0.45613015), (0.69465345, 0.514271), (0.6643121, 0.51412654), (0.6643121, 0.51412654), (0.6465977, 0.4790955), (0.6936126, 0.45613015), (0.88756233, 0.55135953), (0.88756233, 0.5389494), (0.90208787, 0.5389494), (0.88756233, 0.5389494), (0.88756233, 0.5257735), (0.90208787, 0.5257735), (0.88756233, 0.5257735), (0.88756233, 0.5121754), (0.90208787, 0.5121754), (0.88756233, 0.5121754), (0.88756233, 0.49857724), (0.90208787, 0.49857724), (0.88756233, 0.49857724), (0.88756233, 0.48540163), (0.90208787, 0.48540163), (0.88756233, 0.48540163), (0.88756233, 0.47299132), (0.90208787, 0.47299132), (0.9058107, 0.5787416), (0.9058107, 0.5659769), (0.92075145, 0.5659769), (0.9058107, 0.5659769), (0.9058107, 0.5524244), (0.92075145, 0.5524244), (0.9058107, 0.5524244), (0.9058107, 0.5384376), (0.92075145, 0.5384376), (0.9058107, 0.5384376), (0.9058107, 0.5244509), (0.92075145, 0.5244509), (0.9058107, 0.5244509), (0.9058107, 0.51089865), (0.92075145, 0.51089865), (0.9058107, 0.51089865), (0.9058107, 0.4981337), (0.92075145, 0.4981337), (0.66385764, 0.45540655), (0.6465956, 0.43172854), (0.66430086, 0.39711463), (0.66430086, 0.39711463), (0.6946421, 0.39725932), (0.66385764, 0.45540655), (0.6001838, 0.6168536), (0.60958314, 0.6168536), (0.60958314, 0.66376454), (0.5580429, 0.54352957), (0.5960026, 0.5435296), (0.5960026, 0.5904406), (0.5999028, 0.61198986), (0.5999028, 0.6025904), (0.6468138, 0.6025904), (0.5980876, 0.54352957), (0.63440084, 0.54352957), (0.63440084, 0.5904406), (0.59908944, 0.6009888), (0.5999127, 0.59162545), (0.63622594, 0.59162545), (0.60327876, 0.80617124), (0.6068926, 0.809784), (0.5870312, 0.809788), (0.47476837, 0.18498461), (0.46984303, 0.18498461), (0.46984303, 0.1707731), (0.5906447, 0.8061737), (0.5870312, 0.809788), (0.5870309, 0.7994343), (0.4919902, 0.1757031), (0.49691552, 0.1707784), (0.49691552, 0.18499011), (0.4919902, 0.18499011), (0.49691552, 0.18499011), (0.49691528, 0.1942877), (0.59064585, 0.7698919), (0.5870323, 0.7662785), (0.6068926, 0.7662788), (0.5906447, 0.7963727), (0.5870309, 0.7963727), (0.5870323, 0.7662785), (0.6032786, 0.79943025), (0.6068923, 0.79943025), (0.6068926, 0.809784), (0.60327876, 0.76989233), (0.6068926, 0.7662788), (0.6068923, 0.79636896), (0.4919902, 0.22745769), (0.49691552, 0.23238324), (0.46984494, 0.23238365), (0.4747688, 0.19428305), (0.46984345, 0.19428326), (0.46984303, 0.18498461), (0.47476837, 0.1756993), (0.46984303, 0.1707731), (0.49691552, 0.1707784), (0.4919898, 0.1942877), (0.49691528, 0.1942877), (0.49691552, 0.23238324), (0.47477004, 0.2274581), (0.46984494, 0.23238365), (0.46984345, 0.19428326), (0.5906444, 0.7994344), (0.5870309, 0.7994343), (0.5870309, 0.7963727), (0.6032786, 0.79636896), (0.6068923, 0.79636896), (0.6068923, 0.79943025), (0.643409, 0.55987036), (0.64613557, 0.55987036), (0.64613557, 0.57858026), (0.643409, 0.57858026), (0.64613557, 0.57858026), (0.64613557, 0.5838246), (0.32386535, 0.9542179), (0.32386446, 0.9408108), (0.32744855, 0.95575845), (0.32386446, 0.9408108), (0.32386512, 0.9370477), (0.32744855, 0.9370476), (0.32744855, 0.95575845), (0.32386446, 0.9408108), (0.32744855, 0.9370476), (0.643409, 0.5838246), (0.64613557, 0.5838246), (0.64613557, 0.58906287), (0.60731494, 0.9160943), (0.60843146, 0.9160943), (0.6084312, 0.9213393), (0.33237642, 0.30288804), (0.32945013, 0.30292153), (0.32943344, 0.27539155), (0.4822, 0.19298181), (0.48540547, 0.19301772), (0.48540547, 0.21765184), (0.3289965, 0.41406918), (0.33205864, 0.41411516), (0.3321255, 0.44440398), (0.36308935, 0.926303), (0.36438313, 0.9262738), (0.3643511, 0.94711494), (0.3630576, 0.9471441), (0.3643511, 0.94711494), (0.36435604, 0.94952446), (0.37537387, 0.9548494), (0.37408015, 0.9548261), (0.3740811, 0.949521), (0.60726315, 0.73178023), (0.60472566, 0.7317743), (0.60472566, 0.71227664), (0.37537485, 0.9495442), (0.3740811, 0.949521), (0.37407357, 0.9471117), (0.37536728, 0.9471349), (0.37407357, 0.9471117), (0.3740811, 0.9262738), (0.3290635, 0.39710265), (0.3321255, 0.39714873), (0.33206213, 0.4056257), (0.33890232, 0.27327746), (0.34438297, 0.27329075), (0.34441444, 0.2920034), (0.32600874, 0.90788966), (0.3260087, 0.90453535), (0.33005682, 0.90453535), (0.33005682, 0.90453535), (0.33005682, 0.9334391), (0.32600874, 0.90788966), (0.33005682, 0.9334391), (0.32600865, 0.9334391), (0.32600865, 0.9304659), (0.50992393, 0.23093748), (0.5044435, 0.23092878), (0.50443363, 0.21221894), (0.5099143, 0.21222764), (0.50443363, 0.21221894), (0.5044403, 0.20697449), (0.5099207, 0.2069832), (0.5044403, 0.20697449), (0.50443923, 0.20173608), (0.60731494, 0.9213393), (0.6084312, 0.9213393), (0.60843146, 0.9400519), (0.36857376, 0.9262738), (0.36988312, 0.9262738), (0.36988297, 0.9471145), (0.36857352, 0.9471145), (0.36988297, 0.9471145), (0.36988312, 0.9495242), (0.47463942, 0.8950847), (0.47608262, 0.8950847), (0.4760825, 0.9002673), (0.5494909, 0.88660765), (0.550687, 0.88660765), (0.550687, 0.8972845), (0.47463942, 0.9002673), (0.4760825, 0.9002673), (0.4760825, 0.902621), (0.47463942, 0.902621), (0.4760825, 0.902621), (0.47608262, 0.92297786), (0.60731494, 0.91085696), (0.60843146, 0.91085696), (0.60843146, 0.9160943), (0.36857364, 0.9495242), (0.36988312, 0.9495242), (0.36988297, 0.9548283), (0.49783713, 0.41311443), (0.5113937, 0.41311622), (0.51139396, 0.41835463), (0.49783713, 0.41835165), (0.51139396, 0.41835463), (0.5113937, 0.423599), (0.38688552, 0.99042845), (0.39932156, 0.9904254), (0.39932173, 0.99560803), (0.38688636, 0.9677146), (0.39932197, 0.96771485), (0.39932156, 0.9880717), (0.49783736, 0.42359662), (0.5113937, 0.423599), (0.51139444, 0.44230902), (0.38688552, 0.9880746), (0.39932156, 0.9880717), (0.39932156, 0.9904254), (0.36063367, 0.8683923), (0.3669221, 0.8683754), (0.3668832, 0.89173716), (0.3605946, 0.89175415), (0.3668832, 0.89173716), (0.3668882, 0.8944382), (0.36693403, 0.81669253), (0.3614535, 0.8167022), (0.36145464, 0.81151944), (0.39932173, 0.99560803), (0.39932197, 0.997055), (0.38688594, 0.99705714), (0.36693522, 0.81150967), (0.36145464, 0.81151944), (0.36144742, 0.8091658), (0.36692807, 0.809156), (0.36144742, 0.8091658), (0.36145607, 0.788809), (0.3389276, 0.2627952), (0.34440824, 0.26280868), (0.34438333, 0.26804596), (0.35374805, 0.95153314), (0.35374802, 0.95353675), (0.3499243, 0.95353675), (0.3499243, 0.95353675), (0.34992433, 0.92920804), (0.35374802, 0.9341012), (0.34992433, 0.92920804), (0.35374805, 0.92920804), (0.35374802, 0.9341012), (0.36059967, 0.89445496), (0.3668882, 0.8944382), (0.36691758, 0.90038365), (0.33890268, 0.26803243), (0.34438333, 0.26804596), (0.34438297, 0.27329075), (0.38281432, 0.7902444), (0.38829497, 0.79024726), (0.38829497, 0.8038039), (0.50443923, 0.20173608), (0.5044433, 0.19913985), (0.50992393, 0.19914852), (0.49783713, 0.41311443), (0.49783754, 0.41051805), (0.51139444, 0.41051996), (0.3389276, 0.2627952), (0.33893427, 0.260199), (0.34441444, 0.26021236), (0.37776807, 0.8361861), (0.37228778, 0.8362408), (0.37228778, 0.8226847), (0.51139444, 0.44230902), (0.51139444, 0.44443947), (0.4978382, 0.4444399), (0.34441444, 0.2920034), (0.34440956, 0.29413408), (0.3389289, 0.29412055), (0.50992393, 0.23093748), (0.5099205, 0.23306811), (0.50444007, 0.23305947), (0.57316387, 0.99179745), (0.56768334, 0.99179864), (0.56768334, 0.9793625), (0.36691758, 0.90038365), (0.3669221, 0.90204406), (0.36063367, 0.90206087), (0.33303317, 0.94531846), (0.3330332, 0.919339), (0.33605596, 0.9193391), (0.36693403, 0.81669253), (0.3669367, 0.8181394), (0.36145607, 0.81814927), (0.3683496, 0.9221073), (0.36286938, 0.92204815), (0.36286938, 0.9096126), (0.36145607, 0.788809), (0.36145303, 0.7870673), (0.36693344, 0.7870576), (0.36063367, 0.8683923), (0.36062825, 0.8663939), (0.36691672, 0.86637694), (0.38688636, 0.9677146), (0.38688636, 0.96597296), (0.39932197, 0.9659731), (0.78032106, 0.46241152), (0.78868365, 0.46241152), (0.78868365, 0.6067853), (0.8010799, 0.6067853), (0.7927174, 0.6067853), (0.79271734, 0.46241152), (0.8010799, 0.46241152), (0.79271734, 0.46241152), (0.79271734, 0.44967926), (0.78032106, 0.44967926), (0.78868365, 0.44967926), (0.78868365, 0.46241152), (0.70514905, 0.44967937), (0.71666515, 0.44967926), (0.71666527, 0.46241143), (0.7529898, 0.46241152), (0.76450616, 0.46241152), (0.76450616, 0.6067856), (0.5072171, 0.8434524), (0.5072171, 0.86089236), (0.4945529, 0.86089253), (0.73092943, 0.46241152), (0.71941304, 0.46241152), (0.71941304, 0.44967926), (0.5364443, 0.027671441), (0.5514789, 0.027671441), (0.5514789, 0.038588718), (0.7309297, 0.6067861), (0.71941334, 0.6067861), (0.71941304, 0.46241152), (0.73913157, 0.44967926), (0.75064784, 0.44967937), (0.75064784, 0.59405327), (0.73913157, 0.59405327), (0.75064784, 0.59405327), (0.75064784, 0.6067856), (0.9873066, 0.5001117), (0.9815754, 0.5001128), (0.9823985, 0.45304877), (0.98895264, 0.40598357), (0.98322153, 0.40598476), (0.9835848, 0.38521183), (0.9889706, 0.59307265), (0.98323935, 0.59307396), (0.9824074, 0.54659337), (0.9893158, 0.6123668), (0.9835848, 0.612368), (0.98323935, 0.59307396), (0.9881295, 0.45304757), (0.9823985, 0.45304877), (0.98322153, 0.40598476), (0.98813856, 0.5465922), (0.9824074, 0.54659337), (0.9815754, 0.5001128), (0.5886755, 0.008509638), (0.60235435, 0.008511247), (0.60235435, 0.13102177), (0.56284606, 0.25362775), (0.5792489, 0.25362775), (0.5792489, 0.26392826), (0.6089787, 0.12917209), (0.62050563, 0.1291705), (0.62050563, 0.25168106), (0.032091677, 0.033278946), (0.032091774, 0.01915219), (0.19077387, 0.01915219), (0.5026325, 0.057693537), (0.5084044, 0.03826704), (0.5207492, 0.03826704), (0.68210596, 0.13197735), (0.6685225, 0.13203083), (0.6685225, 0.004020634), (0.50253016, 0.10295601), (0.50777525, 0.12047598), (0.30712783, 0.12047598), (0.6305646, 0.14425287), (0.6249783, 0.14419532), (0.6249783, 0.008509638), (0.60682803, 0.008511247), (0.62050563, 0.008509638), (0.62050563, 0.1291705), (0.56284606, 0.06939754), (0.5792489, 0.06939754), (0.5792489, 0.25362775), (0.023219697, 0.033278946), (0.023219697, 0.01915219), (0.032091774, 0.01915219), (0.5908274, 0.13102019), (0.60235435, 0.13102177), (0.60235435, 0.25168285), (0.6651418, 0.1566255), (0.6512139, 0.1566255), (0.6512138, 0.014643446), (0.5189937, 0.12047598), (0.5189937, 0.13393396), (0.50777525, 0.13393396), (0.64852846, 0.15668046), (0.6346064, 0.15668046), (0.6346065, 0.016900435), (0.6346065, 0.016900435), (0.6346065, 0.006171897), (0.6432938, 0.006171897), (0.6305646, 0.26676443), (0.6249783, 0.28196543), (0.6249783, 0.14419532), (0.68210596, 0.2440917), (0.66852236, 0.25810903), (0.6685225, 0.13203083), (0.3062901, 0.057693727), (0.28760752, 0.03826704), (0.5084044, 0.03826704), (0.5125061, 0.10295601), (0.5189937, 0.12047598), (0.50777525, 0.12047598), (0.8475644, 0.38138366), (0.8475648, 0.21404569), (0.9810007, 0.21404561), (0.71614206, 0.21404569), (0.8475648, 0.21404569), (0.8475644, 0.38138366), (0.71614206, 0.21404569), (0.71614206, 0.20468962), (0.84756476, 0.20468968), (0.8475648, 0.21404569), (0.84756476, 0.20468968), (0.9810007, 0.20468941), (0.5084044, 0.03826704), (0.5084044, 0.026920132), (0.5207492, 0.026920132), (0.6485285, 0.2986021), (0.63460654, 0.2986021), (0.6346064, 0.15668046), (0.6651419, 0.29646456), (0.6512139, 0.29646456), (0.6512139, 0.1566255), (0.9810007, 0.21404561), (0.9888313, 0.21404561), (0.9888314, 0.381384), (0.54388875, 0.1259371), (0.55400115, 0.1259371), (0.55400115, 0.33311206), (0.54388875, 0.114353776), (0.55400115, 0.114353776), (0.55400115, 0.1259371), (0.50777525, 0.12047598), (0.50777525, 0.13393396), (0.30712783, 0.13393384), (0.71614206, 0.21404569), (0.7060549, 0.21404561), (0.7060549, 0.20468956), (0.71614194, 0.38138348), (0.7060548, 0.38138348), (0.7060549, 0.21404561), (0.6651419, 0.29646456), (0.6599049, 0.30719766), (0.6512139, 0.30719766), (0.5077752, 0.15056078), (0.5077752, 0.13912818), (0.5189936, 0.13912818), (0.30712783, 0.15056078), (0.30712783, 0.13912818), (0.5077752, 0.13912818), (0.6485285, 0.2986021), (0.64474744, 0.30693048), (0.63460654, 0.30693048), (0.6512138, 0.014643446), (0.6512138, 0.006311506), (0.66135913, 0.006311506), (0.28760752, 0.03826704), (0.28760752, 0.026920132), (0.5084044, 0.026920132), (0.9810007, 0.20468941), (0.9888314, 0.20468941), (0.9888313, 0.21404561), (0.45529598, 0.1701899), (0.45536473, 0.24746288), (0.45412865, 0.24746515), (0.33708638, 0.1701081), (0.33660284, 0.24695458), (0.33417985, 0.24693929), (0.3346635, 0.1700706), (0.33417985, 0.24693929), (0.3304762, 0.24691592), (0.5283088, 0.364838), (0.5283088, 0.35674345), (0.53701264, 0.35820672), (0.69113123, 0.19878733), (0.69110036, 0.019537792), (0.69724363, 0.019536741), (0.99362534, 0.2002379), (0.993594, 0.019485667), (0.99674886, 0.019491985), (0.87612486, 0.596658), (0.86940956, 0.6037859), (0.8515681, 0.60221976), (0.8515681, 0.60221976), (0.8515681, 0.43631533), (0.88192177, 0.57772017), (0.8515681, 0.43631533), (0.88192177, 0.4233517), (0.88192177, 0.57772017), (0.88192177, 0.57772017), (0.88043624, 0.5876763), (0.8515681, 0.60221976), (0.5564757, 0.3866411), (0.5564757, 0.52988756), (0.5283086, 0.5178579), (0.5283086, 0.5178579), (0.5283088, 0.364838), (0.5564757, 0.3866411), (0.5283088, 0.364838), (0.5448646, 0.3624533), (0.55109626, 0.3690677), (0.55509716, 0.37740216), (0.5283088, 0.364838), (0.55109626, 0.3690677)] (
                    interpolation = "faceVarying"
                )
                uniform token subdivisionScheme = "none"
                uniform token subsetFamily:materialBind:familyType = "nonOverlapping"
                custom string userProperties:blender:data_name = "Antique Rustic Mantel Clock Body"

                def GeomSubset "Antique_Rustic_Mantel_Clock" (
                    prepend apiSchemas = ["MaterialBindingAPI"]
                )
                {
                    uniform token elementType = "face"
                    uniform token familyName = "materialBind"
                    int[] indices = [0, 1, 2, 3, 4, 5, 6, 7, 8, 9, 10, 11, 12, 13, 14, 15, 16, 17, 18, 19, 20, 21, 22, 23, 24, 25, 26, 27, 28, 29, 30, 31, 32, 33, 34, 35, 36, 37, 38, 39, 40, 41, 42, 43, 44, 45, 46, 47, 48, 49, 50, 51, 52, 53, 54, 55, 56, 57, 58, 59, 60, 61, 62, 63, 64, 65, 66, 67, 68, 69, 70, 71, 72, 73, 74, 75, 76, 77, 78, 79, 80, 81, 82, 83, 84, 85, 86, 87, 88, 89, 90, 91, 92, 93, 94, 95, 96, 97, 98, 99, 100, 101, 102, 103, 104, 105, 106, 107, 108, 109, 110, 111, 112, 113, 114, 115, 116, 117, 118, 119, 120, 121, 122, 123, 124, 125, 126, 127, 128, 129, 130, 131, 132, 133, 134, 135, 136, 137, 138, 139, 140, 141, 142, 143, 144, 145, 146, 147, 148, 149, 150, 151, 152, 153, 154, 155, 156, 157, 158, 159, 160, 161, 162, 163, 164, 165, 166, 167, 168, 169, 170, 171, 172, 173, 174, 175, 176, 177, 178, 179, 180, 181, 182, 183, 184, 185, 186, 187, 188, 189, 190, 191, 192, 193, 194, 195, 196, 197, 198, 199, 200, 201, 202, 203, 204, 205, 206, 207, 208, 209, 210, 211, 212, 213, 214, 215, 216, 217, 218, 219, 220, 221, 222, 223, 224, 225, 226, 227, 228, 229, 230, 231, 232, 233, 234, 235, 236, 237, 238, 239, 240, 241, 242, 243, 244, 245, 246, 247, 248, 249, 250, 251, 252, 253, 254, 255, 256, 257, 258, 259, 260, 261, 262, 263, 264, 265, 266, 267, 268, 269, 270, 271, 272, 273, 274, 275, 276, 277, 278, 279, 280, 281, 282, 283, 284, 285, 286, 287, 288, 289, 290, 291, 292, 293, 294, 295, 296, 297, 298, 299, 300, 301, 302, 303, 304, 305, 306, 307, 308, 309, 310, 311, 312, 313, 314, 315, 316, 317, 318, 319, 320, 321, 322, 323, 324, 325, 326, 327, 328, 329, 330, 331, 332, 333, 334, 335, 336, 337, 338, 339, 340, 341, 342, 343, 344, 345, 346, 347, 348, 349, 350, 351, 352, 353, 354, 355, 356, 357, 358, 359, 360, 361, 362, 363, 364, 365, 366, 367, 368, 369, 370, 624, 625, 626, 627, 628, 629, 630, 631, 632, 633, 634, 635, 636, 637, 638, 639, 640, 641, 642, 643, 644, 645, 646, 647, 648, 649, 650, 651, 652, 653, 654, 655, 656, 657, 658, 659, 660, 661, 662, 663, 664, 665, 666, 667, 668, 669, 670, 671, 672, 673, 674, 675, 676, 677, 678, 679, 680, 681, 682, 683, 684, 685, 686, 687, 688, 689, 690, 691, 692, 693, 694, 695, 696, 697, 698, 699, 700, 701, 702, 703, 704, 705, 706, 707, 708, 709, 710, 711, 712, 713, 714, 715, 716, 717, 718, 719, 720, 721, 722, 723, 724, 725, 726, 727, 728, 729, 730, 731, 732, 733, 734, 735, 736, 737, 738, 739, 740, 741, 742, 743, 744, 745, 746, 747, 748, 749, 750, 751, 752, 753, 754, 755, 756, 757, 758, 759, 760, 761, 762, 763, 764, 765, 766, 767, 768, 769, 770, 771, 772, 773, 774, 775, 776, 777, 778, 779, 780, 781, 782, 783, 784, 785, 786, 787, 788, 789, 790, 791, 792, 793, 794, 795, 796, 797, 798, 799, 800, 801, 802, 803, 804, 805, 806, 807, 808, 809, 810, 811, 812, 813, 814, 815, 816, 817, 818, 819, 820, 821, 822, 823, 824, 825, 826, 827, 828, 829, 830, 831, 832, 833, 834, 835, 836, 837, 838, 839, 840, 841, 842, 843, 844, 845, 846, 847, 848, 849, 850, 851, 852, 853, 854, 855, 856, 857, 858, 859, 860, 861, 862, 863, 864, 865, 866, 867, 868, 869, 870, 871, 872, 873, 874, 875, 876, 877, 878, 879, 880, 881, 882, 883, 884, 885, 886, 887, 888, 889, 890, 891, 892, 893, 894, 895, 896, 897, 898, 899, 900, 901, 902, 903, 904, 905, 906, 907, 908, 909, 910, 911, 912, 913, 914, 915, 916, 917, 918, 919, 920, 921, 922, 923, 924, 925, 926, 927, 928, 929, 930, 931, 932, 933, 934, 935, 936, 937, 938, 939, 940, 941, 942, 943, 944, 945, 946, 947, 948, 949, 950, 951, 952, 953, 954, 955, 956, 957, 958, 959, 960, 961, 962, 963, 964, 965, 966, 967, 968, 969, 970, 971, 972, 973, 974, 975, 976, 977, 978, 979, 980, 981, 982, 983, 984, 985, 986, 987, 988, 989, 990, 991, 992, 993, 994, 995, 996, 997, 998, 999, 1000, 1001, 1002, 1003, 1004, 1005, 1006, 1007, 1008, 1009, 1010, 1011, 1012, 1013, 1014, 1015, 1016, 1017, 1018, 1019, 1020, 1021, 1022, 1023, 1024, 1025, 1026, 1027, 1028, 1029, 1030, 1031, 1032, 1033, 1034, 1035, 1036, 1037, 1038, 1039, 1040, 1041, 1042, 1043, 1044, 1045, 1046, 1047, 1048, 1049, 1050, 1051, 1052, 1053, 1054, 1055, 1056, 1057, 1058, 1059, 1060, 1061, 1062, 1063, 1064, 1065, 1066, 1067, 1068, 1069, 1070, 1071, 1072, 1073, 1074, 1075, 1076, 1077, 1078, 1079, 1080, 1081, 1082, 1083, 1084, 1085, 1086, 1087, 1088, 1089, 1090, 1091, 1092, 1093, 1094, 1095, 1096, 1097, 1098, 1099, 1100, 1101, 1102, 1103, 1104, 1105, 1106, 1107, 1108, 1109, 1110, 1111, 1112, 1113, 1114, 1115, 1116, 1117, 1118, 1119, 1120, 1121, 1122, 1123, 1124, 1125, 1126, 1127, 1128, 1129, 1130, 1131, 1132, 1133, 1134, 1135, 1136, 1137, 1138, 1139, 1140, 1141, 1142, 1143, 1144, 1145, 1146, 1147, 1148, 1149, 1150, 1151, 1152, 1153, 1154, 1155, 1156, 1157, 1158, 1159, 1160, 1161, 1162, 1163, 1164, 1165, 1166, 1167, 1168, 1169, 1170, 1171, 1172, 1173, 1174, 1175, 1176, 1177, 1178, 1179, 1180, 1181, 1182, 1183, 1184, 1185, 1186, 1187, 1188, 1189, 1190, 1191, 1192, 1193, 1194, 1195, 1196, 1197, 1198, 1199, 1200, 1201, 1202, 1203, 1204, 1205, 1206, 1207, 1208, 1209, 1210, 1211, 1212, 1213, 1214, 1215, 1216, 1217, 1218, 1219, 1220, 1221, 1222, 1223, 1224, 1225, 1226, 1227, 1228, 1229, 1230, 1231, 1232, 1233, 1234, 1235, 1236, 1237, 1238, 1239, 1240, 1241, 1242, 1243, 1244, 1245, 1246, 1247, 1248, 1249, 1250, 1251, 1252, 1253, 1254, 1255, 1256, 1257, 1258, 1259, 1260, 1261, 1262, 1263, 1264, 1265, 1266, 1267, 1268, 1269, 1270, 1271, 1272, 1273, 1274, 1275, 1276, 1277, 1278, 1279, 1280, 1281, 1282, 1283, 1284, 1285, 1286, 1287, 1288, 1289, 1290, 1291, 1292, 1293, 1294, 1295, 1296, 1297, 1298, 1299, 1300, 1301, 1302, 1303, 1304, 1305, 1306, 1307, 1308, 1309, 1310, 1311, 1312, 1313, 1314, 1315, 1316, 1317, 1318, 1319, 1320, 1321, 1322, 1323, 1324, 1325, 1326, 1327, 1328, 1329, 1330, 1331, 1332, 1333, 1334, 1335, 1336, 1337, 1338, 1339, 1340, 1341, 1342, 1343, 1344, 1345, 1346, 1347, 1348, 1349, 1350, 1351, 1352, 1353, 1354, 1355, 1356, 1357, 1358, 1359, 1360, 1361, 1362, 1363, 1364, 1365, 1366, 1367, 1368, 1369, 1370, 1371, 1372, 1373, 1374, 1375, 1376, 1377, 1378, 1379, 1380, 1381, 1382, 1383, 1384, 1385, 1386, 1387, 1388, 1389, 1390, 1391, 1392, 1393, 1394, 1395, 1396, 1397, 1398, 1399, 1400, 1401, 1402, 1403, 1404, 1405, 1406, 1407, 1693, 1694, 1695, 1696, 1697, 1698, 1699, 1700, 1701, 1702, 1703, 1704, 1705, 1706, 1707, 1708, 1709, 1710, 1711, 1712, 1713, 1714, 1715, 1716, 1717, 1718, 1719, 1720, 1721, 1722, 1723, 1724, 1725, 1726, 1727, 1728, 1729, 1730, 1731, 1732, 1733, 1734, 1735, 1736, 1737, 1738, 1739, 1740, 1741, 1742, 1743, 1744, 1745, 1746, 1747, 1748, 1749, 1750, 1751, 1752, 1753, 1754, 1755, 1756, 1757, 1758, 1759, 1760, 1761, 1762, 1763, 1764, 1765, 1766, 1767, 1768, 1769, 1770, 1771, 1772, 1773, 1774, 1775, 1776, 1777, 1778, 1779, 1780, 1781, 1782, 1783, 1784, 1785, 1786, 1787, 1788, 1789, 1790, 1791, 1792, 1793, 1794, 1795, 1796, 1797, 1798, 1799, 1800, 1801, 1802, 1803, 1804, 1805, 1806, 1807, 1808, 1809, 1810, 1811, 1812, 1813, 1814, 1815, 1816, 1817, 1818, 1819, 1820, 1821, 1822, 1823, 1824, 1825, 1826, 1827, 1828, 1829, 1830, 1831, 1832, 1833, 1834, 1835, 1836, 1837, 1838, 1839, 1840, 1841, 1842, 1843, 1844, 1845, 1846, 1847, 1848, 1849, 1850, 1851, 1852, 1853, 1854, 1855, 1856, 1857, 1858, 1859, 1860, 1861, 1862, 1863, 1864, 1865, 1866, 1867, 1868, 1869, 1870, 1871, 1872, 1873, 1874, 1875, 1876, 1877, 1878, 1879, 1880, 1881, 1882, 1883, 1884, 1885, 1886, 1887, 1888, 1889, 1890, 1891, 1892, 1893, 1894, 1895, 1896, 1897, 1898, 1899, 1900, 1901, 1902, 1903, 1904, 1905, 1906, 1907, 1908, 1909, 1910, 1911, 1912, 1913, 1914, 1915, 1916, 1917, 1918, 1919, 1920, 1921, 1922, 1923, 1924, 1925, 1926, 1927, 1928, 1929, 1930, 1931, 1932, 1933, 1934, 1935, 1936, 1937, 1938, 1939, 1940, 1941, 1942, 1943, 1944, 1945, 1946, 1947, 1948, 1949, 1950, 1951, 1952, 1953, 1954, 1955, 1956, 1957, 1958, 1959, 1960, 1961, 1962, 1963, 1964, 1965, 1966, 1967, 1968, 1969, 1970, 1971, 1972, 1973, 1974, 1975, 1976, 1977, 1978, 1979, 1980, 1981, 1982, 1983, 1984, 1985, 1986, 1987, 1988, 1989, 1990, 1991, 1992, 1993, 1994, 1995, 1996, 1997, 1998, 1999, 2000, 2001, 2002, 2003, 2004, 2005, 2006, 2007, 2008, 2009, 2010, 2011, 2012, 2013, 2014, 2015, 2016, 2017, 2018, 2019, 2020, 2021, 2022, 2023, 2024, 2025, 2026, 2027, 2028, 2029, 2030, 2031, 2032, 2033, 2034, 2035, 2036, 2037, 2038, 2039, 2040, 2041, 2042, 2043, 2044, 2045, 2046, 2047, 2048, 2049, 2050, 2051, 2052, 2053, 2054, 2055, 2056, 2057, 2058, 2059, 2060, 2061, 2062, 2063, 2064, 2065, 2066, 2067, 2068, 2069, 2070, 2071, 2072, 2073, 2074, 2075, 2076, 2077, 2078, 2079, 2080, 2081, 2082, 2083, 2084, 2085, 2086, 2087, 2088, 2089, 2090, 2091, 2092, 2093, 2094, 2095, 2096, 2097, 2098, 2099, 2100, 2101, 2102, 2103, 2104, 2105, 2106, 2107, 2108, 2109, 2110, 2111, 2112, 2113, 2114, 2115, 2116, 2117, 2118, 2119, 2120, 2121, 2122, 2123, 2124, 2125, 2126, 2127, 2128, 2129, 2130, 2131, 2132, 2133, 2134, 2135, 2136, 2137, 2138, 2139, 2140, 2141, 2142, 2143, 2144, 2145, 2146, 2147]
                    rel material:binding = </root/_materials/Antique_Rustic_Mantel_Clock>
                }

                def GeomSubset "Antique_Rustic_Mantel_Clock_Glass" (
                    prepend apiSchemas = ["MaterialBindingAPI"]
                )
                {
                    uniform token elementType = "face"
                    uniform token familyName = "materialBind"
                    int[] indices = [371, 372, 373, 374, 375, 376, 377, 378, 379, 380, 381, 382, 383, 384, 385, 386, 387, 388, 389, 390, 391, 392, 393, 394, 395, 396, 397, 398, 399, 400, 401, 402, 403, 404, 405, 406, 407, 408, 409, 410, 411, 412, 413, 414, 415, 416, 417, 418, 419, 420, 421, 422, 423, 424, 425, 426, 427, 428, 429, 430, 431, 432, 433, 434, 435, 436, 437, 438, 439, 440, 441, 442, 443, 444, 445, 446, 447, 448, 449, 450, 451, 452, 453, 454, 455, 456, 457, 458, 459, 460, 461, 462, 463, 464, 465, 466, 467, 468, 469, 470, 471, 472, 473, 474, 475, 476, 477, 478, 479, 480, 481, 482, 483, 484, 485, 486, 487, 488, 489, 490, 491, 492, 493, 494, 495, 496, 497, 498, 499, 500, 501, 502, 503, 504, 505, 506, 507, 508, 509, 510, 511, 512, 513, 514, 515, 516, 517, 518, 519, 520, 521, 522, 523, 524, 525, 526, 527, 528, 529, 530, 531, 532, 533, 534, 535, 536, 537, 538, 539, 540, 541, 542, 543, 544, 545, 546, 547, 548, 549, 550, 551, 552, 553, 554, 555, 556, 557, 558, 559, 560, 561, 562, 563, 564, 565, 566, 567, 568, 569, 570, 571, 572, 573, 574, 575, 576, 577, 578, 579, 580, 581, 582, 583, 584, 585, 586, 587, 588, 589, 590, 591, 592, 593, 594, 595, 596, 597, 598, 599, 600, 601, 602, 603, 604, 605, 606, 607, 608, 609, 610, 611, 612, 613, 614, 615, 616, 617, 618, 619, 620, 621, 622, 623, 1408, 1409, 1410, 1411, 1412, 1413, 1414, 1415, 1416, 1417, 1418, 1419, 1420, 1421, 1422, 1423, 1424, 1425, 1426, 1427, 1428, 1429, 1430, 1431, 1432, 1433, 1434, 1435, 1436, 1437, 1438, 1439, 1440, 1441, 1442, 1443, 1444, 1445, 1446, 1447, 1448, 1449, 1450, 1451, 1452, 1453, 1454, 1455, 1456, 1457, 1458, 1459, 1460, 1461, 1462, 1463, 1464, 1465, 1466, 1467, 1468, 1469, 1470, 1471, 1472, 1473, 1474, 1475, 1476, 1477, 1478, 1479, 1480, 1481, 1482, 1483, 1484, 1485, 1486, 1487, 1488, 1489, 1490, 1491, 1492, 1493, 1494, 1495, 1496, 1497, 1498, 1499, 1500, 1501, 1502, 1503, 1504, 1505, 1506, 1507, 1508, 1509, 1510, 1511, 1512, 1513, 1514, 1515, 1516, 1517, 1518, 1519, 1520, 1521, 1522, 1523, 1524, 1525, 1526, 1527, 1528, 1529, 1530, 1531, 1532, 1533, 1534, 1535, 1536, 1537, 1538, 1539, 1540, 1541, 1542, 1543, 1544, 1545, 1546, 1547, 1548, 1549, 1550, 1551, 1552, 1553, 1554, 1555, 1556, 1557, 1558, 1559, 1560, 1561, 1562, 1563, 1564, 1565, 1566, 1567, 1568, 1569, 1570, 1571, 1572, 1573, 1574, 1575, 1576, 1577, 1578, 1579, 1580, 1581, 1582, 1583, 1584, 1585, 1586, 1587, 1588, 1589, 1590, 1591, 1592, 1593, 1594, 1595, 1596, 1597, 1598, 1599, 1600, 1601, 1602, 1603, 1604, 1605, 1606, 1607, 1608, 1609, 1610, 1611, 1612, 1613, 1614, 1615, 1616, 1617, 1618, 1619, 1620, 1621, 1622, 1623, 1624, 1625, 1626, 1627, 1628, 1629, 1630, 1631, 1632, 1633, 1634, 1635, 1636, 1637, 1638, 1639, 1640, 1641, 1642, 1643, 1644, 1645, 1646, 1647, 1648, 1649, 1650, 1651, 1652, 1653, 1654, 1655, 1656, 1657, 1658, 1659, 1660, 1661, 1662, 1663, 1664, 1665, 1666, 1667, 1668, 1669, 1670, 1671, 1672, 1673, 1674, 1675, 1676, 1677, 1678, 1679, 1680, 1681, 1682, 1683, 1684, 1685, 1686, 1687, 1688, 1689, 1690, 1691, 1692]
                    rel material:binding = </root/_materials/Antique_Rustic_Mantel_Clock_Glass>
                }
            }

            def Xform "Hand_01"
            {
                custom string userProperties:blender:object_name = "Hand 01"
                float3 xformOp:rotateXYZ = (0, 0, -8.14222e-13)
                float3 xformOp:scale = (1, 1, 1)
                double3 xformOp:translate = (-1.862645149230957e-9, -0.03870977833867073, 0.11115016043186188)
                uniform token[] xformOpOrder = ["xformOp:translate", "xformOp:rotateXYZ", "xformOp:scale"]

                def Mesh "Hand_01" (
                    active = true
                    prepend apiSchemas = ["MaterialBindingAPI"]
                )
                {
                    uniform bool doubleSided = 1
                    float3[] extent = [(-0.050719533, 0.002016198, -0.0024018213), (0.0023993792, 0.0023103282, 0.01444754)]
                    int[] faceVertexCounts = [3, 3, 3, 3, 3, 3, 3, 3, 3, 3, 3, 3, 3, 3, 3, 3, 3, 3, 3, 3, 3, 3, 3, 3, 3, 3, 3, 3, 3, 3, 3, 3, 3, 3, 3, 3, 3, 3, 3, 3, 3, 3, 3, 3, 3, 3, 3, 3, 3, 3, 3, 3, 3, 3, 3, 3, 3, 3, 3, 3, 3, 3, 3, 3, 3, 3, 3, 3, 3, 3, 3, 3, 3, 3, 3, 3, 3, 3, 3, 3, 3, 3, 3, 3, 3, 3, 3, 3, 3, 3, 3, 3, 3, 3, 3, 3, 3, 3, 3, 3, 3, 3, 3, 3, 3, 3, 3, 3, 3, 3, 3, 3, 3, 3, 3, 3, 3, 3, 3, 3, 3, 3, 3, 3, 3, 3, 3, 3, 3, 3, 3, 3, 3, 3, 3, 3, 3, 3, 3, 3, 3, 3, 3, 3, 3, 3, 3, 3, 3, 3, 3, 3, 3, 3, 3, 3, 3, 3, 3, 3, 3, 3, 3, 3, 3, 3, 3, 3, 3, 3, 3, 3, 3, 3, 3, 3, 3, 3, 3, 3, 3, 3, 3, 3, 3, 3, 3, 3, 3, 3, 3, 3, 3, 3, 3, 3, 3, 3, 3, 3, 3, 3, 3, 3, 3, 3, 3, 3, 3, 3, 3, 3, 3, 3, 3, 3, 3, 3, 3, 3, 3, 3, 3, 3]
                    int[] faceVertexIndices = [16, 33, 15, 20, 3, 2, 9, 18, 0, 28, 9, 10, 35, 16, 17, 21, 4, 3, 29, 10, 11, 26, 17, 8, 22, 5, 4, 30, 11, 12, 23, 6, 5, 31, 12, 13, 24, 7, 6, 32, 13, 14, 18, 1, 0, 25, 8, 7, 33, 14, 15, 19, 2, 1, 55, 32, 33, 54, 32, 55, 31, 32, 54, 36, 37, 45, 36, 40, 38, 39, 42, 40, 41, 44, 42, 47, 43, 46, 103, 47, 105, 37, 49, 45, 51, 53, 52, 48, 55, 49, 89, 72, 71, 59, 76, 58, 75, 65, 57, 65, 84, 66, 72, 91, 73, 60, 77, 59, 66, 85, 67, 73, 82, 64, 61, 78, 60, 67, 86, 68, 62, 79, 61, 68, 87, 69, 63, 80, 62, 69, 88, 70, 56, 75, 57, 64, 81, 63, 70, 89, 71, 58, 74, 56, 93, 89, 88, 92, 93, 88, 87, 92, 88, 94, 96, 95, 99, 96, 97, 101, 98, 99, 103, 100, 101, 104, 103, 105, 107, 94, 95, 109, 104, 108, 93, 106, 107, 86, 29, 30, 60, 3, 4, 89, 55, 33, 87, 30, 31, 61, 4, 5, 92, 31, 54, 62, 5, 6, 104, 43, 102, 63, 6, 7, 95, 36, 45, 90, 33, 34, 64, 7, 8, 91, 34, 35, 57, 9, 0, 97, 37, 38, 82, 35, 26, 65, 10, 9, 66, 11, 10, 99, 38, 40, 67, 12, 11, 96, 39, 36, 68, 13, 12, 69, 14, 13, 101, 40, 42, 70, 15, 14, 98, 41, 39, 71, 16, 15, 72, 17, 16, 94, 48, 37, 103, 42, 44, 73, 8, 17, 100, 43, 41, 75, 19, 18, 107, 45, 49, 74, 20, 19, 108, 47, 52, 76, 21, 20, 104, 50, 46, 77, 22, 21, 109, 51, 50, 78, 23, 22, 110, 53, 51, 79, 24, 23, 111, 52, 53, 80, 25, 24, 81, 26, 25, 93, 49, 55, 83, 18, 27, 56, 0, 1, 106, 54, 48, 84, 27, 28, 58, 1, 2, 85, 28, 29, 59, 2, 3, 16, 34, 33, 20, 21, 3, 9, 27, 18, 28, 27, 9, 35, 34, 16, 21, 22, 4, 29, 28, 10, 26, 35, 17, 22, 23, 5, 30, 29, 11, 23, 24, 6, 31, 30, 12, 24, 25, 7, 32, 31, 13, 18, 19, 1, 25, 26, 8, 33, 32, 14, 19, 20, 2, 36, 38, 37, 36, 39, 40, 39, 41, 42, 41, 43, 44, 47, 44, 43, 103, 44, 47, 37, 48, 49, 52, 47, 46, 46, 50, 52, 50, 51, 52, 48, 54, 55, 89, 90, 72, 59, 77, 76, 75, 83, 65, 65, 83, 84, 72, 90, 91, 60, 78, 77, 66, 84, 85, 73, 91, 82, 61, 79, 78, 67, 85, 86, 62, 80, 79, 68, 86, 87, 63, 81, 80, 69, 87, 88, 56, 74, 75, 64, 82, 81, 70, 88, 89, 58, 76, 74, 94, 97, 96, 99, 98, 96, 101, 100, 98, 103, 102, 100, 104, 102, 103, 107, 106, 94, 104, 105, 108, 108, 111, 110, 110, 109, 108, 93, 92, 106, 86, 85, 29, 60, 59, 3, 89, 93, 55, 87, 86, 30, 61, 60, 4, 92, 87, 31, 62, 61, 5, 104, 46, 43, 63, 62, 6, 95, 96, 36, 90, 89, 33, 64, 63, 7, 91, 90, 34, 57, 65, 9, 97, 94, 37, 82, 91, 35, 65, 66, 10, 66, 67, 11, 99, 97, 38, 67, 68, 12, 96, 98, 39, 68, 69, 13, 69, 70, 14, 101, 99, 40, 70, 71, 15, 98, 100, 41, 71, 72, 16, 72, 73, 17, 94, 106, 48, 103, 101, 42, 73, 64, 8, 100, 102, 43, 75, 74, 19, 107, 95, 45, 74, 76, 20, 108, 105, 47, 76, 77, 21, 104, 109, 50, 77, 78, 22, 109, 110, 51, 78, 79, 23, 110, 111, 53, 79, 80, 24, 111, 108, 52, 80, 81, 25, 81, 82, 26, 93, 107, 49, 83, 75, 18, 56, 57, 0, 106, 92, 54, 84, 83, 27, 58, 56, 1, 85, 84, 28, 59, 58, 2]
                    rel material:binding = </root/_materials/Antique_Rustic_Mantel_Clock>
                    normal3f[] normals = [(0, -1, -1.2371304e-7), (0, -1, 2.695607e-8), (0, -1, -1.2206672e-7), (0, -1, -8.453368e-9), (0, -1, 6.35374e-7), (0, -1, -4.8726577e-7), (0, -1, 1.935217e-7), (0, -1, 1.7039035e-8), (0, -1, 2.46633e-7), (0, -1, -2.5194998e-8), (0, -1, 1.935217e-7), (0, -1, -4.0318422e-8), (0, -1, -1.15941345e-8), (0, -1, -1.2371304e-7), (0, -1, -2.23278e-7), (0, -1, 5.0173075e-8), (0, -1, 4.7248722e-8), (0, -1, 6.35374e-7), (0, -1, -6.236157e-8), (0, -1, -4.0318422e-8), (0, -1, 3.8319803e-7), (0, -1, -5.189696e-8), (0, -1, -2.23278e-7), (0, -1, -3.2882514e-8), (0, -1, -3.3821895e-8), (0, -1, 4.5736178e-7), (0, -1, 4.7248722e-8), (0, -1, 1.7946495e-7), (0, -1, 3.8319803e-7), (0, -1, -3.5707512e-7), (0, -1, -7.882937e-8), (0, -1, 3.1628264e-7), (0, -1, 4.5736178e-7), (0, -1, 4.1881055e-8), (0, -1, -3.5707512e-7), (0, -1, -0.000001082509), (0, -1, -9.755979e-8), (0, -1, -7.9308876e-8), (0, -1, 3.1628264e-7), (0, -1, 6.791592e-8), (0, -1, -0.000001082509), (0, -1, 8.2269647e-10), (0, -1, 1.7039035e-8), (0, -1, -5.460489e-7), (0, -1, 2.46633e-7), (0, -1, 3.753575e-8), (0, -1, -3.2882514e-8), (0, -1, -7.9308876e-8), (0, -1, 2.695607e-8), (0, -1, 8.2269647e-10), (0, -1, -1.2206672e-7), (0, -1, -3.3953253e-8), (0, -1, -4.8726577e-7), (0, -1, -5.460489e-7), (0, -1, 1.15416235e-7), (0, -1, 6.791592e-8), (0, -1, 2.695607e-8), (0, -1, 1.5510547e-7), (0, -1, 6.791592e-8), (0, -1, 1.15416235e-7), (0, -1, 4.1881055e-8), (0, -1, 6.791592e-8), (0, -1, 1.5510547e-7), (0, -1, -1.0871937e-8), (0, -1, -2.8720335e-8), (0, -1, -3.846338e-8), (0, -1, -1.0871937e-8), (0, -1, -1.2396652e-7), (0, -1, 0), (0, -1, -9.804962e-8), (0, -1, 3.3681538e-8), (0, -1, -1.2396652e-7), (0, -1, 7.388022e-8), (-0.000005624978, -1, 0.0000018119646), (0, -1, 3.3681538e-8), (-0.000053227854, -1, 0.000015306772), (-0.0000057066295, -1, 0.0000018407289), (-0.000053162126, -1, 0.000015286301), (-0.28264445, -0.00051478663, -0.95922464), (-0.2832812, -0.00034768492, -0.9590367), (-0.2832849, -0.00034832754, -0.95903563), (0, -1, -2.8720335e-8), (0, -1, -8.020749e-9), (0, -1, -3.846338e-8), (0, -1, 4.963094e-7), (0, -1, 0.0000013685133), (-0.0000634084, -1, 0.000018844747), (0, -1, -7.0367654e-9), (0, -1, 1.15416235e-7), (0, -1, -8.020749e-9), (0, 1, 6.831413e-8), (0, 1, -5.113341e-7), (0, 1, -4.1373613e-7), (0, 1, -0.0000017610062), (0, 1, 1.3023924e-7), (0, 1, -6.3071224e-7), (0, 1, 1.9039534e-8), (0, 1, 5.3119606e-9), (0, 1, 0), (0, 1, 5.3119606e-9), (0, 1, -7.319826e-8), (0, 1, -5.029678e-7), (0, 1, -5.113341e-7), (0, 1, -1.6931743e-7), (0, 1, -3.5511977e-7), (0, 1, -9.4844825e-7), (0, 1, 8.1286665e-8), (0, 1, -0.0000017610062), (0, 1, -5.029678e-7), (0, 1, -1.14648195e-7), (0, 1, -1.7914219e-7), (0, 1, -3.5511977e-7), (0, 1, 1.1573663e-8), (0, 1, -1.9296068e-7), (0, 1, 6.634204e-7), (0, 1, 1.0042871e-7), (0, 1, -9.4844825e-7), (0, 1, -1.7914219e-7), (0, 1, -2.9226294e-8), (0, 1, 6.4720126e-7), (0, 1, -8.4568904e-7), (0, 1, 1.4429028e-8), (0, 1, 6.634204e-7), (0, 1, 6.4720126e-7), (0, 1, 1.2495947e-7), (0, 1, 1.6897443e-8), (0, 1, -0.0000012464054), (0, 1, -3.0014665e-8), (0, 1, -8.4568904e-7), (0, 1, 1.6897443e-8), (0, 1, 6.651939e-8), (0, 1, 9.2909795e-9), (0, 1, 0), (0, 1, 1.9039534e-8), (0, 1, 0), (0, 1, -1.9296068e-7), (0, 1, 2.6079852e-7), (0, 1, -0.0000012464054), (0, 1, 9.2909795e-9), (0, 1, 6.831413e-8), (0, 1, -4.1373613e-7), (0, 1, -6.3071224e-7), (0, 1, 6.853477e-8), (0, 1, 0), (0, 1, -1.7989363e-7), (0, 1, 6.831413e-8), (0, 1, 6.651939e-8), (0, 1, -5.7294287e-8), (0, 1, -1.7989363e-7), (0, 1, 6.651939e-8), (0, 1, 1.2495947e-7), (0, 1, -5.7294287e-8), (0, 1, 6.651939e-8), (0, 1, 1.2762151e-8), (0, 1, 2.7710705e-8), (0, 1, 4.3028027e-8), (0, 1, 1.1650278e-8), (0, 1, 2.7710705e-8), (0, 1, -6.0398433e-9), (0, 1, 5.0649497e-8), (0, 1, 0), (0, 1, 1.1650278e-8), (0.000005533607, 1, -0.0000017220601), (0, 1, 4.7743242e-8), (0, 1, 5.0649497e-8), (0.00005306461, 1, -0.000015326405), (0.000005533607, 1, -0.0000017220601), (0.00005312925, 1, -0.000015342628), (0, 1, -6.6540046e-8), (0, 1, 1.2762151e-8), (0, 1, 4.3028027e-8), (0.00006340525, 1, -0.000018405452), (0.00005306461, 1, -0.000015326405), (0.000063416555, 1, -0.000018413424), (0, 1, -1.7989363e-7), (0, 1, -4.2661437e-8), (0, 1, -6.6540046e-8), (-0.86921054, -0.00035105625, -0.49444205), (-0.6547127, -0.000530805, -0.7558777), (-0.8691897, -0.00034917748, -0.49447876), (-0.98573947, 0.000012934284, -0.16827814), (-0.9828682, 0.0000012334149, 0.18431011), (-0.98583347, 0.000016268097, -0.16772696), (-0.34725675, -0.00017368518, 0.9377701), (0.23533979, -0.000059498994, 0.97191316), (-0.3472575, -0.00014157461, 0.93776983), (-0.65833473, -0.0002839589, -0.7527252), (-0.8691897, -0.00034917748, -0.49447876), (-0.6583132, -0.00029869744, -0.7527441), (-0.8675729, 0.00003205901, -0.49731), (-0.98583347, 0.000016268097, -0.16772696), (-0.86731267, 0.00004711165, -0.49776378), (-0.26724458, -0.00031722613, -0.96362865), (-0.6583132, -0.00029869744, -0.7527441), (-0.2672118, -0.0003638467, -0.9636378), (-0.645358, 0.000095834206, -0.76388025), (-0.86731267, 0.00004711165, -0.49776378), (-0.6452441, 0.00010122992, -0.76397645), (0.27663565, -0.00081835955, 0.9609745), (0.27434286, -0.00057281996, 0.9616318), (0.27435306, -0.0006887325, 0.9616288), (-0.34952325, 0.00012871514, -0.9369277), (-0.6452441, 0.00010122992, -0.76397645), (-0.34898075, 0.00012861585, -0.9371299), (0.29687, -0.0003200281, 0.9549179), (0.22901343, -0.00036013755, 0.9734232), (0.29696438, -0.0003388006, 0.95488846), (-0.626905, -0.00020717786, 0.77909565), (-0.3472575, -0.00014157461, 0.93776983), (-0.6269955, -0.00020843589, 0.7790228), (-0.0142151695, 0.00012742287, -0.99989897), (-0.34898075, 0.00012861585, -0.9371299), (-0.014206951, 0.00012766448, -0.9998991), (-0.32938096, -0.0003795583, 0.94419706), (-0.6269955, -0.00020843589, 0.7790228), (-0.3292433, -0.00037685398, 0.944245), (-0.3212687, 0.00011663876, 0.94698805), (0.019425279, 0.00014540658, 0.9998113), (-0.32091883, 0.00010452532, 0.9471067), (-0.31908202, -0.00066876755, -0.94772685), (-0.25485155, -0.0006229651, -0.96698), (-0.31903726, -0.0006690096, -0.9477419), (0.0052554817, -0.0005033813, 0.99998605), (-0.3292433, -0.00037685398, 0.944245), (0.005217506, -0.0004977691, 0.9999863), (0.019411424, 0.00016125408, 0.9998116), (0.354873, 0.00017322683, 0.93491447), (0.019425279, 0.00014540658, 0.9998113), (0.35486907, 0.00017400792, 0.93491596), (0.648405, 0.0001495392, 0.76129556), (0.354873, 0.00017322683, 0.93491447), (-0.3236002, -0.00068005925, -0.94619364), (-0.31903726, -0.0006690096, -0.9477419), (-0.32346404, -0.00066753215, -0.94624025), (0.64841145, 0.00013539435, 0.7612901), (0.86738324, 0.000091772104, 0.49764088), (0.648405, 0.0001495392, 0.76129556), (0.22915448, -0.0003624986, 0.97339), (0.22169742, -0.00031796462, 0.9751155), (0.22901343, -0.00036013755, 0.9734232), (0.8673408, 0.000083696345, 0.49771467), (0.98540103, 0.000038446913, 0.17024903), (0.86738324, 0.000091772104, 0.49764088), (0.98544747, 0.0000318774, 0.16998069), (0.9829655, 0.0000048209226, -0.18378982), (0.98540103, 0.000038446913, 0.17024903), (-0.30264086, -0.0006891109, -0.95310444), (-0.32346404, -0.00066753215, -0.94624025), (-0.3026403, -0.0006928151, -0.9531047), (0.98305655, 0.000002034639, -0.18330264), (0.8569909, -0.00000516356, -0.51533157), (0.9829655, 0.0000048209226, -0.18378982), (0.22169721, -0.0003234154, 0.9751156), (0.24003355, -0.00032395744, 0.9707645), (0.22169742, -0.00031796462, 0.9751155), (0.8568831, 0.0000017667392, -0.5155107), (0.62578124, 0.000037207985, -0.7799986), (0.8569909, -0.00000516356, -0.51533157), (0.6259107, 0.00003984672, -0.7798947), (0.32298553, 0.000092031536, -0.9464039), (0.62578124, 0.000037207985, -0.7799986), (-0.25494552, -0.00062785065, -0.96695524), (-0.20031342, -0.000480212, -0.9797318), (-0.25485155, -0.0006229651, -0.96698), (-0.28264445, -0.00051478663, -0.95922464), (-0.3026403, -0.0006928151, -0.9531047), (-0.28264284, -0.0005148734, -0.95922506), (0.32299972, 0.000098293254, -0.94639903), (-0.014206951, 0.00012766448, -0.9998991), (0.32298553, 0.000092031536, -0.9464039), (0.23989494, -0.00032149625, 0.97079885), (0.27434286, -0.00057281996, 0.9616318), (0.24003355, -0.00032395744, 0.9707645), (0.32160968, -0.00031797876, -0.9468723), (0.6292179, -0.00016629336, -0.77722883), (0.3216589, -0.0003358908, -0.94685555), (0.35326388, -0.00021063107, 0.9355237), (0.29696438, -0.0003388006, 0.95488846), (0.353309, -0.00021044324, 0.9355066), (0.6291795, -0.00014642384, -0.77726007), (0.85886186, -0.000022688231, -0.5122074), (0.6292179, -0.00016629336, -0.77722883), (-0.31022444, 0.000026217984, -0.95066345), (-0.2832812, -0.00034768492, -0.9590367), (-0.31022397, -0.0001844697, -0.9506634), (0.85884935, -0.000013509655, -0.5122283), (0.9827697, -0.0000027822698, -0.18483424), (0.85886186, -0.000022688231, -0.5122074), (0.27663565, -0.00081835955, 0.9609745), (0.2425775, -0.00052128074, 0.97013193), (0.27662927, -0.0008297907, 0.9609764), (0.98276776, -0.000006551695, -0.18484472), (0.98627263, -0.000057024492, 0.16512513), (0.9827697, -0.0000027822698, -0.18483424), (0.2425943, -0.0009207694, 0.9701274), (-0.8297811, -0.00011200061, 0.55808884), (0.2425775, -0.00052128074, 0.97013193), (0.9862696, -0.000069464026, 0.1651433), (0.86878926, -0.00020427257, 0.495182), (0.98627263, -0.000057024492, 0.16512513), (-0.8297401, -0.00024017197, 0.5581498), (-0.9996476, 0.0001256455, -0.026544936), (-0.8297811, -0.00011200061, 0.55808884), (0.8687708, -0.00021751394, 0.49521434), (0.64469844, -0.00031313856, 0.76443696), (0.86878926, -0.00020427257, 0.495182), (-0.99964845, 0.00011272845, -0.026512986), (-0.31022397, -0.0001844697, -0.9506634), (-0.9996476, 0.0001256455, -0.026544936), (0.6446857, -0.00032532623, 0.7644477), (0.34345055, -0.00041439422, 0.93917066), (0.64469844, -0.00031313856, 0.76443696), (0.34345964, -0.00043345545, 0.9391674), (0.005217506, -0.0004977691, 0.9999863), (0.34345055, -0.00041439422, 0.93917066), (0.23536906, -0.00018537375, 0.97190607), (0.353309, -0.00021044324, 0.9355066), (0.23533979, -0.000059498994, 0.97191316), (-0.024401257, -0.00045251191, -0.9997021), (0.3216589, -0.0003358908, -0.94685555), (-0.024838286, -0.0004687503, -0.9996913), (-0.62686837, 0.000056977577, 0.77912515), (-0.32091883, 0.00010452532, 0.9471067), (-0.62686867, 0.000046839006, 0.7791249), (-0.20031264, -0.0004990185, -0.9797319), (-0.2672118, -0.0003638467, -0.9636378), (-0.20031342, -0.000480212, -0.9797318), (-0.3632932, -0.0005422252, -0.9316748), (-0.024838286, -0.0004687503, -0.9996913), (-0.36330026, -0.0005554394, -0.931672), (-0.8578243, 0.000024846697, 0.51394296), (-0.62686867, 0.000046839006, 0.7791249), (-0.8578311, 0.00002212999, 0.51393163), (-0.65467656, -0.00053442374, -0.75590897), (-0.36330026, -0.0005554394, -0.931672), (-0.6547127, -0.000530805, -0.7558777), (-0.982934, 0.0000030504946, 0.18395866), (-0.8578311, 0.00002212999, 0.51393163), (-0.9828682, 0.0000012334149, 0.18431011), (0, -1, -1.2371304e-7), (0, -1, 0), (0, -1, 2.695607e-8), (0, -1, -8.453368e-9), (0, -1, 5.0173075e-8), (0, -1, 6.35374e-7), (0, -1, 1.935217e-7), (0, -1, 5.68981e-8), (0, -1, 1.7039035e-8), (0, -1, -2.5194998e-8), (0, -1, 5.68981e-8), (0, -1, 1.935217e-7), (0, -1, -1.15941345e-8), (0, -1, 0), (0, -1, -1.2371304e-7), (0, -1, 5.0173075e-8), (0, -1, -3.3821895e-8), (0, -1, 4.7248722e-8), (0, -1, -6.236157e-8), (0, -1, -2.5194998e-8), (0, -1, -4.0318422e-8), (0, -1, -5.189696e-8), (0, -1, -1.15941345e-8), (0, -1, -2.23278e-7), (0, -1, -3.3821895e-8), (0, -1, -7.882937e-8), (0, -1, 4.5736178e-7), (0, -1, 1.7946495e-7), (0, -1, -6.236157e-8), (0, -1, 3.8319803e-7), (0, -1, -7.882937e-8), (0, -1, -9.755979e-8), (0, -1, 3.1628264e-7), (0, -1, 4.1881055e-8), (0, -1, 1.7946495e-7), (0, -1, -3.5707512e-7), (0, -1, -9.755979e-8), (0, -1, 3.753575e-8), (0, -1, -7.9308876e-8), (0, -1, 6.791592e-8), (0, -1, 4.1881055e-8), (0, -1, -0.000001082509), (0, -1, 1.7039035e-8), (0, -1, -3.3953253e-8), (0, -1, -5.460489e-7), (0, -1, 3.753575e-8), (0, -1, -5.189696e-8), (0, -1, -3.2882514e-8), (0, -1, 2.695607e-8), (0, -1, 6.791592e-8), (0, -1, 8.2269647e-10), (0, -1, -3.3953253e-8), (0, -1, -8.453368e-9), (0, -1, -4.8726577e-7), (0, -1, -1.0871937e-8), (0, -1, 0), (0, -1, -2.8720335e-8), (0, -1, -1.0871937e-8), (0, -1, -9.804962e-8), (0, -1, -1.2396652e-7), (0, -1, -9.804962e-8), (0, -1, 7.388022e-8), (0, -1, 3.3681538e-8), (0, -1, 7.388022e-8), (-0.0000057066295, -1, 0.0000018407289), (-0.000005624978, -1, 0.0000018119646), (-0.000053227854, -1, 0.000015306772), (-0.000005624978, -1, 0.0000018119646), (-0.0000057066295, -1, 0.0000018407289), (-0.28264445, -0.00051478663, -0.95922464), (-0.28264284, -0.0005148734, -0.95922506), (-0.2832812, -0.00034768492, -0.9590367), (0, -1, -2.8720335e-8), (0, -1, -7.0367654e-9), (0, -1, -8.020749e-9), (-0.0000634084, -1, 0.000018844747), (-0.000053227854, -1, 0.000015306772), (-0.000053162126, -1, 0.000015286301), (-0.000053162126, -1, 0.000015286301), (-0.00006341013, -1, 0.000018643657), (-0.0000634084, -1, 0.000018844747), (-0.00006341013, -1, 0.000018643657), (0, -1, 4.963094e-7), (-0.0000634084, -1, 0.000018844747), (0, -1, -7.0367654e-9), (0, -1, 1.5510547e-7), (0, -1, 1.15416235e-7), (0, 1, 6.831413e-8), (0, 1, 1.5117173e-7), (0, 1, -5.113341e-7), (0, 1, -0.0000017610062), (0, 1, 8.1286665e-8), (0, 1, 1.3023924e-7), (0, 1, 1.9039534e-8), (0, 1, 2.0912289e-8), (0, 1, 5.3119606e-9), (0, 1, 5.3119606e-9), (0, 1, 2.0912289e-8), (0, 1, -7.319826e-8), (0, 1, -5.113341e-7), (0, 1, 1.5117173e-7), (0, 1, -1.6931743e-7), (0, 1, -9.4844825e-7), (0, 1, 1.0042871e-7), (0, 1, 8.1286665e-8), (0, 1, -5.029678e-7), (0, 1, -7.319826e-8), (0, 1, -1.14648195e-7), (0, 1, -3.5511977e-7), (0, 1, -1.6931743e-7), (0, 1, 1.1573663e-8), (0, 1, 6.634204e-7), (0, 1, 1.4429028e-8), (0, 1, 1.0042871e-7), (0, 1, -1.7914219e-7), (0, 1, -1.14648195e-7), (0, 1, -2.9226294e-8), (0, 1, -8.4568904e-7), (0, 1, -3.0014665e-8), (0, 1, 1.4429028e-8), (0, 1, 6.4720126e-7), (0, 1, -2.9226294e-8), (0, 1, 1.2495947e-7), (0, 1, -0.0000012464054), (0, 1, 2.6079852e-7), (0, 1, -3.0014665e-8), (0, 1, 1.6897443e-8), (0, 1, 1.2495947e-7), (0, 1, 6.651939e-8), (0, 1, 0), (0, 1, 6.853477e-8), (0, 1, 1.9039534e-8), (0, 1, -1.9296068e-7), (0, 1, 1.1573663e-8), (0, 1, 2.6079852e-7), (0, 1, 9.2909795e-9), (0, 1, 6.651939e-8), (0, 1, 6.831413e-8), (0, 1, -6.3071224e-7), (0, 1, 1.3023924e-7), (0, 1, 6.853477e-8), (0, 1, 1.2762151e-8), (0, 1, -6.0398433e-9), (0, 1, 2.7710705e-8), (0, 1, 1.1650278e-8), (0, 1, 0), (0, 1, 2.7710705e-8), (0, 1, 5.0649497e-8), (0, 1, 4.7743242e-8), (0, 1, 0), (0.000005533607, 1, -0.0000017220601), (0.0000056149433, 1, -0.0000017575773), (0, 1, 4.7743242e-8), (0.00005306461, 1, -0.000015326405), (0.0000056149433, 1, -0.0000017575773), (0.000005533607, 1, -0.0000017220601), (0, 1, -6.6540046e-8), (0, 1, -4.2661437e-8), (0, 1, 1.2762151e-8), (0.00005306461, 1, -0.000015326405), (0.00005312925, 1, -0.000015342628), (0.000063416555, 1, -0.000018413424), (0.000063416555, 1, -0.000018413424), (0, 1, 0), (0, 1, 0), (0, 1, 0), (0.00006340525, 1, -0.000018405452), (0.000063416555, 1, -0.000018413424), (0, 1, -1.7989363e-7), (0, 1, -5.7294287e-8), (0, 1, -4.2661437e-8), (-0.86921054, -0.00035105625, -0.49444205), (-0.65467656, -0.00053442374, -0.75590897), (-0.6547127, -0.000530805, -0.7558777), (-0.98573947, 0.000012934284, -0.16827814), (-0.982934, 0.0000030504946, 0.18395866), (-0.9828682, 0.0000012334149, 0.18431011), (-0.34725675, -0.00017368518, 0.9377701), (0.23536906, -0.00018537375, 0.97190607), (0.23533979, -0.000059498994, 0.97191316), (-0.65833473, -0.0002839589, -0.7527252), (-0.86921054, -0.00035105625, -0.49444205), (-0.8691897, -0.00034917748, -0.49447876), (-0.8675729, 0.00003205901, -0.49731), (-0.98573947, 0.000012934284, -0.16827814), (-0.98583347, 0.000016268097, -0.16772696), (-0.26724458, -0.00031722613, -0.96362865), (-0.65833473, -0.0002839589, -0.7527252), (-0.6583132, -0.00029869744, -0.7527441), (-0.645358, 0.000095834206, -0.76388025), (-0.8675729, 0.00003205901, -0.49731), (-0.86731267, 0.00004711165, -0.49776378), (0.27663565, -0.00081835955, 0.9609745), (0.27662927, -0.0008297907, 0.9609764), (0.27434286, -0.00057281996, 0.9616318), (-0.34952325, 0.00012871514, -0.9369277), (-0.645358, 0.000095834206, -0.76388025), (-0.6452441, 0.00010122992, -0.76397645), (0.29687, -0.0003200281, 0.9549179), (0.22915448, -0.0003624986, 0.97339), (0.22901343, -0.00036013755, 0.9734232), (-0.626905, -0.00020717786, 0.77909565), (-0.34725675, -0.00017368518, 0.9377701), (-0.3472575, -0.00014157461, 0.93776983), (-0.0142151695, 0.00012742287, -0.99989897), (-0.34952325, 0.00012871514, -0.9369277), (-0.34898075, 0.00012861585, -0.9371299), (-0.32938096, -0.0003795583, 0.94419706), (-0.626905, -0.00020717786, 0.77909565), (-0.6269955, -0.00020843589, 0.7790228), (-0.3212687, 0.00011663876, 0.94698805), (0.019411424, 0.00016125408, 0.9998116), (0.019425279, 0.00014540658, 0.9998113), (-0.31908202, -0.00066876755, -0.94772685), (-0.25494552, -0.00062785065, -0.96695524), (-0.25485155, -0.0006229651, -0.96698), (0.0052554817, -0.0005033813, 0.99998605), (-0.32938096, -0.0003795583, 0.94419706), (-0.3292433, -0.00037685398, 0.944245), (0.019411424, 0.00016125408, 0.9998116), (0.35486907, 0.00017400792, 0.93491596), (0.354873, 0.00017322683, 0.93491447), (0.35486907, 0.00017400792, 0.93491596), (0.64841145, 0.00013539435, 0.7612901), (0.648405, 0.0001495392, 0.76129556), (-0.3236002, -0.00068005925, -0.94619364), (-0.31908202, -0.00066876755, -0.94772685), (-0.31903726, -0.0006690096, -0.9477419), (0.64841145, 0.00013539435, 0.7612901), (0.8673408, 0.000083696345, 0.49771467), (0.86738324, 0.000091772104, 0.49764088), (0.22915448, -0.0003624986, 0.97339), (0.22169721, -0.0003234154, 0.9751156), (0.22169742, -0.00031796462, 0.9751155), (0.8673408, 0.000083696345, 0.49771467), (0.98544747, 0.0000318774, 0.16998069), (0.98540103, 0.000038446913, 0.17024903), (0.98544747, 0.0000318774, 0.16998069), (0.98305655, 0.000002034639, -0.18330264), (0.9829655, 0.0000048209226, -0.18378982), (-0.30264086, -0.0006891109, -0.95310444), (-0.3236002, -0.00068005925, -0.94619364), (-0.32346404, -0.00066753215, -0.94624025), (0.98305655, 0.000002034639, -0.18330264), (0.8568831, 0.0000017667392, -0.5155107), (0.8569909, -0.00000516356, -0.51533157), (0.22169721, -0.0003234154, 0.9751156), (0.23989494, -0.00032149625, 0.97079885), (0.24003355, -0.00032395744, 0.9707645), (0.8568831, 0.0000017667392, -0.5155107), (0.6259107, 0.00003984672, -0.7798947), (0.62578124, 0.000037207985, -0.7799986), (0.6259107, 0.00003984672, -0.7798947), (0.32299972, 0.000098293254, -0.94639903), (0.32298553, 0.000092031536, -0.9464039), (-0.25494552, -0.00062785065, -0.96695524), (-0.20031264, -0.0004990185, -0.9797319), (-0.20031342, -0.000480212, -0.9797318), (-0.28264445, -0.00051478663, -0.95922464), (-0.30264086, -0.0006891109, -0.95310444), (-0.3026403, -0.0006928151, -0.9531047), (0.32299972, 0.000098293254, -0.94639903), (-0.0142151695, 0.00012742287, -0.99989897), (-0.014206951, 0.00012766448, -0.9998991), (0.23989494, -0.00032149625, 0.97079885), (0.27435306, -0.0006887325, 0.9616288), (0.27434286, -0.00057281996, 0.9616318), (0.32160968, -0.00031797876, -0.9468723), (0.6291795, -0.00014642384, -0.77726007), (0.6292179, -0.00016629336, -0.77722883), (0.35326388, -0.00021063107, 0.9355237), (0.29687, -0.0003200281, 0.9549179), (0.29696438, -0.0003388006, 0.95488846), (0.6291795, -0.00014642384, -0.77726007), (0.85884935, -0.000013509655, -0.5122283), (0.85886186, -0.000022688231, -0.5122074), (-0.31022444, 0.000026217984, -0.95066345), (-0.2832849, -0.00034832754, -0.95903563), (-0.2832812, -0.00034768492, -0.9590367), (0.85884935, -0.000013509655, -0.5122283), (0.98276776, -0.000006551695, -0.18484472), (0.9827697, -0.0000027822698, -0.18483424), (0.27663565, -0.00081835955, 0.9609745), (0.2425943, -0.0009207694, 0.9701274), (0.2425775, -0.00052128074, 0.97013193), (0.98276776, -0.000006551695, -0.18484472), (0.9862696, -0.000069464026, 0.1651433), (0.98627263, -0.000057024492, 0.16512513), (0.2425943, -0.0009207694, 0.9701274), (-0.8297401, -0.00024017197, 0.5581498), (-0.8297811, -0.00011200061, 0.55808884), (0.9862696, -0.000069464026, 0.1651433), (0.8687708, -0.00021751394, 0.49521434), (0.86878926, -0.00020427257, 0.495182), (-0.8297401, -0.00024017197, 0.5581498), (-0.99964845, 0.00011272845, -0.026512986), (-0.9996476, 0.0001256455, -0.026544936), (0.8687708, -0.00021751394, 0.49521434), (0.6446857, -0.00032532623, 0.7644477), (0.64469844, -0.00031313856, 0.76443696), (-0.99964845, 0.00011272845, -0.026512986), (-0.31022444, 0.000026217984, -0.95066345), (-0.31022397, -0.0001844697, -0.9506634), (0.6446857, -0.00032532623, 0.7644477), (0.34345964, -0.00043345545, 0.9391674), (0.34345055, -0.00041439422, 0.93917066), (0.34345964, -0.00043345545, 0.9391674), (0.0052554817, -0.0005033813, 0.99998605), (0.005217506, -0.0004977691, 0.9999863), (0.23536906, -0.00018537375, 0.97190607), (0.35326388, -0.00021063107, 0.9355237), (0.353309, -0.00021044324, 0.9355066), (-0.024401257, -0.00045251191, -0.9997021), (0.32160968, -0.00031797876, -0.9468723), (0.3216589, -0.0003358908, -0.94685555), (-0.62686837, 0.000056977577, 0.77912515), (-0.3212687, 0.00011663876, 0.94698805), (-0.32091883, 0.00010452532, 0.9471067), (-0.20031264, -0.0004990185, -0.9797319), (-0.26724458, -0.00031722613, -0.96362865), (-0.2672118, -0.0003638467, -0.9636378), (-0.3632932, -0.0005422252, -0.9316748), (-0.024401257, -0.00045251191, -0.9997021), (-0.024838286, -0.0004687503, -0.9996913), (-0.8578243, 0.000024846697, 0.51394296), (-0.62686837, 0.000056977577, 0.77912515), (-0.62686867, 0.000046839006, 0.7791249), (-0.65467656, -0.00053442374, -0.75590897), (-0.3632932, -0.0005422252, -0.9316748), (-0.36330026, -0.0005554394, -0.931672), (-0.982934, 0.0000030504946, 0.18395866), (-0.8578243, 0.000024846697, 0.51394296), (-0.8578311, 0.00002212999, 0.51393163)] (
                        interpolation = "faceVarying"
                    )
                    point3f[] points = [(0.00018456292, 0.002016198, -0.0005103573), (0.00035053596, 0.002016198, -0.00041940808), (0.0004743711, 0.002016198, -0.0002773702), (0.00054112746, 0.002016198, -0.0001013577), (0.000542678, 0.002016198, 0.00008711964), (0.00047872373, 0.002016198, 0.0002649203), (0.00035700857, 0.002016198, 0.0004106611), (0.00019222492, 0.002016198, 0.00050691515), (0.00000430838, 0.002016198, 0.0005421713), (-0.0000035597157, 0.002016198, -0.0005393252), (-0.00019116569, 0.002016198, -0.00050292164), (-0.00035567212, 0.002016198, -0.0004056692), (-0.00047726423, 0.002016198, -0.00025946647), (-0.00054133957, 0.002016198, -0.00008211285), (-0.0005401304, 0.002016198, 0.00010512024), (-0.0004737296, 0.002016198, 0.0002798289), (-0.00035007525, 0.002016198, 0.00042121112), (-0.00018404848, 0.002016198, 0.0005123466), (0.0008105323, 0.002016198, -0.00227537), (0.0015450191, 0.002016198, -0.0018702522), (0.0020940348, 0.002016198, -0.0012364388), (0.0023909064, 0.002016198, -0.0004518479), (0.0023993684, 0.002016198, 0.00038713217), (0.002117986, 0.002016198, 0.0011778399), (0.0015803836, 0.002016198, 0.0018235818), (0.00085109985, 0.002016198, 0.0022457018), (0.000018456907, 0.002016198, 0.002394177), (-0.00002053586, 0.002016198, -0.0024016872), (-0.00084800605, 0.002016198, -0.0022342578), (-0.0015728329, 0.002016198, -0.0017958432), (-0.0021085297, 0.002016198, -0.0011431202), (-0.0023914035, 0.002016198, -0.0003578812), (-0.002388403, 0.002016198, 0.00046111643), (-0.0020975913, 0.002016198, 0.0012235269), (-0.0015514945, 0.002016198, 0.001846686), (-0.0008163206, 0.002016198, 0.0022542998), (-0.012160317, 0.002016198, 0.0040903613), (-0.009683621, 0.002016198, 0.0014649704), (-0.012646515, 0.002016198, 0.0023992285), (-0.015510431, 0.002016198, 0.0048126876), (-0.015871523, 0.002016198, 0.003548853), (-0.02040785, 0.002016198, 0.0059652105), (-0.020642089, 0.002016198, 0.005133152), (-0.02656212, 0.002016198, 0.007545121), (-0.026714155, 0.002016198, 0.006991878), (-0.00915039, 0.002016198, 0.0033154264), (-0.044676602, 0.0020164214, 0.012888357), (-0.04485748, 0.0020164214, 0.012268104), (-0.006315065, 0.002016198, 0.0007303059), (-0.0059059183, 0.002016198, 0.0021456927), (-0.05054029, 0.002017025, 0.014447406), (-0.050660346, 0.002017025, 0.014384791), (-0.050651796, 0.002017025, 0.014063343), (-0.050719533, 0.002017025, 0.0141809285), (-0.0036891804, 0.002016198, 0.00023923814), (-0.003424255, 0.002016198, 0.0011532679), (0.000350529, 0.002309505, -0.00041943043), (0.00018455245, 0.002309505, -0.0005103946), (0.00047436703, 0.002309505, -0.00027739257), (0.0005411268, 0.002309505, -0.0001013577), (0.0005426803, 0.002309505, 0.00008711964), (0.0004787289, 0.002309505, 0.0002649352), (0.00035701608, 0.002309505, 0.00041069835), (0.00019223364, 0.002309505, 0.0005069524), (0.0000043170876, 0.002309505, 0.00054220855), (-0.000003571907, 0.002309505, -0.0005393699), (-0.00019117817, 0.002309505, -0.0005029738), (-0.00035568402, 0.002309505, -0.00040571392), (-0.00047727406, 0.002309505, -0.00025950372), (-0.00054134656, 0.002309505, -0.0000821352), (-0.0005401333, 0.002309505, 0.00010510534), (-0.0004737284, 0.002309505, 0.0002798289), (-0.00035007062, 0.002309505, 0.00042122602), (-0.00018404122, 0.002309505, 0.0005123839), (0.001545, 0.002309505, -0.0018703267), (0.0008105026, 0.002309505, -0.0022754818), (0.002094026, 0.002309505, -0.0012364611), (0.0023909074, 0.002309505, -0.0004518479), (0.0023993792, 0.002309505, 0.00038717687), (0.002118007, 0.002309505, 0.0011779293), (0.0015804132, 0.002309505, 0.0018236786), (0.00085113477, 0.002309505, 0.002245821), (0.000018494058, 0.002309505, 0.002394326), (-0.00002057359, 0.002309505, -0.0024018213), (-0.00084804936, 0.002309505, -0.0022344142), (-0.0015728765, 0.002309505, -0.0017960146), (-0.0021085683, 0.002309505, -0.0011432618), (-0.00239143, 0.002309505, -0.00035797805), (-0.00238841, 0.002309505, 0.00046109408), (-0.0020975787, 0.002309505, 0.001223579), (-0.0015514668, 0.002309505, 0.0018467829), (-0.0008162847, 0.002309505, 0.002254434), (-0.003689206, 0.002309505, 0.00023914874), (-0.0034242517, 0.002309505, 0.0011532828), (-0.009683675, 0.002309505, 0.0014647767), (-0.009150363, 0.002309505, 0.0033155233), (-0.01216029, 0.002309505, 0.004090473), (-0.012646566, 0.002309505, 0.0023990422), (-0.015510406, 0.002309505, 0.004812777), (-0.015871573, 0.002309505, 0.0035486594), (-0.020407831, 0.002309505, 0.0059652925), (-0.020642137, 0.002309505, 0.0051329657), (-0.02656209, 0.002309505, 0.007545233), (-0.026714219, 0.002309505, 0.006991662), (-0.044676505, 0.0023097247, 0.0128887), (-0.044857483, 0.0023097247, 0.012268066), (-0.0063151037, 0.002309505, 0.0007301718), (-0.0059059043, 0.002309505, 0.0021457523), (-0.050651785, 0.0023103282, 0.014063358), (-0.050540246, 0.0023103282, 0.01444754), (-0.050660305, 0.0023103282, 0.014384955), (-0.05071951, 0.0023103282, 0.014181003)]
                    texCoord2f[] primvars:st = [(0.5363917, 0.54588), (0.5373553, 0.552865), (0.5358833, 0.5461842), (0.5334855, 0.5355972), (0.53557026, 0.542209), (0.5350055, 0.54227763), (0.533868, 0.5437262), (0.5294542, 0.5391658), (0.5340999, 0.5430849), (0.52827215, 0.5451041), (0.533868, 0.5437262), (0.5338267, 0.54442847), (0.5413611, 0.54929644), (0.5363917, 0.54588), (0.53678715, 0.5453767), (0.53600174, 0.5352937), (0.53612, 0.54238415), (0.53557026, 0.542209), (0.5289793, 0.5481024), (0.5338267, 0.54442847), (0.53398055, 0.54510677), (0.54242325, 0.54646146), (0.53678715, 0.5453767), (0.537022, 0.5447354), (0.53845024, 0.5360683), (0.53658724, 0.5427824), (0.53612, 0.54238415), (0.53045845, 0.55063397), (0.53398055, 0.54510677), (0.5343108, 0.54567933), (0.54053086, 0.5378273), (0.5369159, 0.5433551), (0.53658724, 0.5427824), (0.53252196, 0.5523931), (0.5343108, 0.54567933), (0.5347766, 0.54607743), (0.5419884, 0.5403587), (0.5370667, 0.54403335), (0.5369159, 0.5433551), (0.534908, 0.5531681), (0.5347766, 0.54607743), (0.5353226, 0.54625255), (0.5294542, 0.5391658), (0.5344949, 0.5425817), (0.5340999, 0.5430849), (0.5426446, 0.5433575), (0.537022, 0.5447354), (0.5370667, 0.54403335), (0.5373553, 0.552865), (0.5353226, 0.54625255), (0.5358833, 0.5461842), (0.5312097, 0.53694195), (0.5350055, 0.54227763), (0.5344949, 0.5425817), (0.5361096, 0.55751604), (0.534908, 0.5531681), (0.5373553, 0.552865), (0.53324133, 0.55758166), (0.534908, 0.5531681), (0.5361096, 0.55751604), (0.53252196, 0.5523931), (0.534908, 0.5531681), (0.53324133, 0.55758166), (0.5378013, 0.5914046), (0.532104, 0.58007777), (0.5379083, 0.57995605), (0.5378013, 0.5914046), (0.53331286, 0.6040849), (0.5324978, 0.5915118), (0.5372745, 0.6040128), (0.5341796, 0.6225719), (0.53331286, 0.6040849), (0.5367854, 0.6225369), (0.5348237, 0.6459514), (0.5341796, 0.6225719), (0.5360704, 0.72352284), (0.5365535, 0.6459413), (0.53801763, 0.7234725), (0.12856218, 0.007364955), (0.23614505, 0.003123193), (0.23614499, 0.0074045006), (0.532104, 0.58007777), (0.53705025, 0.56729424), (0.5379083, 0.57995605), (0.5380197, 0.7672559), (0.53737986, 0.76727086), (0.53709054, 0.76691747), (0.53260964, 0.567392), (0.5361096, 0.55751604), (0.53705025, 0.56729424), (0.5513777, 0.7500144), (0.5504138, 0.7569992), (0.54990536, 0.756695), (0.5495923, 0.76067024), (0.5475073, 0.7672822), (0.54902774, 0.7606016), (0.54347605, 0.7637135), (0.54789007, 0.75915295), (0.54812205, 0.75979424), (0.54789007, 0.75915295), (0.5422938, 0.75777507), (0.5478488, 0.75845075), (0.5504138, 0.7569992), (0.55538356, 0.7535829), (0.5508095, 0.7575022), (0.5501422, 0.7604948), (0.550024, 0.7675855), (0.5495923, 0.76067024), (0.5478488, 0.75845075), (0.5430009, 0.75477666), (0.54800284, 0.7577724), (0.5508095, 0.7575022), (0.5564459, 0.7564179), (0.55104417, 0.75814366), (0.5506095, 0.7600972), (0.5524726, 0.766811), (0.5501422, 0.7604948), (0.54800284, 0.7577724), (0.5444802, 0.7522451), (0.5483328, 0.7571997), (0.55093825, 0.7595243), (0.5545532, 0.76505196), (0.5506095, 0.7600972), (0.5483328, 0.7571997), (0.546544, 0.75048596), (0.54879886, 0.7568019), (0.55108905, 0.7588459), (0.5560109, 0.76252043), (0.55093825, 0.7595243), (0.54879886, 0.7568019), (0.5489303, 0.74971133), (0.54934466, 0.7566266), (0.5485171, 0.7602973), (0.54347605, 0.7637135), (0.54812205, 0.75979424), (0.55104417, 0.75814366), (0.5566671, 0.75952166), (0.55108905, 0.7588459), (0.54934466, 0.7566266), (0.5513777, 0.7500144), (0.54990536, 0.756695), (0.54902774, 0.7606016), (0.54523164, 0.7659373), (0.5485171, 0.7602973), (0.55013186, 0.74536324), (0.5513777, 0.7500144), (0.5489303, 0.74971133), (0.54726326, 0.7452975), (0.55013186, 0.74536324), (0.5489303, 0.74971133), (0.546544, 0.75048596), (0.54726326, 0.7452975), (0.5489303, 0.74971133), (0.54612607, 0.72280145), (0.5518242, 0.71147436), (0.5519311, 0.72292304), (0.5473347, 0.69879407), (0.5518242, 0.71147436), (0.54651976, 0.71136737), (0.5482019, 0.68030715), (0.5512974, 0.6988663), (0.5473347, 0.69879407), (0.5488462, 0.6569277), (0.55080825, 0.6803422), (0.5482019, 0.68030715), (0.5520426, 0.5794068), (0.5488462, 0.6569277), (0.5500941, 0.57935613), (0.5510729, 0.73558486), (0.54612607, 0.72280145), (0.5519311, 0.72292304), (0.5523207, 0.53598994), (0.5520426, 0.5794068), (0.551115, 0.53596175), (0.55013186, 0.74536324), (0.54663146, 0.735487), (0.5510729, 0.73558486), (0.33052972, 0.7950048), (0.32604533, 0.80211127), (0.3260426, 0.7950058), (0.46071982, 0.9175541), (0.45905352, 0.9207806), (0.457469, 0.9199372), (0.5860529, 0.007217125), (0.57953393, 0.0029431442), (0.586051, 0.0029352698), (0.3305265, 0.78798115), (0.3260426, 0.7950058), (0.32603943, 0.78798264), (0.45860747, 0.9148572), (0.457469, 0.9199372), (0.45565274, 0.9190778), (0.010714168, 0.0072247684), (0.0037091319, 0.0029352698), (0.010716135, 0.0029435195), (0.45558417, 0.91291326), (0.45565274, 0.9190778), (0.45361763, 0.91840607), (0.35414085, 0.0073988466), (0.46159658, 0.0030851755), (0.4615983, 0.007367002), (0.45200455, 0.9119228), (0.45361763, 0.91840607), (0.45141402, 0.9180694), (0.54950607, 0.0072617196), (0.5342574, 0.0029982664), (0.54950416, 0.0029801233), (0.33052945, 0.8941878), (0.32603958, 0.90115905), (0.3260423, 0.8941867), (0.44823903, 0.9119855), (0.45141402, 0.9180694), (0.44914088, 0.9181363), (0.33053198, 0.887114), (0.3260423, 0.8941867), (0.32604492, 0.8871132), (0.45586663, 0.92863935), (0.4515033, 0.923551), (0.4537374, 0.9231727), (0.055966135, 0.0072798915), (0.040729906, 0.002980671), (0.055968013, 0.002998584), (0.33053404, 0.8799916), (0.32604492, 0.8871132), (0.32604703, 0.8799909), (0.45232907, 0.92974645), (0.44918588, 0.9235844), (0.4515033, 0.923551), (0.4485678, 0.9298293), (0.4469366, 0.9233538), (0.44918588, 0.9235844), (0.07275947, 0.0072992174), (0.055968013, 0.002998584), (0.07276135, 0.0030180253), (0.4449597, 0.92887515), (0.44486666, 0.9226449), (0.4469366, 0.9233538), (0.5342592, 0.007280007), (0.51744556, 0.0030182274), (0.5342574, 0.0029982664), (0.44188726, 0.9269482), (0.44294637, 0.9217741), (0.44486666, 0.9226449), (0.4397181, 0.9242549), (0.44098005, 0.9210673), (0.44294637, 0.9217741), (0.09741535, 0.007327947), (0.07276135, 0.0030180253), (0.0974172, 0.0030467259), (0.43881285, 0.92110443), (0.44287518, 0.92030835), (0.44098005, 0.9210673), (0.5174475, 0.007299967), (0.49276516, 0.0030476777), (0.51744556, 0.0030182274), (0.4395966, 0.9179219), (0.44482842, 0.91937554), (0.44287518, 0.92030835), (0.44166777, 0.91514665), (0.44692078, 0.9185974), (0.44482842, 0.91937554), (0.04072803, 0.0072619207), (0.023819083, 0.0029597878), (0.040729906, 0.002980671), (0.12856218, 0.007364955), (0.0974172, 0.0030467259), (0.12856397, 0.003083705), (0.4446692, 0.91309685), (0.44914088, 0.9181363), (0.44692078, 0.9185974), (0.49276695, 0.0073294174), (0.46159658, 0.0030851755), (0.49276516, 0.0030476777), (0.33053645, 0.82341623), (0.3260496, 0.8304754), (0.3260494, 0.82341695), (0.5664245, 0.0072410665), (0.54950416, 0.0029801233), (0.5664228, 0.0029592682), (0.3305368, 0.8304746), (0.3260496, 0.8375314), (0.3260496, 0.8304754), (0.29395124, 0.007410558), (0.23614505, 0.003123193), (0.29395142, 0.0031290483), (0.3305368, 0.83753103), (0.32604966, 0.8445902), (0.3260496, 0.8375314), (0.35414085, 0.0073988466), (0.2963226, 0.0031294525), (0.35414037, 0.0031170202), (0.3305368, 0.8445904), (0.32604966, 0.85165054), (0.32604966, 0.8445902), (0.29632285, 0.0074111056), (0.29565838, 0.0031294525), (0.2963226, 0.0031294525), (0.33053696, 0.8516509), (0.3260495, 0.8587129), (0.32604966, 0.85165054), (0.29565886, 0.0074109044), (0.2946171, 0.0031290483), (0.29565838, 0.0031294525), (0.33053675, 0.85871327), (0.32604918, 0.86578315), (0.3260495, 0.8587129), (0.29461703, 0.0074107023), (0.29395142, 0.0031290483), (0.2946171, 0.0031290483), (0.3305364, 0.86578393), (0.32604837, 0.8728737), (0.32604918, 0.86578315), (0.33053565, 0.8728745), (0.32604703, 0.8799909), (0.32604837, 0.8728737), (0.57953596, 0.0072249714), (0.5664228, 0.0029592682), (0.57953393, 0.0029431442), (0.33053598, 0.81634235), (0.3260494, 0.82341695), (0.32604864, 0.8163435), (0.4588162, 0.92661357), (0.4537374, 0.9231727), (0.45577696, 0.9224979), (0.023817116, 0.0072410665), (0.010716135, 0.0029435195), (0.023819083, 0.0029597878), (0.33053452, 0.80923826), (0.32604864, 0.8163435), (0.32604733, 0.8092394), (0.46083146, 0.9238665), (0.45577696, 0.9224979), (0.45755228, 0.9216432), (0.33053243, 0.80211043), (0.32604733, 0.8092394), (0.32604533, 0.80211127), (0.46157575, 0.920701), (0.45755228, 0.9216432), (0.45905352, 0.9207806), (0.5363917, 0.54588), (0.5395976, 0.55152), (0.5373553, 0.552865), (0.5334855, 0.5355972), (0.53600174, 0.5352937), (0.53557026, 0.542209), (0.533868, 0.5437262), (0.5284343, 0.54200065), (0.5294542, 0.5391658), (0.52827215, 0.5451041), (0.5284343, 0.54200065), (0.533868, 0.5437262), (0.5413611, 0.54929644), (0.5395976, 0.55152), (0.5363917, 0.54588), (0.53600174, 0.5352937), (0.53845024, 0.5360683), (0.53612, 0.54238415), (0.5289793, 0.5481024), (0.52827215, 0.5451041), (0.5338267, 0.54442847), (0.54242325, 0.54646146), (0.5413611, 0.54929644), (0.53678715, 0.5453767), (0.53845024, 0.5360683), (0.54053086, 0.5378273), (0.53658724, 0.5427824), (0.53045845, 0.55063397), (0.5289793, 0.5481024), (0.53398055, 0.54510677), (0.54053086, 0.5378273), (0.5419884, 0.5403587), (0.5369159, 0.5433551), (0.53252196, 0.5523931), (0.53045845, 0.55063397), (0.5343108, 0.54567933), (0.5419884, 0.5403587), (0.5426446, 0.5433575), (0.5370667, 0.54403335), (0.534908, 0.5531681), (0.53252196, 0.5523931), (0.5347766, 0.54607743), (0.5294542, 0.5391658), (0.5312097, 0.53694195), (0.5344949, 0.5425817), (0.5426446, 0.5433575), (0.54242325, 0.54646146), (0.537022, 0.5447354), (0.5373553, 0.552865), (0.534908, 0.5531681), (0.5353226, 0.54625255), (0.5312097, 0.53694195), (0.5334855, 0.5355972), (0.5350055, 0.54227763), (0.5378013, 0.5914046), (0.5324978, 0.5915118), (0.532104, 0.58007777), (0.5378013, 0.5914046), (0.5372745, 0.6040128), (0.53331286, 0.6040849), (0.5372745, 0.6040128), (0.5367854, 0.6225369), (0.5341796, 0.6225719), (0.5367854, 0.6225369), (0.5365535, 0.6459413), (0.5348237, 0.6459514), (0.5360704, 0.72352284), (0.5348237, 0.6459514), (0.5365535, 0.6459413), (0.12856218, 0.007364955), (0.12856397, 0.003083705), (0.23614505, 0.003123193), (0.532104, 0.58007777), (0.53260964, 0.567392), (0.53705025, 0.56729424), (0.53709054, 0.76691747), (0.5360704, 0.72352284), (0.53801763, 0.7234725), (0.53801763, 0.7234725), (0.53829604, 0.76688904), (0.53709054, 0.76691747), (0.53829604, 0.76688904), (0.5380197, 0.7672559), (0.53709054, 0.76691747), (0.53260964, 0.567392), (0.53324133, 0.55758166), (0.5361096, 0.55751604), (0.5513777, 0.7500144), (0.5536203, 0.75135916), (0.5504138, 0.7569992), (0.5495923, 0.76067024), (0.550024, 0.7675855), (0.5475073, 0.7672822), (0.54347605, 0.7637135), (0.542456, 0.7608787), (0.54789007, 0.75915295), (0.54789007, 0.75915295), (0.542456, 0.7608787), (0.5422938, 0.75777507), (0.5504138, 0.7569992), (0.5536203, 0.75135916), (0.55538356, 0.7535829), (0.5501422, 0.7604948), (0.5524726, 0.766811), (0.550024, 0.7675855), (0.5478488, 0.75845075), (0.5422938, 0.75777507), (0.5430009, 0.75477666), (0.5508095, 0.7575022), (0.55538356, 0.7535829), (0.5564459, 0.7564179), (0.5506095, 0.7600972), (0.5545532, 0.76505196), (0.5524726, 0.766811), (0.54800284, 0.7577724), (0.5430009, 0.75477666), (0.5444802, 0.7522451), (0.55093825, 0.7595243), (0.5560109, 0.76252043), (0.5545532, 0.76505196), (0.5483328, 0.7571997), (0.5444802, 0.7522451), (0.546544, 0.75048596), (0.55108905, 0.7588459), (0.5566671, 0.75952166), (0.5560109, 0.76252043), (0.54879886, 0.7568019), (0.546544, 0.75048596), (0.5489303, 0.74971133), (0.5485171, 0.7602973), (0.54523164, 0.7659373), (0.54347605, 0.7637135), (0.55104417, 0.75814366), (0.5564459, 0.7564179), (0.5566671, 0.75952166), (0.54934466, 0.7566266), (0.5489303, 0.74971133), (0.5513777, 0.7500144), (0.54902774, 0.7606016), (0.5475073, 0.7672822), (0.54523164, 0.7659373), (0.54612607, 0.72280145), (0.54651976, 0.71136737), (0.5518242, 0.71147436), (0.5473347, 0.69879407), (0.5512974, 0.6988663), (0.5518242, 0.71147436), (0.5482019, 0.68030715), (0.55080825, 0.6803422), (0.5512974, 0.6988663), (0.5488462, 0.6569277), (0.5505768, 0.65693796), (0.55080825, 0.6803422), (0.5520426, 0.5794068), (0.5505768, 0.65693796), (0.5488462, 0.6569277), (0.5510729, 0.73558486), (0.54663146, 0.735487), (0.54612607, 0.72280145), (0.5520426, 0.5794068), (0.5500941, 0.57935613), (0.551115, 0.53596175), (0.551115, 0.53596175), (0.5514043, 0.53560805), (0.5520443, 0.5356231), (0.5520443, 0.5356231), (0.5523207, 0.53598994), (0.551115, 0.53596175), (0.55013186, 0.74536324), (0.54726326, 0.7452975), (0.54663146, 0.735487), (0.33052972, 0.7950048), (0.33053243, 0.80211043), (0.32604533, 0.80211127), (0.46071982, 0.9175541), (0.46157575, 0.920701), (0.45905352, 0.9207806), (0.5860529, 0.007217125), (0.57953596, 0.0072249714), (0.57953393, 0.0029431442), (0.3305265, 0.78798115), (0.33052972, 0.7950048), (0.3260426, 0.7950058), (0.45860747, 0.9148572), (0.46071982, 0.9175541), (0.457469, 0.9199372), (0.010714168, 0.0072247684), (0.003707165, 0.0072166063), (0.0037091319, 0.0029352698), (0.45558417, 0.91291326), (0.45860747, 0.9148572), (0.45565274, 0.9190778), (0.35414085, 0.0073988466), (0.35414037, 0.0031170202), (0.46159658, 0.0030851755), (0.45200455, 0.9119228), (0.45558417, 0.91291326), (0.45361763, 0.91840607), (0.54950607, 0.0072617196), (0.5342592, 0.007280007), (0.5342574, 0.0029982664), (0.33052945, 0.8941878), (0.33052662, 0.90116054), (0.32603958, 0.90115905), (0.44823903, 0.9119855), (0.45200455, 0.9119228), (0.45141402, 0.9180694), (0.33053198, 0.887114), (0.33052945, 0.8941878), (0.3260423, 0.8941867), (0.45586663, 0.92863935), (0.45232907, 0.92974645), (0.4515033, 0.923551), (0.055966135, 0.0072798915), (0.04072803, 0.0072619207), (0.040729906, 0.002980671), (0.33053404, 0.8799916), (0.33053198, 0.887114), (0.32604492, 0.8871132), (0.45232907, 0.92974645), (0.4485678, 0.9298293), (0.44918588, 0.9235844), (0.4485678, 0.9298293), (0.4449597, 0.92887515), (0.4469366, 0.9233538), (0.07275947, 0.0072992174), (0.055966135, 0.0072798915), (0.055968013, 0.002998584), (0.4449597, 0.92887515), (0.44188726, 0.9269482), (0.44486666, 0.9226449), (0.5342592, 0.007280007), (0.5174475, 0.007299967), (0.51744556, 0.0030182274), (0.44188726, 0.9269482), (0.4397181, 0.9242549), (0.44294637, 0.9217741), (0.4397181, 0.9242549), (0.43881285, 0.92110443), (0.44098005, 0.9210673), (0.09741535, 0.007327947), (0.07275947, 0.0072992174), (0.07276135, 0.0030180253), (0.43881285, 0.92110443), (0.4395966, 0.9179219), (0.44287518, 0.92030835), (0.5174475, 0.007299967), (0.49276695, 0.0073294174), (0.49276516, 0.0030476777), (0.4395966, 0.9179219), (0.44166777, 0.91514665), (0.44482842, 0.91937554), (0.44166777, 0.91514665), (0.4446692, 0.91309685), (0.44692078, 0.9185974), (0.04072803, 0.0072619207), (0.023817116, 0.0072410665), (0.023819083, 0.0029597878), (0.12856218, 0.007364955), (0.09741535, 0.007327947), (0.0974172, 0.0030467259), (0.4446692, 0.91309685), (0.44823903, 0.9119855), (0.44914088, 0.9181363), (0.49276695, 0.0073294174), (0.4615983, 0.007367002), (0.46159658, 0.0030851755), (0.33053645, 0.82341623), (0.3305368, 0.8304746), (0.3260496, 0.8304754), (0.5664245, 0.0072410665), (0.54950607, 0.0072617196), (0.54950416, 0.0029801233), (0.3305368, 0.8304746), (0.3305368, 0.83753103), (0.3260496, 0.8375314), (0.29395124, 0.007410558), (0.23614499, 0.0074045006), (0.23614505, 0.003123193), (0.3305368, 0.83753103), (0.3305368, 0.8445904), (0.32604966, 0.8445902), (0.35414085, 0.0073988466), (0.29632285, 0.0074111056), (0.2963226, 0.0031294525), (0.3305368, 0.8445904), (0.33053696, 0.8516509), (0.32604966, 0.85165054), (0.29632285, 0.0074111056), (0.29565886, 0.0074109044), (0.29565838, 0.0031294525), (0.33053696, 0.8516509), (0.33053675, 0.85871327), (0.3260495, 0.8587129), (0.29565886, 0.0074109044), (0.29461703, 0.0074107023), (0.2946171, 0.0031290483), (0.33053675, 0.85871327), (0.3305364, 0.86578393), (0.32604918, 0.86578315), (0.29461703, 0.0074107023), (0.29395124, 0.007410558), (0.29395142, 0.0031290483), (0.3305364, 0.86578393), (0.33053565, 0.8728745), (0.32604837, 0.8728737), (0.33053565, 0.8728745), (0.33053404, 0.8799916), (0.32604703, 0.8799909), (0.57953596, 0.0072249714), (0.5664245, 0.0072410665), (0.5664228, 0.0029592682), (0.33053598, 0.81634235), (0.33053645, 0.82341623), (0.3260494, 0.82341695), (0.4588162, 0.92661357), (0.45586663, 0.92863935), (0.4537374, 0.9231727), (0.023817116, 0.0072410665), (0.010714168, 0.0072247684), (0.010716135, 0.0029435195), (0.33053452, 0.80923826), (0.33053598, 0.81634235), (0.32604864, 0.8163435), (0.46083146, 0.9238665), (0.4588162, 0.92661357), (0.45577696, 0.9224979), (0.33053243, 0.80211043), (0.33053452, 0.80923826), (0.32604733, 0.8092394), (0.46157575, 0.920701), (0.46083146, 0.9238665), (0.45755228, 0.9216432)] (
                        interpolation = "faceVarying"
                    )
                    uniform token subdivisionScheme = "none"
                    custom string userProperties:blender:data_name = "Hand 01"
                }
            }

            def Xform "Hand_02"
            {
                custom string userProperties:blender:object_name = "Hand 02"
                float3 xformOp:rotateXYZ = (0, 0, -8.14222e-13)
                float3 xformOp:scale = (1, 1, 1)
                double3 xformOp:translate = (-1.862645149230957e-9, -0.03870977833867073, 0.11115016043186188)
                uniform token[] xformOpOrder = ["xformOp:translate", "xformOp:rotateXYZ", "xformOp:scale"]

                def Mesh "Hand_02" (
                    active = true
                    prepend apiSchemas = ["MaterialBindingAPI"]
                )
                {
                    uniform bool doubleSided = 1
                    float3[] extent = [(-0.0024161378, 0.0023202933, -0.0024295002), (0.016235221, 0.0026136078, 0.039448917)]
                    int[] faceVertexCounts = [3, 3, 3, 3, 3, 3, 3, 3, 3, 3, 3, 3, 3, 3, 3, 3, 3, 3, 3, 3, 3, 3, 3, 3, 3, 3, 3, 3, 3, 3, 3, 3, 3, 3, 3, 3, 3, 3, 3, 3, 3, 3, 3, 3, 3, 3, 3, 3, 3, 3, 3, 3, 3, 3, 3, 3, 3, 3, 3, 3, 3, 3, 3, 3, 3, 3, 3, 3, 3, 3, 3, 3, 3, 3, 3, 3, 3, 3, 3, 3, 3, 3, 3, 3, 3, 3, 3, 3, 3, 3, 3, 3, 3, 3, 3, 3, 3, 3, 3, 3, 3, 3, 3, 3, 3, 3, 3, 3, 3, 3, 3, 3, 3, 3, 3, 3, 3, 3, 3, 3, 3, 3, 3, 3, 3, 3, 3, 3, 3, 3, 3, 3, 3, 3, 3, 3, 3, 3, 3, 3, 3, 3, 3, 3, 3, 3, 3, 3, 3, 3, 3, 3, 3, 3, 3, 3, 3, 3, 3, 3, 3, 3, 3, 3, 3, 3, 3, 3, 3, 3, 3, 3, 3, 3, 3, 3, 3, 3, 3, 3, 3, 3, 3, 3, 3, 3, 3, 3, 3, 3, 3, 3, 3, 3, 3, 3, 3, 3, 3, 3, 3, 3, 3, 3, 3, 3, 3, 3, 3, 3, 3, 3, 3, 3, 3, 3, 3, 3, 3, 3, 3, 3, 3, 3]
                    int[] faceVertexIndices = [16, 33, 15, 20, 3, 2, 9, 18, 0, 28, 9, 10, 35, 16, 17, 21, 4, 3, 29, 10, 11, 26, 17, 8, 22, 5, 4, 30, 11, 12, 23, 6, 5, 31, 12, 13, 24, 7, 6, 32, 13, 14, 18, 1, 0, 25, 8, 7, 33, 14, 15, 19, 2, 1, 55, 32, 33, 54, 32, 55, 31, 32, 54, 37, 49, 36, 36, 39, 37, 38, 41, 39, 40, 43, 41, 42, 45, 43, 45, 105, 103, 46, 45, 44, 51, 53, 52, 48, 55, 49, 89, 72, 71, 59, 76, 58, 75, 65, 57, 65, 84, 66, 72, 91, 73, 60, 77, 59, 66, 85, 67, 73, 82, 64, 61, 78, 60, 67, 86, 68, 62, 79, 61, 68, 87, 69, 63, 80, 62, 69, 88, 70, 56, 75, 57, 64, 81, 63, 70, 89, 71, 58, 74, 56, 93, 89, 88, 92, 93, 88, 87, 92, 88, 97, 94, 95, 99, 96, 97, 101, 98, 99, 103, 100, 101, 102, 46, 44, 109, 104, 108, 93, 106, 107, 86, 29, 30, 60, 3, 4, 89, 55, 33, 87, 30, 31, 61, 4, 5, 92, 31, 54, 62, 5, 6, 63, 6, 7, 107, 36, 49, 90, 33, 34, 64, 7, 8, 91, 34, 35, 57, 9, 0, 106, 37, 95, 82, 35, 26, 65, 10, 9, 66, 11, 10, 105, 102, 103, 67, 12, 11, 107, 95, 94, 68, 13, 12, 69, 14, 13, 97, 37, 39, 70, 15, 14, 94, 38, 36, 71, 16, 15, 72, 17, 16, 99, 39, 41, 73, 8, 17, 96, 40, 38, 75, 19, 18, 74, 20, 19, 108, 47, 52, 76, 21, 20, 104, 50, 46, 77, 22, 21, 109, 51, 50, 78, 23, 22, 110, 53, 51, 101, 41, 43, 79, 24, 23, 111, 52, 53, 98, 42, 40, 80, 25, 24, 81, 26, 25, 93, 49, 55, 103, 43, 45, 83, 18, 27, 56, 0, 1, 106, 54, 48, 100, 44, 42, 84, 27, 28, 58, 1, 2, 85, 28, 29, 59, 2, 3, 16, 34, 33, 20, 21, 3, 9, 27, 18, 28, 27, 9, 35, 34, 16, 21, 22, 4, 29, 28, 10, 26, 35, 17, 22, 23, 5, 30, 29, 11, 23, 24, 6, 31, 30, 12, 24, 25, 7, 32, 31, 13, 18, 19, 1, 25, 26, 8, 33, 32, 14, 19, 20, 2, 37, 48, 49, 36, 38, 39, 38, 40, 41, 40, 42, 43, 42, 44, 45, 45, 47, 105, 46, 47, 45, 52, 47, 46, 46, 50, 52, 50, 51, 52, 48, 54, 55, 89, 90, 72, 59, 77, 76, 75, 83, 65, 65, 83, 84, 72, 90, 91, 60, 78, 77, 66, 84, 85, 73, 91, 82, 61, 79, 78, 67, 85, 86, 62, 80, 79, 68, 86, 87, 63, 81, 80, 69, 87, 88, 56, 74, 75, 64, 82, 81, 70, 88, 89, 58, 76, 74, 97, 96, 94, 99, 98, 96, 101, 100, 98, 103, 102, 100, 102, 104, 46, 104, 105, 108, 108, 111, 110, 110, 109, 108, 93, 92, 106, 86, 85, 29, 60, 59, 3, 89, 93, 55, 87, 86, 30, 61, 60, 4, 92, 87, 31, 62, 61, 5, 63, 62, 6, 107, 94, 36, 90, 89, 33, 64, 63, 7, 91, 90, 34, 57, 65, 9, 106, 48, 37, 82, 91, 35, 65, 66, 10, 66, 67, 11, 105, 104, 102, 67, 68, 12, 107, 106, 95, 68, 69, 13, 69, 70, 14, 97, 95, 37, 70, 71, 15, 94, 96, 38, 71, 72, 16, 72, 73, 17, 99, 97, 39, 73, 64, 8, 96, 98, 40, 75, 74, 19, 74, 76, 20, 108, 105, 47, 76, 77, 21, 104, 109, 50, 77, 78, 22, 109, 110, 51, 78, 79, 23, 110, 111, 53, 101, 99, 41, 79, 80, 24, 111, 108, 52, 98, 100, 42, 80, 81, 25, 81, 82, 26, 93, 107, 49, 103, 101, 43, 83, 75, 18, 56, 57, 0, 106, 92, 54, 100, 102, 44, 84, 83, 27, 58, 56, 1, 85, 84, 28, 59, 58, 2]
                    rel material:binding = </root/_materials/Antique_Rustic_Mantel_Clock>
                    normal3f[] normals = [(0, -1, 0.0000010735861), (0, -1, 6.7742036e-8), (0, -1, -5.6123883e-7), (0, -1, 2.058742e-7), (0, -1, 2.8353116e-7), (0, -1, -9.4146833e-7), (0, -1, 0.0000010142923), (0, -1, -2.10671e-8), (0, -1, 8.417891e-7), (0, -1, 1.1246429e-8), (0, -1, 0.0000010142923), (0, -1, -1.3781325e-7), (0, -1, -1.8900383e-7), (0, -1, 0.0000010735861), (0, -1, 0.0000017714796), (0, -1, -7.254841e-8), (0, -1, 2.6836392e-7), (0, -1, 2.8353116e-7), (0, -1, 1.1699829e-7), (0, -1, -1.3781325e-7), (0, -1, -6.0226216e-7), (0, -1, -2.3189583e-7), (0, -1, 0.0000017714796), (0, -1, 3.0260603e-7), (0, -1, -1.0936156e-7), (0, -1, -7.8221184e-8), (0, -1, 2.6836392e-7), (0, -1, 1.1243776e-7), (0, -1, -6.0226216e-7), (0, -1, -3.8034844e-7), (0, -1, -7.255285e-8), (0, -1, -1.6034313e-7), (0, -1, -7.8221184e-8), (0, -1, -2.522077e-8), (0, -1, -3.8034844e-7), (0, -1, -2.1803554e-7), (0, -1, -1.1246368e-8), (0, -1, -4.399834e-7), (0, -1, -1.6034313e-7), (0, -1, 5.1991535e-8), (0, -1, -2.1803554e-7), (0, -1, -5.4068425e-7), (0, -1, -2.10671e-8), (0, -1, -0.0000013330765), (0, -1, 8.417891e-7), (0, -1, -2.249287e-8), (0, -1, 3.0260603e-7), (0, -1, -4.399834e-7), (0, -1, 6.7742036e-8), (0, -1, -5.4068425e-7), (0, -1, -5.6123883e-7), (0, -1, 3.418522e-7), (0, -1, -9.4146833e-7), (0, -1, -0.0000013330765), (0, -1, 5.6122207e-8), (0, -1, 5.1991535e-8), (0, -1, 6.7742036e-8), (0, -1, 1.1088582e-7), (0, -1, 5.1991535e-8), (0, -1, 5.6122207e-8), (0, -1, -2.522077e-8), (0, -1, 5.1991535e-8), (0, -1, 1.1088582e-7), (0, -1, -4.9904654e-9), (0, -1, 4.275003e-8), (0, -1, 5.93036e-9), (0, -1, 5.93036e-9), (0, -1, -7.11413e-8), (0, -1, -4.9904654e-9), (0, -1, -4.2310393e-8), (0, -1, -4.963317e-7), (0, -1, -7.11413e-8), (0, -1, -2.2795147e-8), (0.0000028070087, -1, 0.0000066595867), (0, -1, -4.963317e-7), (-4.8251155e-7, -1, 0.000002429897), (5.703899e-8, -1, 0.0000032765513), (0.0000028070087, -1, 0.0000066595867), (-0.8576754, 0, 0.5141916), (-0.85871714, -0.0000058785427, 0.5124498), (-0.85768056, 9.3520964e-7, 0.5141829), (-2.2898722e-7, -1, 1.9855732e-7), (5.703899e-8, -1, 0.0000032765513), (-0.0000012692453, -1, 0.0000016304331), (0, -1, -3.0888856e-7), (0, -1, -0.0000025625125), (0, -1, -6.2644585e-7), (0, -1, 6.5215055e-8), (0, -1, 5.6122207e-8), (0, -1, 4.275003e-8), (0, 1, -4.3826766e-8), (0, 1, 2.7960587e-7), (0, 1, 0.0000010422744), (0, 1, 0), (0, 1, -1.4510441e-7), (0, 1, -3.716363e-8), (0, 1, -6.113383e-8), (0, 1, 4.0634694e-7), (0, 1, 5.712356e-7), (0, 1, 4.0634694e-7), (0, 1, -1.4001638e-7), (0, 1, -1.8582243e-8), (0, 1, 2.7960587e-7), (0, 1, -2.216444e-7), (0, 1, 9.147394e-7), (0, 1, 3.71637e-8), (0, 1, 1.3492257e-7), (0, 1, 0), (0, 1, -1.8582243e-8), (0, 1, -1.400174e-7), (0, 1, -1.8581929e-8), (0, 1, 9.147394e-7), (0, 1, -2.3478034e-7), (0, 1, 0.0000012363337), (0, 1, -3.716508e-8), (0, 1, 1.01858415e-8), (0, 1, 3.71637e-8), (0, 1, -1.8581929e-8), (0, 1, -6.7465365e-8), (0, 1, 0), (0, 1, 0), (0, 1, -1.451057e-7), (0, 1, -3.716508e-8), (0, 1, 0), (0, 1, 4.2481215e-8), (0, 1, 3.7165027e-8), (0, 1, 1.8582028e-8), (0, 1, 6.745922e-8), (0, 1, 0), (0, 1, 3.7165027e-8), (0, 1, -1.1787403e-9), (0, 1, 4.3997116e-7), (0, 1, -2.787319e-8), (0, 1, -6.113383e-8), (0, 1, 5.712356e-7), (0, 1, 0.0000012363337), (0, 1, -9.6112494e-8), (0, 1, 1.8582028e-8), (0, 1, 4.3997116e-7), (0, 1, -4.3826766e-8), (0, 1, 0.0000010422744), (0, 1, -3.716363e-8), (0, 1, -2.437555e-7), (0, 1, -2.787319e-8), (0, 1, 1.05406905e-7), (0, 1, -4.3826766e-8), (0, 1, -1.1787403e-9), (0, 1, 4.0652903e-8), (0, 1, 1.05406905e-7), (0, 1, -1.1787403e-9), (0, 1, 4.2481215e-8), (0, 1, 4.0652903e-8), (0, 1, -1.1787403e-9), (0, 1, 8.657087e-8), (-2.0701756e-7, 1, -4.7505696e-7), (-2.0700418e-7, 1, -4.5337057e-7), (0, 1, 2.1505032e-7), (0, 1, 3.6746087e-8), (0, 1, 8.657087e-8), (-9.356695e-7, 1, -0.0000023696073), (0, 1, -2.0940553e-7), (0, 1, 2.1505032e-7), (4.59593e-9, 1, -0.0000011185417), (1.6083717e-7, 1, -8.120177e-7), (-9.356695e-7, 1, -0.0000023696073), (0.9605519, 1.3000978e-7, -0.27810064), (0.9666054, 8.688805e-9, -0.25626937), (0.9605391, -0.00034547, -0.2781447), (0, 1, 0), (-6.645027e-8, 1, -1.581371e-7), (0, 1, -0.000001040679), (0, 1, 1.05406905e-7), (-2.0967231e-7, 1, -5.672235e-7), (-2.0966175e-7, 1, -5.557504e-7), (-0.39376187, 0, 0.9192125), (-0.6844101, 0, 0.72909737), (-0.3937703, 0, 0.9192088), (-0.055635586, 0, 0.9984511), (0.28921646, 0, 0.95726377), (-0.055637177, 0, 0.99845105), (0.9662432, -0.00012259027, 0.25763124), (0.9407443, 0, -0.33911684), (0.9662512, 0, 0.25760168), (-0.6747621, 0, 0.73803526), (-0.3937703, 0, 0.9192088), (-0.6747482, 0.000089331545, 0.7380481), (-0.39376897, 0, 0.9192095), (-0.055637177, 0, 0.99845105), (-0.39377037, 0, 0.9192088), (-0.93325007, 0, 0.3592273), (-0.6747482, 0.000089331545, 0.7380481), (-0.9332457, -0.0000137617835, 0.35923865), (-0.6843929, 0, 0.72911334), (-0.39377037, 0, 0.9192088), (-0.6843944, 0, 0.729112), (-0.89249784, 0, 0.45105177), (-0.6843944, 0, 0.729112), (-0.8924988, 0, 0.45104995), (0.9132945, 3.0143543e-8, -0.40729997), (0.93427366, 0, -0.35655677), (0.9132934, -2.4685995e-9, -0.40730205), (0.8368707, 0, 0.5474007), (0.9662512, 0, 0.25760168), (0.8368656, 0, 0.54740846), (-0.99294263, 0, 0.118595265), (-0.8924988, 0, 0.45104995), (-0.99294287, 0, 0.11859354), (0.9736237, 0, 0.22815955), (0.8368656, 0, 0.54740846), (0.97362167, 0, 0.2281686), (0.9736215, 0, 0.22816922), (0.99294126, 0, -0.118607655), (0.973621, 0, 0.22817095), (-0.93688846, 2.4688134e-9, 0.34962875), (-0.9162939, -1.4198054e-9, 0.40050647), (-0.91629183, -1.7314258e-8, 0.40051135), (0.99294233, 0, -0.11859838), (0.97362167, 0, 0.2281686), (0.9929434, 0, -0.118589185), (0.9929409, 0, -0.11860938), (0.8924993, 0, -0.45104858), (0.99294126, 0, -0.118607655), (0.89249855, 0, -0.4510501), (0.6844163, 0, -0.72909147), (0.8924993, 0, -0.45104858), (3.1033633e-8, 1, -1.733252e-7), (4.1417195e-7, 1, -4.9122485e-7), (4.59593e-9, 1, -0.0000011185417), (0.6844152, 0, -0.72909254), (0.39374837, 0, -0.91921824), (0.6844163, 0, -0.72909147), (-2.0966175e-7, 1, -5.557504e-7), (-2.0700418e-7, 1, -4.5337057e-7), (-2.0701756e-7, 1, -4.7505696e-7), (0.3937473, 1.4744367e-7, -0.9192188), (0.055637594, -3.4858612e-8, -0.998451), (0.39374837, 0, -0.91921824), (0.055636637, 1.8884386e-7, -0.99845105), (-0.28919744, -7.626388e-8, -0.9572695), (0.055637594, -3.4858612e-8, -0.998451), (-0.9003624, 0, 0.4351409), (-0.9162939, -1.4198054e-9, 0.40050647), (-0.9003418, 0.0000014014288, 0.43518353), (-0.2891991, 0, -0.95726895), (-0.59918237, 0, -0.8006125), (-0.28919744, -7.626388e-8, -0.9572695), (0.9342741, 1.4180215e-9, -0.35655582), (0.9471789, 0, -0.32070577), (0.93427366, 0, -0.35655677), (-0.599184, 0, -0.8006113), (-0.8368671, 0, -0.54740614), (-0.59918237, 0, -0.8006125), (-0.83686817, 0, -0.5474045), (-0.97362125, 0, -0.22817001), (-0.8368671, 0, -0.54740614), (-0.90702266, 0, 0.4210819), (-0.9003418, 0.0000014014288, 0.43518353), (-0.90702254, 0, 0.42108193), (-0.97362167, 0, -0.2281683), (-0.99294287, 0, 0.11859354), (-0.97362125, 0, -0.22817001), (0.94717884, 5.34864e-7, -0.32070595), (0.9420746, 0, -0.33540344), (0.9471789, 0, -0.32070577), (-0.9736229, 0, -0.22816338), (-0.8368656, 0, -0.54740834), (-0.9736208, 0, -0.22817238), (-0.83687085, 0, -0.54740053), (-0.59917593, 0, -0.80061734), (-0.8368656, 0, -0.54740834), (-0.9136856, 0, 0.40642148), (-0.8587179, 0, 0.5124485), (-0.91362447, -0.0003578727, 0.40655902), (-0.5991835, -4.9522978e-8, -0.8006117), (-0.28921005, -2.4156654e-7, -0.9572656), (-0.59917593, 0, -0.80061734), (0.96660507, 0, -0.25627065), (0.9365886, 0, -0.3504307), (0.9666054, 8.688805e-9, -0.25626937), (-0.2892193, -2.787194e-7, -0.95726293), (0.05563843, -1.2379641e-8, -0.998451), (-0.28921005, -2.4156654e-7, -0.9572656), (0.93658185, 0.00014311273, -0.350449), (0.6247288, 8.310097e-7, 0.7808418), (0.9365886, 0, -0.3504307), (0.05562917, 0, -0.9984515), (0.3937653, 0, -0.919211), (0.05563843, -1.2379641e-8, -0.998451), (0.6247905, 0, 0.7807925), (0.10166841, 0, 0.9948183), (0.6247288, 8.310097e-7, 0.7808418), (-0.8552069, 0, -0.51828665), (-0.71374416, 0, -0.70040655), (-0.85520566, -8.5167756e-8, -0.5182888), (0.39375675, 0, -0.9192146), (0.6844068, 0, -0.7291003), (0.3937653, 0, -0.919211), (0.10158229, 8.369204e-9, 0.99482715), (-0.91362447, -0.0003578727, 0.40655902), (0.10166841, 0, 0.9948183), (0.018170333, 0, -0.99983495), (0.22259144, 0, -0.97491175), (0.018170329, 0, -0.99983495), (0.6844001, 0, -0.72910666), (0.89250183, 0, -0.45104378), (0.6844068, 0, -0.7291003), (0.89249766, 0, -0.451052), (0.9929434, 0, -0.118589185), (0.89250183, 0, -0.45104378), (0.9407472, 6.1482055e-9, -0.33910865), (0.9132934, -2.4685995e-9, -0.40730205), (0.9407443, 0, -0.33911684), (-0.85768056, 9.3520964e-7, 0.5141829), (-0.85520566, -8.5167756e-8, -0.5182888), (-0.8576754, 0, 0.5141916), (-0.99294233, 0, 0.11859801), (-0.9736208, 0, -0.22817238), (-0.9929435, 0, 0.1185888), (0.83687603, 0, 0.54739237), (0.973621, 0, 0.22817095), (0.8368751, 0, 0.547394), (-0.93688846, 2.4688134e-9, 0.34962875), (-0.9332457, -0.0000137617835, 0.35923865), (-0.93688446, 0, 0.3496393), (0.22258937, 0.0000041959693, -0.97491235), (0.9605391, -0.00034547, -0.2781447), (0.22259144, 0, -0.97491175), (-0.89249665, 0, 0.45105407), (-0.9929435, 0, 0.1185888), (-0.8925008, 0, 0.45104578), (0.5991811, 0, 0.8006135), (0.8368751, 0, 0.547394), (0.59917974, 0, 0.8006146), (-0.6844033, 0, 0.72910357), (-0.8925008, 0, 0.45104578), (-0.6844101, 0, 0.72909737), (0.289218, 0, 0.9572633), (0.59917974, 0, 0.8006146), (0.28921646, 0, 0.95726377), (0, -1, 0.0000010735861), (0, -1, 0), (0, -1, 6.7742036e-8), (0, -1, 2.058742e-7), (0, -1, -7.254841e-8), (0, -1, 2.8353116e-7), (0, -1, 0.0000010142923), (0, -1, -2.312671e-7), (0, -1, -2.10671e-8), (0, -1, 1.1246429e-8), (0, -1, -2.312671e-7), (0, -1, 0.0000010142923), (0, -1, -1.8900383e-7), (0, -1, 0), (0, -1, 0.0000010735861), (0, -1, -7.254841e-8), (0, -1, -1.0936156e-7), (0, -1, 2.6836392e-7), (0, -1, 1.1699829e-7), (0, -1, 1.1246429e-8), (0, -1, -1.3781325e-7), (0, -1, -2.3189583e-7), (0, -1, -1.8900383e-7), (0, -1, 0.0000017714796), (0, -1, -1.0936156e-7), (0, -1, -7.255285e-8), (0, -1, -7.8221184e-8), (0, -1, 1.1243776e-7), (0, -1, 1.1699829e-7), (0, -1, -6.0226216e-7), (0, -1, -7.255285e-8), (0, -1, -1.1246368e-8), (0, -1, -1.6034313e-7), (0, -1, -2.522077e-8), (0, -1, 1.1243776e-7), (0, -1, -3.8034844e-7), (0, -1, -1.1246368e-8), (0, -1, -2.249287e-8), (0, -1, -4.399834e-7), (0, -1, 5.1991535e-8), (0, -1, -2.522077e-8), (0, -1, -2.1803554e-7), (0, -1, -2.10671e-8), (0, -1, 3.418522e-7), (0, -1, -0.0000013330765), (0, -1, -2.249287e-8), (0, -1, -2.3189583e-7), (0, -1, 3.0260603e-7), (0, -1, 6.7742036e-8), (0, -1, 5.1991535e-8), (0, -1, -5.4068425e-7), (0, -1, 3.418522e-7), (0, -1, 2.058742e-7), (0, -1, -9.4146833e-7), (0, -1, -4.9904654e-9), (0, -1, 6.5215055e-8), (0, -1, 4.275003e-8), (0, -1, 5.93036e-9), (0, -1, -4.2310393e-8), (0, -1, -7.11413e-8), (0, -1, -4.2310393e-8), (0, -1, -2.2795147e-8), (0, -1, -4.963317e-7), (0, -1, -2.2795147e-8), (-4.8251155e-7, -1, 0.000002429897), (0.0000028070087, -1, 0.0000066595867), (-4.8251155e-7, -1, 0.000002429897), (-0.0000012692453, -1, 0.0000016304331), (5.703899e-8, -1, 0.0000032765513), (-0.8576754, 0, 0.5141916), (-0.8587179, 0, 0.5124485), (-0.85871714, -0.0000058785427, 0.5124498), (-2.2898722e-7, -1, 1.9855732e-7), (0, -1, 0), (5.703899e-8, -1, 0.0000032765513), (0, -1, -6.2644585e-7), (0, -1, 0), (-2.2898722e-7, -1, 1.9855732e-7), (-2.2898722e-7, -1, 1.9855732e-7), (0, -1, -1.1209669e-7), (0, -1, -6.2644585e-7), (0, -1, -1.1209669e-7), (0, -1, -3.0888856e-7), (0, -1, -6.2644585e-7), (0, -1, 6.5215055e-8), (0, -1, 1.1088582e-7), (0, -1, 5.6122207e-8), (0, 1, -4.3826766e-8), (0, 1, -7.255557e-8), (0, 1, 2.7960587e-7), (0, 1, 0), (0, 1, 1.3492257e-7), (0, 1, -1.4510441e-7), (0, 1, -6.113383e-8), (0, 1, -7.255328e-8), (0, 1, 4.0634694e-7), (0, 1, 4.0634694e-7), (0, 1, -7.255328e-8), (0, 1, -1.4001638e-7), (0, 1, 2.7960587e-7), (0, 1, -7.255557e-8), (0, 1, -2.216444e-7), (0, 1, 3.71637e-8), (0, 1, 1.01858415e-8), (0, 1, 1.3492257e-7), (0, 1, -1.8582243e-8), (0, 1, -1.4001638e-7), (0, 1, -1.400174e-7), (0, 1, 9.147394e-7), (0, 1, -2.216444e-7), (0, 1, -2.3478034e-7), (0, 1, -3.716508e-8), (0, 1, -1.451057e-7), (0, 1, 1.01858415e-8), (0, 1, -1.8581929e-8), (0, 1, -1.400174e-7), (0, 1, -6.7465365e-8), (0, 1, 0), (0, 1, 6.745922e-8), (0, 1, -1.451057e-7), (0, 1, 0), (0, 1, -6.7465365e-8), (0, 1, 4.2481215e-8), (0, 1, 1.8582028e-8), (0, 1, -9.6112494e-8), (0, 1, 6.745922e-8), (0, 1, 3.7165027e-8), (0, 1, 4.2481215e-8), (0, 1, -1.1787403e-9), (0, 1, -2.787319e-8), (0, 1, -2.437555e-7), (0, 1, -6.113383e-8), (0, 1, 0.0000012363337), (0, 1, -2.3478034e-7), (0, 1, -9.6112494e-8), (0, 1, 4.3997116e-7), (0, 1, -1.1787403e-9), (0, 1, -4.3826766e-8), (0, 1, -3.716363e-8), (0, 1, -1.4510441e-7), (0, 1, -2.437555e-7), (0, 1, 8.657087e-8), (0, 1, 3.6746087e-8), (-2.0701756e-7, 1, -4.7505696e-7), (0, 1, 2.1505032e-7), (0, 1, -2.0940553e-7), (0, 1, 3.6746087e-8), (-9.356695e-7, 1, -0.0000023696073), (1.6083717e-7, 1, -8.120177e-7), (0, 1, -2.0940553e-7), (4.59593e-9, 1, -0.0000011185417), (4.1417195e-7, 1, -4.9122485e-7), (1.6083717e-7, 1, -8.120177e-7), (0.9605519, 1.3000978e-7, -0.27810064), (0.96660507, 0, -0.25627065), (0.9666054, 8.688805e-9, -0.25626937), (-6.645027e-8, 1, -1.581371e-7), (3.1033633e-8, 1, -1.733252e-7), (0, 1, -0.000001040679), (0, 1, -0.000001040679), (0, 1, -0.0000051250513), (0, 1, -6.1778024e-7), (0, 1, -6.1778024e-7), (0, 1, 0), (0, 1, -0.000001040679), (0, 1, 1.05406905e-7), (0, 1, 4.0652903e-8), (-2.0967231e-7, 1, -5.672235e-7), (-0.39376187, 0, 0.9192125), (-0.6844033, 0, 0.72910357), (-0.6844101, 0, 0.72909737), (-0.055635586, 0, 0.9984511), (0.289218, 0, 0.9572633), (0.28921646, 0, 0.95726377), (0.9662432, -0.00012259027, 0.25763124), (0.9407472, 6.1482055e-9, -0.33910865), (0.9407443, 0, -0.33911684), (-0.6747621, 0, 0.73803526), (-0.39376187, 0, 0.9192125), (-0.3937703, 0, 0.9192088), (-0.39376897, 0, 0.9192095), (-0.055635586, 0, 0.9984511), (-0.055637177, 0, 0.99845105), (-0.93325007, 0, 0.3592273), (-0.6747621, 0, 0.73803526), (-0.6747482, 0.000089331545, 0.7380481), (-0.6843929, 0, 0.72911334), (-0.39376897, 0, 0.9192095), (-0.39377037, 0, 0.9192088), (-0.89249784, 0, 0.45105177), (-0.6843929, 0, 0.72911334), (-0.6843944, 0, 0.729112), (0.9132945, 3.0143543e-8, -0.40729997), (0.9342741, 1.4180215e-9, -0.35655582), (0.93427366, 0, -0.35655677), (0.8368707, 0, 0.5474007), (0.9662432, -0.00012259027, 0.25763124), (0.9662512, 0, 0.25760168), (-0.99294263, 0, 0.118595265), (-0.89249784, 0, 0.45105177), (-0.8924988, 0, 0.45104995), (0.9736237, 0, 0.22815955), (0.8368707, 0, 0.5474007), (0.8368656, 0, 0.54740846), (0.9736215, 0, 0.22816922), (0.9929409, 0, -0.11860938), (0.99294126, 0, -0.118607655), (-0.93688846, 2.4688134e-9, 0.34962875), (-0.93688446, 0, 0.3496393), (-0.9162939, -1.4198054e-9, 0.40050647), (0.99294233, 0, -0.11859838), (0.9736237, 0, 0.22815955), (0.97362167, 0, 0.2281686), (0.9929409, 0, -0.11860938), (0.89249855, 0, -0.4510501), (0.8924993, 0, -0.45104858), (0.89249855, 0, -0.4510501), (0.6844152, 0, -0.72909254), (0.6844163, 0, -0.72909147), (3.1033633e-8, 1, -1.733252e-7), (-6.645027e-8, 1, -1.581371e-7), (4.1417195e-7, 1, -4.9122485e-7), (0.6844152, 0, -0.72909254), (0.3937473, 1.4744367e-7, -0.9192188), (0.39374837, 0, -0.91921824), (-2.0966175e-7, 1, -5.557504e-7), (-2.0967231e-7, 1, -5.672235e-7), (-2.0700418e-7, 1, -4.5337057e-7), (0.3937473, 1.4744367e-7, -0.9192188), (0.055636637, 1.8884386e-7, -0.99845105), (0.055637594, -3.4858612e-8, -0.998451), (0.055636637, 1.8884386e-7, -0.99845105), (-0.2891991, 0, -0.95726895), (-0.28919744, -7.626388e-8, -0.9572695), (-0.9003624, 0, 0.4351409), (-0.91629183, -1.7314258e-8, 0.40051135), (-0.9162939, -1.4198054e-9, 0.40050647), (-0.2891991, 0, -0.95726895), (-0.599184, 0, -0.8006113), (-0.59918237, 0, -0.8006125), (0.9342741, 1.4180215e-9, -0.35655582), (0.94717884, 5.34864e-7, -0.32070595), (0.9471789, 0, -0.32070577), (-0.599184, 0, -0.8006113), (-0.83686817, 0, -0.5474045), (-0.8368671, 0, -0.54740614), (-0.83686817, 0, -0.5474045), (-0.97362167, 0, -0.2281683), (-0.97362125, 0, -0.22817001), (-0.90702266, 0, 0.4210819), (-0.9003624, 0, 0.4351409), (-0.9003418, 0.0000014014288, 0.43518353), (-0.97362167, 0, -0.2281683), (-0.99294263, 0, 0.118595265), (-0.99294287, 0, 0.11859354), (0.94717884, 5.34864e-7, -0.32070595), (0.94207454, 0, -0.33540344), (0.9420746, 0, -0.33540344), (-0.9736229, 0, -0.22816338), (-0.83687085, 0, -0.54740053), (-0.8368656, 0, -0.54740834), (-0.83687085, 0, -0.54740053), (-0.5991835, -4.9522978e-8, -0.8006117), (-0.59917593, 0, -0.80061734), (-0.9136856, 0, 0.40642148), (-0.85871714, -0.0000058785427, 0.5124498), (-0.8587179, 0, 0.5124485), (-0.5991835, -4.9522978e-8, -0.8006117), (-0.2892193, -2.787194e-7, -0.95726293), (-0.28921005, -2.4156654e-7, -0.9572656), (0.96660507, 0, -0.25627065), (0.93658185, 0.00014311273, -0.350449), (0.9365886, 0, -0.3504307), (-0.2892193, -2.787194e-7, -0.95726293), (0.05562917, 0, -0.9984515), (0.05563843, -1.2379641e-8, -0.998451), (0.93658185, 0.00014311273, -0.350449), (0.6247905, 0, 0.7807925), (0.6247288, 8.310097e-7, 0.7808418), (0.05562917, 0, -0.9984515), (0.39375675, 0, -0.9192146), (0.3937653, 0, -0.919211), (0.6247905, 0, 0.7807925), (0.10158229, 8.369204e-9, 0.99482715), (0.10166841, 0, 0.9948183), (-0.8552069, 0, -0.51828665), (-0.713744, 0, -0.7004066), (-0.71374416, 0, -0.70040655), (0.39375675, 0, -0.9192146), (0.6844001, 0, -0.72910666), (0.6844068, 0, -0.7291003), (0.10158229, 8.369204e-9, 0.99482715), (-0.9136856, 0, 0.40642148), (-0.91362447, -0.0003578727, 0.40655902), (0.018170333, 0, -0.99983495), (0.22258937, 0.0000041959693, -0.97491235), (0.22259144, 0, -0.97491175), (0.6844001, 0, -0.72910666), (0.89249766, 0, -0.451052), (0.89250183, 0, -0.45104378), (0.89249766, 0, -0.451052), (0.99294233, 0, -0.11859838), (0.9929434, 0, -0.118589185), (0.9407472, 6.1482055e-9, -0.33910865), (0.9132945, 3.0143543e-8, -0.40729997), (0.9132934, -2.4685995e-9, -0.40730205), (-0.85768056, 9.3520964e-7, 0.5141829), (-0.8552069, 0, -0.51828665), (-0.85520566, -8.5167756e-8, -0.5182888), (-0.99294233, 0, 0.11859801), (-0.9736229, 0, -0.22816338), (-0.9736208, 0, -0.22817238), (0.83687603, 0, 0.54739237), (0.9736215, 0, 0.22816922), (0.973621, 0, 0.22817095), (-0.93688846, 2.4688134e-9, 0.34962875), (-0.93325007, 0, 0.3592273), (-0.9332457, -0.0000137617835, 0.35923865), (0.22258937, 0.0000041959693, -0.97491235), (0.9605519, 1.3000978e-7, -0.27810064), (0.9605391, -0.00034547, -0.2781447), (-0.89249665, 0, 0.45105407), (-0.99294233, 0, 0.11859801), (-0.9929435, 0, 0.1185888), (0.5991811, 0, 0.8006135), (0.83687603, 0, 0.54739237), (0.8368751, 0, 0.547394), (-0.6844033, 0, 0.72910357), (-0.89249665, 0, 0.45105407), (-0.8925008, 0, 0.45104578), (0.289218, 0, 0.9572633), (0.5991811, 0, 0.8006135), (0.59917974, 0, 0.8006146)] (
                        interpolation = "faceVarying"
                    )
                    point3f[] points = [(-0.0005359731, 0.0023202933, -0.00012557954), (-0.000460693, 0.0023202933, -0.00030130893), (-0.0003298396, 0.0023202933, -0.00044071674), (-0.00015921236, 0.0023202933, -0.0005269423), (0.00003062709, 0.0023202933, -0.0005496219), (0.00021677255, 0.0023202933, -0.0005059913), (0.00037676297, 0.0023202933, -0.00040134788), (0.00049132225, 0.0023202933, -0.0002482757), (0.00054661435, 0.0023202933, -0.000065267086), (-0.00054660905, 0.0023202933, 0.00006531179), (-0.00049131585, 0.0023202933, 0.0002483055), (-0.00037675854, 0.0023202933, 0.00040138513), (-0.00021676661, 0.0023202933, 0.000506036), (-0.000030620886, 0.0023202933, 0.0005496517), (0.00015921828, 0.0023202933, 0.000526987), (0.00032984407, 0.0023202933, 0.000440754), (0.00046069865, 0.0023202933, 0.00030135363), (0.0005359784, 0.0023202933, 0.00012562424), (-0.002369125, 0.0023202933, -0.00055517256), (-0.00203637, 0.0023202933, -0.0013319477), (-0.0014579716, 0.0023202933, -0.0019481182), (-0.0007037626, 0.0023202933, -0.0023292825), (0.00013536727, 0.0023202933, -0.0024295002), (0.0009581714, 0.0023202933, -0.0022366792), (0.0016653638, 0.0023202933, -0.0017741099), (0.0021717402, 0.0023202933, -0.0010974929), (0.0024161413, 0.0023202933, -0.00028855354), (-0.0024161378, 0.0023202933, 0.00028858334), (-0.0021717306, 0.0023202933, 0.0010975376), (-0.0016653629, 0.0023202933, 0.0017741397), (-0.0009581647, 0.0023202933, 0.002236724), (-0.00013536222, 0.0023202933, 0.002429545), (0.0007037696, 0.0023202933, 0.0023293123), (0.0014579721, 0.0023202933, 0.0019481629), (0.002036377, 0.0023202933, 0.0013319924), (0.0023691303, 0.0023202933, 0.0005552098), (0.0053664222, 0.0023202933, 0.01191128), (0.0038995277, 0.0023202933, 0.01251141), (0.00626854, 0.0023202933, 0.014746413), (0.0052432446, 0.0023202933, 0.015165865), (0.00745627, 0.0023202933, 0.018082485), (0.0067343856, 0.0023202933, 0.018377826), (0.009262655, 0.0023202933, 0.018115312), (0.0054689823, 0.0023202933, 0.019667327), (0.010831493, 0.0023202933, 0.018852979), (0.005000519, 0.0023203045, 0.021238491), (0.012800229, 0.0023203045, 0.030333415), (0.012047908, 0.0023203045, 0.030641183), (0.0012540562, 0.0023202933, 0.006039135), (0.0027168316, 0.0023202933, 0.005440697), (0.016235221, 0.0023203045, 0.039234236), (0.016178353, 0.0023203045, 0.03936243), (0.015836515, 0.0023203045, 0.039397344), (0.015966933, 0.0023203045, 0.039448917), (0.000595143, 0.0023202933, 0.0036568642), (0.0015170543, 0.0023202933, 0.0032797009), (-0.000460693, 0.0026135966, -0.00030130893), (-0.0005359731, 0.0026135966, -0.00012557954), (-0.0003298396, 0.0026135966, -0.00044071674), (-0.00015921236, 0.0026135966, -0.0005269423), (0.00003062709, 0.0026135966, -0.0005496219), (0.00021677255, 0.0026135966, -0.0005059913), (0.00037676297, 0.0026135966, -0.00040134788), (0.00049132225, 0.0026135966, -0.0002482757), (0.00054661435, 0.0026135966, -0.000065267086), (-0.00054660905, 0.0026135966, 0.00006531179), (-0.00049131585, 0.0026135966, 0.0002483055), (-0.00037675854, 0.0026135966, 0.00040138513), (-0.00021676661, 0.0026135966, 0.000506036), (-0.000030621468, 0.0026135966, 0.0005496517), (0.00015921828, 0.0026135966, 0.000526987), (0.00032984407, 0.0026135966, 0.000440754), (0.00046069865, 0.0026135966, 0.00030135363), (0.0005359784, 0.0026135966, 0.00012562424), (-0.00203637, 0.0026135966, -0.0013319477), (-0.002369125, 0.0026135966, -0.00055517256), (-0.0014579716, 0.0026135966, -0.0019481182), (-0.00070376287, 0.0026135966, -0.0023292825), (0.00013536727, 0.0026135966, -0.0024295002), (0.0009581714, 0.0026135966, -0.0022366792), (0.0016653638, 0.0026135966, -0.0017741099), (0.0021717402, 0.0026135966, -0.0010974929), (0.0024161413, 0.0026135966, -0.00028855354), (-0.0024161378, 0.0026135966, 0.00028858334), (-0.0021717306, 0.0026135966, 0.0010975376), (-0.0016653629, 0.0026135966, 0.0017741397), (-0.0009581647, 0.0026135966, 0.002236724), (-0.00013536222, 0.0026135966, 0.002429545), (0.0007037696, 0.0026135966, 0.0023293123), (0.0014579721, 0.0026135966, 0.0019481629), (0.002036377, 0.0026135966, 0.0013319924), (0.0023691303, 0.0026135966, 0.0005552098), (0.000595143, 0.0026135966, 0.0036568642), (0.0015170543, 0.0026135966, 0.0032797009), (0.0053664222, 0.002613604, 0.01191128), (0.0038995277, 0.002613604, 0.01251141), (0.00626854, 0.002613604, 0.014746413), (0.0052432446, 0.002613604, 0.015165865), (0.00745627, 0.002613604, 0.018082485), (0.0067343856, 0.002613604, 0.018377826), (0.009262655, 0.002613604, 0.018115312), (0.0054689823, 0.002613604, 0.019667327), (0.010831493, 0.002613604, 0.018852979), (0.005000519, 0.0026136078, 0.021238491), (0.012800229, 0.0026136078, 0.030333415), (0.012047908, 0.0026136078, 0.030641183), (0.0012540562, 0.0026135966, 0.006039135), (0.0027168316, 0.0026135966, 0.005440697), (0.015836515, 0.0026136078, 0.039397344), (0.016235221, 0.0026136078, 0.039234236), (0.016178353, 0.0026136078, 0.03936243), (0.015966933, 0.0026136078, 0.039448917)]
                    texCoord2f[] primvars:st = [(0.5675261, 0.60856074), (0.5684018, 0.61581707), (0.56698155, 0.60885715), (0.5647308, 0.5978272), (0.5667457, 0.6047363), (0.5661511, 0.60478723), (0.5649167, 0.60624415), (0.5604289, 0.60137355), (0.5651779, 0.60558957), (0.55899876, 0.607469), (0.5649167, 0.60624415), (0.5648543, 0.6069686), (0.57270384, 0.6122711), (0.5675261, 0.60856074), (0.5679549, 0.608055), (0.56735903, 0.5976025), (0.5673187, 0.60493714), (0.5667457, 0.6047363), (0.55963624, 0.6105931), (0.5648543, 0.6069686), (0.5649986, 0.6076754), (0.5738587, 0.6093772), (0.5679549, 0.608055), (0.56821615, 0.6074003), (0.5698917, 0.59848994), (0.5678009, 0.6053654), (0.5673187, 0.60493714), (0.5611096, 0.6132622), (0.5649986, 0.6076754), (0.5653319, 0.6082792), (0.5720233, 0.6003822), (0.56813425, 0.6059691), (0.5678009, 0.6053654), (0.5632411, 0.6151545), (0.5653319, 0.6082792), (0.56581414, 0.60870737), (0.57349646, 0.6030512), (0.56827843, 0.6066759), (0.56813425, 0.6059691), (0.5657737, 0.6160418), (0.56581414, 0.60870737), (0.56638706, 0.60890806), (0.5604289, 0.60137355), (0.56560653, 0.6050835), (0.5651779, 0.60558957), (0.574134, 0.6061754), (0.56821615, 0.6074003), (0.56827843, 0.6066759), (0.5684018, 0.61581707), (0.56638706, 0.60890806), (0.56698155, 0.60885715), (0.5623241, 0.599137), (0.5661511, 0.60478723), (0.56560653, 0.6050835), (0.5669624, 0.6205805), (0.5657737, 0.6160418), (0.5684018, 0.61581707), (0.56385714, 0.62054354), (0.5657737, 0.6160418), (0.5669624, 0.6205805), (0.5632411, 0.6151545), (0.5657737, 0.6160418), (0.56385714, 0.62054354), (0.562652, 0.6565201), (0.5677987, 0.62994176), (0.567593, 0.6565791), (0.567593, 0.6565791), (0.56330556, 0.66782683), (0.562652, 0.6565201), (0.56675893, 0.66786796), (0.5637089, 0.68130904), (0.56330556, 0.66782683), (0.56614035, 0.6813381), (0.55851394, 0.68396884), (0.5637089, 0.68130904), (0.5712919, 0.6841213), (0.5552688, 0.6887946), (0.55851394, 0.68396884), (0.38310322, 0.015481541), (0.2858689, 0.011183046), (0.38310322, 0.011182686), (0.5666918, 0.73225456), (0.5552688, 0.6887946), (0.57490903, 0.6890289), (0.56548774, 0.7689525), (0.56477565, 0.76894397), (0.56446326, 0.76857007), (0.5628717, 0.62988305), (0.5669624, 0.6205805), (0.5677987, 0.62994176), (0.5873783, 0.74586105), (0.58652186, 0.75281096), (0.58600086, 0.7525251), (0.5857648, 0.7564728), (0.58381766, 0.7630862), (0.5851953, 0.7564221), (0.579704, 0.7596729), (0.5840158, 0.75502163), (0.5842647, 0.7556498), (0.5840158, 0.75502163), (0.57834816, 0.7538268), (0.5839579, 0.7543273), (0.58652186, 0.75281096), (0.5914922, 0.74927455), (0.5869315, 0.75329745), (0.58631444, 0.75628245), (0.5863356, 0.76331097), (0.5857648, 0.7564728), (0.5839579, 0.7543273), (0.5789665, 0.7508355), (0.5840978, 0.7536505), (0.5869315, 0.75329745), (0.5925917, 0.7520515), (0.58718026, 0.7539256), (0.58677745, 0.75587404), (0.58876455, 0.76246977), (0.58631444, 0.75628245), (0.5840978, 0.7536505), (0.5803846, 0.74828315), (0.58441854, 0.7530731), (0.58709836, 0.7552967), (0.59081143, 0.760664), (0.58677745, 0.75587404), (0.58441854, 0.7530731), (0.5824317, 0.74647754), (0.58488166, 0.75266457), (0.58723825, 0.75461996), (0.59222966, 0.7581118), (0.58709836, 0.7552967), (0.58488166, 0.75266457), (0.58486056, 0.7456363), (0.58543134, 0.75247425), (0.5846743, 0.7561363), (0.579704, 0.7596729), (0.5842647, 0.7556498), (0.58718026, 0.7539256), (0.59284794, 0.75512046), (0.58723825, 0.75461996), (0.58543134, 0.75247425), (0.5873783, 0.74586105), (0.58600086, 0.7525251), (0.5851953, 0.7564221), (0.5815146, 0.7618225), (0.5846743, 0.7561363), (0.58601046, 0.7412914), (0.5873783, 0.74586105), (0.58486056, 0.7456363), (0.5830349, 0.74131584), (0.58601046, 0.7412914), (0.58486056, 0.7456363), (0.5824317, 0.74647754), (0.5830349, 0.74131584), (0.58486056, 0.7456363), (0.58261937, 0.6960062), (0.58670074, 0.7067993), (0.58196604, 0.706838), (0.58303815, 0.68308866), (0.5859286, 0.69597906), (0.58261937, 0.6960062), (0.5780665, 0.6805215), (0.5853682, 0.68306965), (0.58303815, 0.68308866), (0.5749685, 0.6758857), (0.59031117, 0.6804212), (0.5780665, 0.6805215), (0.031640556, 0.011182686), (0.12794158, 0.015481902), (0.031640556, 0.015481541), (0.58525676, 0.5994649), (0.5860184, 0.6342821), (0.5839698, 0.5994755), (0.58601046, 0.7412914), (0.5821129, 0.7323629), (0.58683413, 0.7323244), (0.3479405, 0.79618126), (0.3419774, 0.8056309), (0.3419774, 0.79618126), (0.4569788, 0.9385437), (0.4587295, 0.93552506), (0.46015328, 0.93643063), (0.33830282, 0.7866013), (0.3343091, 0.7965827), (0.3343091, 0.7866013), (0.3479405, 0.78673124), (0.3419774, 0.79618126), (0.3419774, 0.78673124), (0.45891827, 0.9411772), (0.46015328, 0.93643063), (0.4618289, 0.93730146), (0.35680827, 0.9152759), (0.35249755, 0.92682177), (0.35249755, 0.9152759), (0.46174234, 0.94309974), (0.4618289, 0.93730146), (0.46374732, 0.9379744), (0.465107, 0.94412076), (0.46374732, 0.9379744), (0.4658608, 0.938262), (0.33830282, 0.81509256), (0.33430946, 0.86765647), (0.3343091, 0.81509256), (0.3479405, 0.9284793), (0.3419774, 0.93792987), (0.3419774, 0.9284793), (0.46866047, 0.94416785), (0.4658608, 0.938262), (0.46804452, 0.9382985), (0.3479405, 0.9190297), (0.3419774, 0.9284793), (0.3419774, 0.9190297), (0.46197766, 0.92805445), (0.4660424, 0.93294847), (0.46390757, 0.93334985), (0.35680827, 0.895295), (0.35249755, 0.83855426), (0.35680827, 0.83855426), (0.3479405, 0.90958), (0.3419774, 0.9190297), (0.3419774, 0.90958), (0.46537372, 0.9270889), (0.46821138, 0.93288386), (0.4660424, 0.93294847), (0.46893552, 0.9271117), (0.47029603, 0.9332441), (0.46821138, 0.93288386), (0.5835902, 0.6343019), (0.59378886, 0.6757313), (0.5749685, 0.6758857), (0.4723082, 0.92813706), (0.47220784, 0.93392324), (0.47029603, 0.9332441), (0.58683413, 0.7323244), (0.58196604, 0.706838), (0.58670074, 0.7067993), (0.4751365, 0.9300725), (0.47385868, 0.9348323), (0.47220784, 0.93392324), (0.4770725, 0.9327257), (0.4752598, 0.93575853), (0.47385868, 0.9348323), (0.35680827, 0.8145033), (0.35249755, 0.83855426), (0.35249755, 0.8145033), (0.47778612, 0.935788), (0.47383142, 0.9366203), (0.4752598, 0.93575853), (0.33830282, 0.86765647), (0.33430946, 0.88993686), (0.33430946, 0.86765647), (0.47696427, 0.93881804), (0.47212034, 0.9374027), (0.47383142, 0.9366203), (0.47493845, 0.9413931), (0.47016612, 0.93799883), (0.47212034, 0.9374027), (0.35680827, 0.7858766), (0.35249755, 0.8145033), (0.35249755, 0.7858766), (0.47205418, 0.9432329), (0.46804452, 0.9382985), (0.47016612, 0.93799883), (0.33830282, 0.88993686), (0.3343091, 0.91645586), (0.33430946, 0.88993686), (0.3479405, 0.8339808), (0.3419774, 0.84343046), (0.3419774, 0.8339808), (0.3479405, 0.84343046), (0.3419774, 0.85288095), (0.3419774, 0.84343046), (0.20895633, 0.011183407), (0.2858689, 0.015481902), (0.20895633, 0.015481902), (0.3479405, 0.85288095), (0.3419774, 0.86233), (0.3419774, 0.85288095), (0.12794158, 0.011183407), (0.20485362, 0.015481902), (0.12794158, 0.015481902), (0.3479405, 0.86233), (0.3419774, 0.87178034), (0.3419774, 0.86233), (0.20485362, 0.011183046), (0.20598432, 0.015481902), (0.20485362, 0.015481902), (0.3479405, 0.87178034), (0.3419774, 0.8812305), (0.3419774, 0.87178034), (0.20598432, 0.011183407), (0.20782563, 0.015481902), (0.20598432, 0.015481902), (0.39632073, 0.011182686), (0.41088548, 0.015481541), (0.39632037, 0.015481541), (0.3479405, 0.8812305), (0.3419774, 0.8906802), (0.3419774, 0.8812305), (0.20782599, 0.011183407), (0.20895633, 0.015481902), (0.20782563, 0.015481902), (0.0031000022, 0.011182686), (0.017664755, 0.015481541), (0.0031000022, 0.015481541), (0.3479405, 0.8906802), (0.3419774, 0.90013033), (0.3419774, 0.8906802), (0.3479405, 0.90013033), (0.3419774, 0.90958), (0.3419774, 0.90013033), (0.33830282, 0.7965827), (0.3343091, 0.81509256), (0.3343091, 0.7965827), (0.38310322, 0.011182686), (0.39632037, 0.015481541), (0.38310322, 0.015481541), (0.3479405, 0.8245311), (0.3419774, 0.8339808), (0.3419774, 0.8245311), (0.45909676, 0.92990893), (0.46390757, 0.93334985), (0.46192595, 0.9339398), (0.35680827, 0.895295), (0.35249755, 0.9152759), (0.35249755, 0.895295), (0.017664755, 0.011182686), (0.031640556, 0.015481541), (0.017664755, 0.015481541), (0.3479405, 0.8150815), (0.3419774, 0.8245311), (0.3419774, 0.8150815), (0.45707637, 0.9324843), (0.46192595, 0.9339398), (0.4601955, 0.93473095), (0.3479405, 0.8056309), (0.3419774, 0.8150815), (0.3419774, 0.8056309), (0.45625895, 0.9354996), (0.4601955, 0.93473095), (0.4587295, 0.93552506), (0.5675261, 0.60856074), (0.5708087, 0.6145076), (0.5684018, 0.61581707), (0.5647308, 0.5978272), (0.56735903, 0.5976025), (0.5667457, 0.6047363), (0.5649167, 0.60624415), (0.55927414, 0.60426724), (0.5604289, 0.60137355), (0.55899876, 0.607469), (0.55927414, 0.60426724), (0.5649167, 0.60624415), (0.57270384, 0.6122711), (0.5708087, 0.6145076), (0.5675261, 0.60856074), (0.56735903, 0.5976025), (0.5698917, 0.59848994), (0.5673187, 0.60493714), (0.55963624, 0.6105931), (0.55899876, 0.607469), (0.5648543, 0.6069686), (0.5738587, 0.6093772), (0.57270384, 0.6122711), (0.5679549, 0.608055), (0.5698917, 0.59848994), (0.5720233, 0.6003822), (0.5678009, 0.6053654), (0.5611096, 0.6132622), (0.55963624, 0.6105931), (0.5649986, 0.6076754), (0.5720233, 0.6003822), (0.57349646, 0.6030512), (0.56813425, 0.6059691), (0.5632411, 0.6151545), (0.5611096, 0.6132622), (0.5653319, 0.6082792), (0.57349646, 0.6030512), (0.574134, 0.6061754), (0.56827843, 0.6066759), (0.5657737, 0.6160418), (0.5632411, 0.6151545), (0.56581414, 0.60870737), (0.5604289, 0.60137355), (0.5623241, 0.599137), (0.56560653, 0.6050835), (0.574134, 0.6061754), (0.5738587, 0.6093772), (0.56821615, 0.6074003), (0.5684018, 0.61581707), (0.5657737, 0.6160418), (0.56638706, 0.60890806), (0.5623241, 0.599137), (0.5647308, 0.5978272), (0.5661511, 0.60478723), (0.562652, 0.6565201), (0.5628717, 0.62988305), (0.5677987, 0.62994176), (0.567593, 0.6565791), (0.56675893, 0.66786796), (0.56330556, 0.66782683), (0.56675893, 0.66786796), (0.56614035, 0.6813381), (0.5637089, 0.68130904), (0.56614035, 0.6813381), (0.5712919, 0.6841213), (0.55851394, 0.68396884), (0.5712919, 0.6841213), (0.57490903, 0.6890289), (0.5552688, 0.6887946), (0.38310322, 0.015481541), (0.2858689, 0.015481902), (0.2858689, 0.011183046), (0.5666918, 0.73225456), (0.56415784, 0.7322244), (0.5552688, 0.6887946), (0.56446326, 0.76857007), (0.56415784, 0.7322244), (0.5666918, 0.73225456), (0.5666918, 0.73225456), (0.5658061, 0.76858604), (0.56446326, 0.76857007), (0.5658061, 0.76858604), (0.56548774, 0.7689525), (0.56446326, 0.76857007), (0.5628717, 0.62988305), (0.56385714, 0.62054354), (0.5669624, 0.6205805), (0.5873783, 0.74586105), (0.5896817, 0.74712443), (0.58652186, 0.75281096), (0.5857648, 0.7564728), (0.5863356, 0.76331097), (0.58381766, 0.7630862), (0.579704, 0.7596729), (0.5786043, 0.75689584), (0.5840158, 0.75502163), (0.5840158, 0.75502163), (0.5786043, 0.75689584), (0.57834816, 0.7538268), (0.58652186, 0.75281096), (0.5896817, 0.74712443), (0.5914922, 0.74927455), (0.58631444, 0.75628245), (0.58876455, 0.76246977), (0.5863356, 0.76331097), (0.5839579, 0.7543273), (0.57834816, 0.7538268), (0.5789665, 0.7508355), (0.5869315, 0.75329745), (0.5914922, 0.74927455), (0.5925917, 0.7520515), (0.58677745, 0.75587404), (0.59081143, 0.760664), (0.58876455, 0.76246977), (0.5840978, 0.7536505), (0.5789665, 0.7508355), (0.5803846, 0.74828315), (0.58709836, 0.7552967), (0.59222966, 0.7581118), (0.59081143, 0.760664), (0.58441854, 0.7530731), (0.5803846, 0.74828315), (0.5824317, 0.74647754), (0.58723825, 0.75461996), (0.59284794, 0.75512046), (0.59222966, 0.7581118), (0.58488166, 0.75266457), (0.5824317, 0.74647754), (0.58486056, 0.7456363), (0.5846743, 0.7561363), (0.5815146, 0.7618225), (0.579704, 0.7596729), (0.58718026, 0.7539256), (0.5925917, 0.7520515), (0.59284794, 0.75512046), (0.58543134, 0.75247425), (0.58486056, 0.7456363), (0.5873783, 0.74586105), (0.5851953, 0.7564221), (0.58381766, 0.7630862), (0.5815146, 0.7618225), (0.58261937, 0.6960062), (0.5859286, 0.69597906), (0.58670074, 0.7067993), (0.58303815, 0.68308866), (0.5853682, 0.68306965), (0.5859286, 0.69597906), (0.5780665, 0.6805215), (0.59031117, 0.6804212), (0.5853682, 0.68306965), (0.5749685, 0.6758857), (0.59378886, 0.6757313), (0.59031117, 0.6804212), (0.031640556, 0.011182686), (0.12794158, 0.011183407), (0.12794158, 0.015481902), (0.5860184, 0.6342821), (0.5835902, 0.6343019), (0.5839698, 0.5994755), (0.5839698, 0.5994755), (0.58426994, 0.59911823), (0.5849524, 0.59911275), (0.5849524, 0.59911275), (0.58525676, 0.5994649), (0.5839698, 0.5994755), (0.58601046, 0.7412914), (0.5830349, 0.74131584), (0.5821129, 0.7323629), (0.3479405, 0.79618126), (0.3479405, 0.8056309), (0.3419774, 0.8056309), (0.4569788, 0.9385437), (0.45625895, 0.9354996), (0.4587295, 0.93552506), (0.33830282, 0.7866013), (0.33830282, 0.7965827), (0.3343091, 0.7965827), (0.3479405, 0.78673124), (0.3479405, 0.79618126), (0.3419774, 0.79618126), (0.45891827, 0.9411772), (0.4569788, 0.9385437), (0.46015328, 0.93643063), (0.35680827, 0.9152759), (0.35680827, 0.92682177), (0.35249755, 0.92682177), (0.46174234, 0.94309974), (0.45891827, 0.9411772), (0.4618289, 0.93730146), (0.465107, 0.94412076), (0.46174234, 0.94309974), (0.46374732, 0.9379744), (0.33830282, 0.81509256), (0.33830282, 0.86765647), (0.33430946, 0.86765647), (0.3479405, 0.9284793), (0.3479405, 0.93792987), (0.3419774, 0.93792987), (0.46866047, 0.94416785), (0.465107, 0.94412076), (0.4658608, 0.938262), (0.3479405, 0.9190297), (0.3479405, 0.9284793), (0.3419774, 0.9284793), (0.46197766, 0.92805445), (0.46537372, 0.9270889), (0.4660424, 0.93294847), (0.35680827, 0.895295), (0.35249755, 0.895295), (0.35249755, 0.83855426), (0.3479405, 0.90958), (0.3479405, 0.9190297), (0.3419774, 0.9190297), (0.46537372, 0.9270889), (0.46893552, 0.9271117), (0.46821138, 0.93288386), (0.46893552, 0.9271117), (0.4723082, 0.92813706), (0.47029603, 0.9332441), (0.5835902, 0.6343019), (0.5860184, 0.6342821), (0.59378886, 0.6757313), (0.4723082, 0.92813706), (0.4751365, 0.9300725), (0.47220784, 0.93392324), (0.58683413, 0.7323244), (0.5821129, 0.7323629), (0.58196604, 0.706838), (0.4751365, 0.9300725), (0.4770725, 0.9327257), (0.47385868, 0.9348323), (0.4770725, 0.9327257), (0.47778612, 0.935788), (0.4752598, 0.93575853), (0.35680827, 0.8145033), (0.35680827, 0.83855426), (0.35249755, 0.83855426), (0.47778612, 0.935788), (0.47696427, 0.93881804), (0.47383142, 0.9366203), (0.33830282, 0.86765647), (0.33830282, 0.88993686), (0.33430946, 0.88993686), (0.47696427, 0.93881804), (0.47493845, 0.9413931), (0.47212034, 0.9374027), (0.47493845, 0.9413931), (0.47205418, 0.9432329), (0.47016612, 0.93799883), (0.35680827, 0.7858766), (0.35680827, 0.8145033), (0.35249755, 0.8145033), (0.47205418, 0.9432329), (0.46866047, 0.94416785), (0.46804452, 0.9382985), (0.33830282, 0.88993686), (0.33830246, 0.91645586), (0.3343091, 0.91645586), (0.3479405, 0.8339808), (0.3479405, 0.84343046), (0.3419774, 0.84343046), (0.3479405, 0.84343046), (0.3479405, 0.85288095), (0.3419774, 0.85288095), (0.20895633, 0.011183407), (0.2858689, 0.011183046), (0.2858689, 0.015481902), (0.3479405, 0.85288095), (0.3479405, 0.86233), (0.3419774, 0.86233), (0.12794158, 0.011183407), (0.20485362, 0.011183046), (0.20485362, 0.015481902), (0.3479405, 0.86233), (0.3479405, 0.87178034), (0.3419774, 0.87178034), (0.20485362, 0.011183046), (0.20598432, 0.011183407), (0.20598432, 0.015481902), (0.3479405, 0.87178034), (0.3479405, 0.8812305), (0.3419774, 0.8812305), (0.20598432, 0.011183407), (0.20782599, 0.011183407), (0.20782563, 0.015481902), (0.39632073, 0.011182686), (0.41088548, 0.011182686), (0.41088548, 0.015481541), (0.3479405, 0.8812305), (0.3479405, 0.8906802), (0.3419774, 0.8906802), (0.20782599, 0.011183407), (0.20895633, 0.011183407), (0.20895633, 0.015481902), (0.0031000022, 0.011182686), (0.017664755, 0.011182686), (0.017664755, 0.015481541), (0.3479405, 0.8906802), (0.3479405, 0.90013033), (0.3419774, 0.90013033), (0.3479405, 0.90013033), (0.3479405, 0.90958), (0.3419774, 0.90958), (0.33830282, 0.7965827), (0.33830282, 0.81509256), (0.3343091, 0.81509256), (0.38310322, 0.011182686), (0.39632073, 0.011182686), (0.39632037, 0.015481541), (0.3479405, 0.8245311), (0.3479405, 0.8339808), (0.3419774, 0.8339808), (0.45909676, 0.92990893), (0.46197766, 0.92805445), (0.46390757, 0.93334985), (0.35680827, 0.895295), (0.35680827, 0.9152759), (0.35249755, 0.9152759), (0.017664755, 0.011182686), (0.031640556, 0.011182686), (0.031640556, 0.015481541), (0.3479405, 0.8150815), (0.3479405, 0.8245311), (0.3419774, 0.8245311), (0.45707637, 0.9324843), (0.45909676, 0.92990893), (0.46192595, 0.9339398), (0.3479405, 0.8056309), (0.3479405, 0.8150815), (0.3419774, 0.8150815), (0.45625895, 0.9354996), (0.45707637, 0.9324843), (0.4601955, 0.93473095)] (
                        interpolation = "faceVarying"
                    )
                    uniform token subdivisionScheme = "none"
                    custom string userProperties:blender:data_name = "Hand 02"
                }
            }
        }
    }

    def Scope "_materials"
    {
        def Material "Antique_Rustic_Mantel_Clock"
        {
            token outputs:surface.connect = </root/_materials/Antique_Rustic_Mantel_Clock/Principled_BSDF.outputs:surface>
            custom string userProperties:blender:data_name = "Antique Rustic Mantel Clock"

            def Shader "Principled_BSDF"
            {
                uniform token info:id = "UsdPreviewSurface"
                float inputs:clearcoat = 0
                float inputs:clearcoatRoughness = 0.03
                color3f inputs:diffuseColor.connect = </root/_materials/Antique_Rustic_Mantel_Clock/Image_Texture.outputs:rgb>
                color3f inputs:emissiveColor = (0, 0, 0)
                float inputs:ior = 1.45
                float inputs:metallic.connect = </root/_materials/Antique_Rustic_Mantel_Clock/Image_Texture_001.outputs:r>
                normal3f inputs:normal.connect = </root/_materials/Antique_Rustic_Mantel_Clock/Image_Texture_003.outputs:rgb>
                float inputs:opacity = 1
                float inputs:roughness.connect = </root/_materials/Antique_Rustic_Mantel_Clock/Image_Texture_002.outputs:r>
                float inputs:specular = 0.5
                token outputs:surface
            }

            def Shader "Image_Texture"
            {
                uniform token info:id = "UsdUVTexture"
                asset inputs:file = @./textures/Antique Square Mantel Clock Type C Wood02_AlbedoTransparency.jpg@
                token inputs:sourceColorSpace = "sRGB"
                float2 inputs:st.connect = </root/_materials/Antique_Rustic_Mantel_Clock/uvmap.outputs:result>
                token inputs:wrapS = "repeat"
                token inputs:wrapT = "repeat"
                float3 outputs:rgb
            }

            def Shader "uvmap"
            {
                uniform token info:id = "UsdPrimvarReader_float2"
                string inputs:varname = "st"
                float2 outputs:result
            }

            def Shader "Image_Texture_001"
            {
                uniform token info:id = "UsdUVTexture"
                asset inputs:file = @./textures/Antique Square Mantel Clock Type C Wood02_Metallic.jpg@
                token inputs:sourceColorSpace = "raw"
                float2 inputs:st.connect = </root/_materials/Antique_Rustic_Mantel_Clock/uvmap.outputs:result>
                token inputs:wrapS = "repeat"
                token inputs:wrapT = "repeat"
                float outputs:r
            }

            def Shader "Image_Texture_002"
            {
                uniform token info:id = "UsdUVTexture"
                asset inputs:file = @./textures/Antique Square Mantel Clock Type C Wood02_Roughness.jpg@
                token inputs:sourceColorSpace = "raw"
                float2 inputs:st.connect = </root/_materials/Antique_Rustic_Mantel_Clock/uvmap.outputs:result>
                token inputs:wrapS = "repeat"
                token inputs:wrapT = "repeat"
                float outputs:r
            }

            def Shader "Image_Texture_003"
            {
                uniform token info:id = "UsdUVTexture"
                float4 inputs:bias = (-1, -1, -1, -1)
                asset inputs:file = @./textures/Antique Square Mantel Clock Type C Wood02_Normal.jpg@
                float4 inputs:scale = (2, 2, 2, 2)
                token inputs:sourceColorSpace = "raw"
                float2 inputs:st.connect = </root/_materials/Antique_Rustic_Mantel_Clock/uvmap.outputs:result>
                token inputs:wrapS = "repeat"
                token inputs:wrapT = "repeat"
                float3 outputs:rgb
            }
        }

        def Material "Antique_Rustic_Mantel_Clock_Glass"
        {
            token outputs:surface.connect = </root/_materials/Antique_Rustic_Mantel_Clock_Glass/Principled_BSDF.outputs:surface>
            custom string userProperties:blender:data_name = "Antique Rustic Mantel Clock Glass"

            def Shader "Principled_BSDF"
            {
                uniform token info:id = "UsdPreviewSurface"
                float inputs:clearcoat = 0
                float inputs:clearcoatRoughness = 0.03
                color3f inputs:diffuseColor.connect = </root/_materials/Antique_Rustic_Mantel_Clock_Glass/Image_Texture.outputs:rgb>
                color3f inputs:emissiveColor = (0, 0, 0)
                float inputs:ior = 1.45
                float inputs:metallic.connect = </root/_materials/Antique_Rustic_Mantel_Clock_Glass/Image_Texture_001.outputs:r>
                normal3f inputs:normal.connect = </root/_materials/Antique_Rustic_Mantel_Clock_Glass/Image_Texture_003.outputs:rgb>
                float inputs:opacity = 0.36969697
                float inputs:roughness.connect = </root/_materials/Antique_Rustic_Mantel_Clock_Glass/Image_Texture_002.outputs:r>
                float inputs:specular = 0.5
                token outputs:surface
            }

            def Shader "Image_Texture"
            {
                uniform token info:id = "UsdUVTexture"
                asset inputs:file = @./textures/Antique Square Mantel Clock Type C Wood02_AlbedoTransparency.jpg@
                token inputs:sourceColorSpace = "sRGB"
                float2 inputs:st.connect = </root/_materials/Antique_Rustic_Mantel_Clock_Glass/uvmap.outputs:result>
                token inputs:wrapS = "repeat"
                token inputs:wrapT = "repeat"
                float3 outputs:rgb
            }

            def Shader "uvmap"
            {
                uniform token info:id = "UsdPrimvarReader_float2"
                string inputs:varname = "st"
                float2 outputs:result
            }

            def Shader "Image_Texture_001"
            {
                uniform token info:id = "UsdUVTexture"
                asset inputs:file = @./textures/Antique Square Mantel Clock Type C Wood02_Metallic.jpg@
                token inputs:sourceColorSpace = "raw"
                float2 inputs:st.connect = </root/_materials/Antique_Rustic_Mantel_Clock_Glass/uvmap.outputs:result>
                token inputs:wrapS = "repeat"
                token inputs:wrapT = "repeat"
                float outputs:r
            }

            def Shader "Image_Texture_002"
            {
                uniform token info:id = "UsdUVTexture"
                asset inputs:file = @./textures/Antique Square Mantel Clock Type C Wood02_Roughness.jpg@
                token inputs:sourceColorSpace = "raw"
                float2 inputs:st.connect = </root/_materials/Antique_Rustic_Mantel_Clock_Glass/uvmap.outputs:result>
                token inputs:wrapS = "repeat"
                token inputs:wrapT = "repeat"
                float outputs:r
            }

            def Shader "Image_Texture_003"
            {
                uniform token info:id = "UsdUVTexture"
                float4 inputs:bias = (-1, -1, -1, -1)
                asset inputs:file = @./textures/Antique Square Mantel Clock Type C Wood02_Normal.jpg@
                float4 inputs:scale = (2, 2, 2, 2)
                token inputs:sourceColorSpace = "raw"
                float2 inputs:st.connect = </root/_materials/Antique_Rustic_Mantel_Clock_Glass/uvmap.outputs:result>
                token inputs:wrapS = "repeat"
                token inputs:wrapT = "repeat"
                float3 outputs:rgb
            }
        }
    }

    def DomeLight "env_light"
    {
        float inputs:intensity = 1
        asset inputs:texture:file = @./textures/color_121212.hdr@
        float3 xformOp:rotateXYZ = (90, -0, 90)
        uniform token[] xformOpOrder = ["xformOp:rotateXYZ"]
    }
}

